source,code,product_name,allergen,lang,text,category,multilingual_uncovered,notes
1263_off_tag_eval,6111246721261,Fromage Blanc Nature,milk,fr,"Lait de vache pasteurisé, Protéines de lait de vache, Crème de lait de vache, Ferment lactique, Amidon, Epaississant, Sorbate de potassium",off_reference_label_limitation,False,
1263_off_tag_eval,6111242101180,uht jaouda 1L,tree_nut,fr,Lait entier,off_reference_label_limitation,False,
1263_off_tag_eval,3046920029759,Excellence Noir Prodigieux 90% Cacao,tree_nut,fr,"Pâte de cacao, beurre de cacao, cacao maigre, sucre, vanille.",off_reference_label_limitation,False,
1263_off_tag_eval,6111242100206,Le nature,milk,fr,"lait frais entier, poudre de lait écrémé, amidon, ferment lactique sélectionné",off_reference_label_limitation,False,
1263_off_tag_eval,3760049798609,Pain de mie grandes tranches Seigle & Graines 500g,egg,fr,"Farine de BLÉ* 41 % , eau, graines de lin brun 6,1 %, graines de lin jaune 6,1 %, graines de tournesol décortiquées 6 %, farine de SEIGLE 5,1 %, gluten de BLÉ, farine d'ORGE maltée torréfiée, levure, extrait de malt d'ORGE, sel, vinaigre, arôme naturel (contient alcool), conservateur : propionate de calcium, jus d'acérola déshydraté. Traces éventuelles de graines de sésame, soja, moutarde et fruits à coque. * Ingrédient issu du commerce équitable français.",off_reference_label_limitation,False,
1263_off_tag_eval,3760049798609,Pain de mie grandes tranches Seigle & Graines 500g,milk,fr,"Farine de BLÉ* 41 % , eau, graines de lin brun 6,1 %, graines de lin jaune 6,1 %, graines de tournesol décortiquées 6 %, farine de SEIGLE 5,1 %, gluten de BLÉ, farine d'ORGE maltée torréfiée, levure, extrait de malt d'ORGE, sel, vinaigre, arôme naturel (contient alcool), conservateur : propionate de calcium, jus d'acérola déshydraté. Traces éventuelles de graines de sésame, soja, moutarde et fruits à coque. * Ingrédient issu du commerce équitable français.",off_reference_label_limitation,False,
1263_off_tag_eval,3168930010265,cruesly mélange de noix,milk,fr,"_avoine_ complète (32%), _blé_ complet (18%), sirop de glucose, huile de tournesol, sucre, _amandes_ grillées (4,2%), _noisettes_ (4%), oligofructose, _noix de Pécan_ (1,5%), farine de _blé_, farine de riz, _noix du Brésil_ (1%), miel, arômes naturels, antioxydant (tocophérol).",off_reference_label_limitation,False,
1263_off_tag_eval,3168930010265,cruesly mélange de noix,sesame,fr,"_avoine_ complète (32%), _blé_ complet (18%), sirop de glucose, huile de tournesol, sucre, _amandes_ grillées (4,2%), _noisettes_ (4%), oligofructose, _noix de Pécan_ (1,5%), farine de _blé_, farine de riz, _noix du Brésil_ (1%), miel, arômes naturels, antioxydant (tocophérol).",off_reference_label_limitation,False,
1263_off_tag_eval,3168930010265,cruesly mélange de noix,soy,fr,"_avoine_ complète (32%), _blé_ complet (18%), sirop de glucose, huile de tournesol, sucre, _amandes_ grillées (4,2%), _noisettes_ (4%), oligofructose, _noix de Pécan_ (1,5%), farine de _blé_, farine de riz, _noix du Brésil_ (1%), miel, arômes naturels, antioxydant (tocophérol).",off_reference_label_limitation,False,
1263_off_tag_eval,8052575090254,Rigoni di Asiago - Nocciolata bio,tree_nut,fr,"Sucre*, pâte de noisettes* 18,5%, huile de tournesol*, lait écrémé en poudre*, cacao maigre en poudre* 6,5%, beurre de cacao*, émulsifiant: lécithine de soja*, extrait de vanille*, *Biologique",off_reference_label_limitation,False,
1263_off_tag_eval,5449000147417,Cappy PULPY,wheat_gluten,fr,"D 1Le BG: Негазирана напитка със сок от портокал от концентрат, с пулп от портокал, с добавен витамин С. Със захари и подсладители. Плодово съдържание 7%. Пастьоризирана. Съставки: вода, фруктозо-глюкозен сироп, пулп от портокал (4%), сок от портокал от концентрат (3%), киселина (лимонена киселина), витамин С (L-аскорбинова киселина), регулатор на киселинност (натриеви цитрати), ароматизанти, стабилизатори (акациева гума, глицеролови естери на дървесни смоли, алфа-токоферол), подсладители (цикламати, стевиолови гликозиди от стевия, ацесулфам К), оцветител (каротини). MD: Băuturà răcoritoare necarbogazoasă cu suc de portocale din concentrat (3%) si pulpă de portocale (4%), cu zaharuri si indulcitori. Produs pasteurizat. Ingrediente: apã, sirop de glucozã-fructozã, pulpã de portocale (4%), suc de portocale din concentrat (3%), acidifiant (acid citric), vitamina C (acid L-ascorbic), corector de aciditate (citrati de sodiu), arome, stabilizatori (guma de acacia, esteri glicerici ai rasinilor din lemn, alfa-tocoferol), indulcitori (ciclamati, glicozide steviolice din stevia, acesulfam-K), colorant (caroteni).",off_reference_label_limitation,False,
1263_off_tag_eval,3168930163480,Alvalle Gazpacho l'original,wheat_gluten,fr,"Tomate,poivron,concombre,oignon, huile d'olive vierge extra (2,2%),vinaigre de vin,sel,ail,jus de citron,teneur en légumes: 94%",off_reference_label_limitation,False,
1263_off_tag_eval,3029330022428,14 Maxi Tranches complet sans sucres ajoutés,egg,fr,"Farine complète de blé (63%), eau, farine de blé (2,2%), huile de colga, Levure, arôme naturel (contient alcool), sel, farine de maïs fermentée, gluten de blé, jus d'acérola en poudre. Contient des sucres naturellement présents. Une recette sans huile de palme pour des pains de mie moelleux. Con vient à un régime végétalien. pour 1 portion %AR* pour (1 tranche ÉTIQUETAGE NUTRITIONNEL 100 g par =39,3g) portion 410 97 f Valeur 1020 kJ énergétique",off_reference_label_limitation,False,
1263_off_tag_eval,3029330022428,14 Maxi Tranches complet sans sucres ajoutés,sesame,fr,"Farine complète de blé (63%), eau, farine de blé (2,2%), huile de colga, Levure, arôme naturel (contient alcool), sel, farine de maïs fermentée, gluten de blé, jus d'acérola en poudre. Contient des sucres naturellement présents. Une recette sans huile de palme pour des pains de mie moelleux. Con vient à un régime végétalien. pour 1 portion %AR* pour (1 tranche ÉTIQUETAGE NUTRITIONNEL 100 g par =39,3g) portion 410 97 f Valeur 1020 kJ énergétique",off_reference_label_limitation,False,
1263_off_tag_eval,3029330022428,14 Maxi Tranches complet sans sucres ajoutés,milk,fr,"Farine complète de blé (63%), eau, farine de blé (2,2%), huile de colga, Levure, arôme naturel (contient alcool), sel, farine de maïs fermentée, gluten de blé, jus d'acérola en poudre. Contient des sucres naturellement présents. Une recette sans huile de palme pour des pains de mie moelleux. Con vient à un régime végétalien. pour 1 portion %AR* pour (1 tranche ÉTIQUETAGE NUTRITIONNEL 100 g par =39,3g) portion 410 97 f Valeur 1020 kJ énergétique",off_reference_label_limitation,False,
1263_off_tag_eval,42104964,Ciel 33cl,tree_nut,en,ماء مصفى (معالج ومنضح) وأملاح معدنية (ماغنسيوم),off_reference_label_limitation,False,
1263_off_tag_eval,3760049794298,Pain de mie Bio grandes tranches céréales & graines 500g,egg,fr,"Farine de BLE*/** 51%, eau, levain de BLE */** et de SEIGLE * 9,6%, huile de tournesol*/** 4,4%, sucre de canne roux*, levure, graines de tournesol décortiquées* 3,3%, graines de lin brun* 2,7%, flocons de BLE* 2,7%, farine de SEIGLE* 1,6%, graines de millet décortiquées* 1,6%, gluten de BLE*, sel, arôme naturel* (contient alcool*), farine d'ORGE maltée torréfiée* 0,2%. Traces éventuelles de soja, moutarde et graines de sésame. * Ingrédients issus de l'Agriculture Biologique.",off_reference_label_limitation,False,
1263_off_tag_eval,3760049794298,Pain de mie Bio grandes tranches céréales & graines 500g,milk,fr,"Farine de BLE*/** 51%, eau, levain de BLE */** et de SEIGLE * 9,6%, huile de tournesol*/** 4,4%, sucre de canne roux*, levure, graines de tournesol décortiquées* 3,3%, graines de lin brun* 2,7%, flocons de BLE* 2,7%, farine de SEIGLE* 1,6%, graines de millet décortiquées* 1,6%, gluten de BLE*, sel, arôme naturel* (contient alcool*), farine d'ORGE maltée torréfiée* 0,2%. Traces éventuelles de soja, moutarde et graines de sésame. * Ingrédients issus de l'Agriculture Biologique.",off_reference_label_limitation,False,
1263_off_tag_eval,8052575090230,Nocciolata,tree_nut,en,"raw sugar, hazelnut paste 18,5%, sunflower oil, skimmed milk powder, low-fat cocoa powder 6,5%, cocoa butter, emulsifier: soy lecithin, vanilla extract",off_reference_label_limitation,False,
1263_off_tag_eval,3327272107969,Menguy's Peanut 100%,wheat_gluten,fr,Cacahuetes 100%,off_reference_label_limitation,False,
1263_off_tag_eval,3327272107969,Menguy's Peanut 100%,tree_nut,fr,Cacahuetes 100%,off_reference_label_limitation,False,
1263_off_tag_eval,3327272107969,Menguy's Peanut 100%,soy,fr,Cacahuetes 100%,off_reference_label_limitation,False,
1263_off_tag_eval,8076809513753,PESTO alla GENOVESE,tree_nut,en,"sunflower oil, fresh basil 30%, cashew nuts, parmigiano reggiano pdo cheese 5%, (milk), maize fibre, whey powder (milk), salt, milk protein, extra virgin olive oil, sugar, basil extract, natural flavourings (milk), acidity regulator: lactic acid, garlic",off_reference_label_limitation,False,
1263_off_tag_eval,3175681851849,Pomme Noisette,milk,fr,"Farine de blé 68,6%, huile de colza, sirop de sucres issu de fruits, jus de pomme concentré 5,3%, noisettes torréfiées 5,3%, germe de blé 5,2%, fibres de chicorée, extrait de malt d'orge, arôme naturel de pomme, émulsifiant : lécithines, poudres à lever (carbonates de potassium, tartrates de potassium), amidon de blé, vitamines (E, PP, B2, B6, B1, B9).",off_reference_label_limitation,False,
1263_off_tag_eval,3175681851849,Pomme Noisette,sesame,fr,"Farine de blé 68,6%, huile de colza, sirop de sucres issu de fruits, jus de pomme concentré 5,3%, noisettes torréfiées 5,3%, germe de blé 5,2%, fibres de chicorée, extrait de malt d'orge, arôme naturel de pomme, émulsifiant : lécithines, poudres à lever (carbonates de potassium, tartrates de potassium), amidon de blé, vitamines (E, PP, B2, B6, B1, B9).",off_reference_label_limitation,False,
1263_off_tag_eval,3175681851849,Pomme Noisette,tree_nut,fr,"Farine de blé 68,6%, huile de colza, sirop de sucres issu de fruits, jus de pomme concentré 5,3%, noisettes torréfiées 5,3%, germe de blé 5,2%, fibres de chicorée, extrait de malt d'orge, arôme naturel de pomme, émulsifiant : lécithines, poudres à lever (carbonates de potassium, tartrates de potassium), amidon de blé, vitamines (E, PP, B2, B6, B1, B9).",off_reference_label_limitation,False,
1263_off_tag_eval,3175681851849,Pomme Noisette,soy,fr,"Farine de blé 68,6%, huile de colza, sirop de sucres issu de fruits, jus de pomme concentré 5,3%, noisettes torréfiées 5,3%, germe de blé 5,2%, fibres de chicorée, extrait de malt d'orge, arôme naturel de pomme, émulsifiant : lécithines, poudres à lever (carbonates de potassium, tartrates de potassium), amidon de blé, vitamines (E, PP, B2, B6, B1, B9).",off_reference_label_limitation,False,
1263_off_tag_eval,3251490332080,Figue & son,milk,fr,"Farine complète de blé 26,5%, farine de blé 26,1%, son de blé 20%, huile de colza, sucre non raffiné, pâte de figues 5,1%, arôme naturel de figue, poudres à lever (carbonates de potassium, carbonates de sodium, acide citrique), arôme naturel, émulsifiant: lécithines.",off_reference_label_limitation,False,
1263_off_tag_eval,3251490332080,Figue & son,sesame,fr,"Farine complète de blé 26,5%, farine de blé 26,1%, son de blé 20%, huile de colza, sucre non raffiné, pâte de figues 5,1%, arôme naturel de figue, poudres à lever (carbonates de potassium, carbonates de sodium, acide citrique), arôme naturel, émulsifiant: lécithines.",off_reference_label_limitation,False,
1263_off_tag_eval,3251490332080,Figue & son,tree_nut,fr,"Farine complète de blé 26,5%, farine de blé 26,1%, son de blé 20%, huile de colza, sucre non raffiné, pâte de figues 5,1%, arôme naturel de figue, poudres à lever (carbonates de potassium, carbonates de sodium, acide citrique), arôme naturel, émulsifiant: lécithines.",off_reference_label_limitation,False,
1263_off_tag_eval,3251490332080,Figue & son,soy,fr,"Farine complète de blé 26,5%, farine de blé 26,1%, son de blé 20%, huile de colza, sucre non raffiné, pâte de figues 5,1%, arôme naturel de figue, poudres à lever (carbonates de potassium, carbonates de sodium, acide citrique), arôme naturel, émulsifiant: lécithines.",off_reference_label_limitation,False,
1263_off_tag_eval,6111032001003,Assil vanille,milk,fr,"ليوغور م.د,%2. مصنوع إخط قد يمكن أن يحتوي على الگلوتين، الجوز والبندق. 2.",off_reference_label_limitation,False,
1263_off_tag_eval,3608580065340,Pâte à tartiner noisettes et cacao,tree_nut,fr,"sucre, _noisettes_ 20%, huiles végétales (tournesol, colza), _lait_ écrémé en poudre, cacao maigre en poudre 5,5%, beurre de cacao, émulsifiant : lécithine de tournesol, extrait de vanille.

Peut contenir d'autres _fruits à coque_.",section_splitting_context_gap,False,
1263_off_tag_eval,8410376009392,Печиво zero sugar free,milk,en,"whole  wheat  flour 57,5 %, sweetener (maltitol), vegetable oil 16,5 % (sunflower high oleic), vegetable fibre 3,5 %, pea fiber 3,5 %, raising agents (sodium hydrogen carbonate and ammonium hydrogen carbonate), emulsifier ( soya  lecithin), salt, flavours,",off_reference_label_limitation,False,
1263_off_tag_eval,8076809523547,PESTO ROSSO,tree_nut,en,"Tomato pulp 37%, sunflower oil, tomato concentrate 15%, Grana Padano PDO cheese (milk, lysozyme from egg), cashews, sugar, salt, basil, Balsamic Vinegar of Modena (wine vinegar, cooked grape must) 2%, whey powder (milk), Pecorino Romano PDO cheese (sheep's milk), rice starch, garlic, acidity regulator: lactic acid, natural flavouring (milk).",off_reference_label_limitation,False,
1263_off_tag_eval,3760091727732,Beurre bio cacahuète,tree_nut,fr,Arachide* 100%,off_reference_label_limitation,False,
1263_off_tag_eval,3229820019307,Flocons d'avoine,milk,fr,Flocons d'_avoine_ complète issue de l'agriculture biologique.,off_reference_label_limitation,False,
1263_off_tag_eval,3229820019307,Flocons d'avoine,sesame,fr,Flocons d'_avoine_ complète issue de l'agriculture biologique.,off_reference_label_limitation,False,
1263_off_tag_eval,3229820019307,Flocons d'avoine,tree_nut,fr,Flocons d'_avoine_ complète issue de l'agriculture biologique.,off_reference_label_limitation,False,
1263_off_tag_eval,3229820019307,Flocons d'avoine,soy,fr,Flocons d'_avoine_ complète issue de l'agriculture biologique.,off_reference_label_limitation,False,
1263_off_tag_eval,3608580124047,Be Nuts ! - Pâte à tartiner Cacahuète,tree_nut,fr,"Cacahuètes torréfiées 81% sucre, beurre de cacao, huile de tournesol. sel, extrait de vanille, émulsifiant : lécithine de tournesol",off_reference_label_limitation,False,
1263_off_tag_eval,3175681851856,Biscuit raisins,milk,fr,"Farine de blé 60,4%, huile de colza, sucre non raffiné, pâte de raisins 6,9%, germe de blé 5,1%, amidon de blé, raisins secs 2,8%, fibres de blé, magnésium, émulsifiant lécithines, poudres à lever (tartrates de potassium, carbonates de sodium), arôme naturel, vitamines (B1, B6, B9, D, E).",off_reference_label_limitation,False,
1263_off_tag_eval,3175681851856,Biscuit raisins,sesame,fr,"Farine de blé 60,4%, huile de colza, sucre non raffiné, pâte de raisins 6,9%, germe de blé 5,1%, amidon de blé, raisins secs 2,8%, fibres de blé, magnésium, émulsifiant lécithines, poudres à lever (tartrates de potassium, carbonates de sodium), arôme naturel, vitamines (B1, B6, B9, D, E).",off_reference_label_limitation,False,
1263_off_tag_eval,3175681851856,Biscuit raisins,tree_nut,fr,"Farine de blé 60,4%, huile de colza, sucre non raffiné, pâte de raisins 6,9%, germe de blé 5,1%, amidon de blé, raisins secs 2,8%, fibres de blé, magnésium, émulsifiant lécithines, poudres à lever (tartrates de potassium, carbonates de sodium), arôme naturel, vitamines (B1, B6, B9, D, E).",off_reference_label_limitation,False,
1263_off_tag_eval,3175681851856,Biscuit raisins,soy,fr,"Farine de blé 60,4%, huile de colza, sucre non raffiné, pâte de raisins 6,9%, germe de blé 5,1%, amidon de blé, raisins secs 2,8%, fibres de blé, magnésium, émulsifiant lécithines, poudres à lever (tartrates de potassium, carbonates de sodium), arôme naturel, vitamines (B1, B6, B9, D, E).",off_reference_label_limitation,False,
1263_off_tag_eval,3229820129488,"Muesli Raisin, Figue, Datte, Abricot",milk,fr,"Flocons d'avoine* complète, Flocons de blé* complet, Raisins 8% (raisins*, huile de tournesol*), Figues* séchées 8% (figues*, farine de riz*), Flocons d'épeautre* complet, Pétales de maïs*, Dattes* 4 % (dattes*, farine de riz*), Abricots* secs 3% (abricots*, farine de riz*), Graines de tournesol*, Pétales d'épeautre* complet, Graines de lin*, Graines de courge*.
 
 *Ingrédients biologiques.",off_reference_label_limitation,False,
1263_off_tag_eval,3229820129488,"Muesli Raisin, Figue, Datte, Abricot",sesame,fr,"Flocons d'avoine* complète, Flocons de blé* complet, Raisins 8% (raisins*, huile de tournesol*), Figues* séchées 8% (figues*, farine de riz*), Flocons d'épeautre* complet, Pétales de maïs*, Dattes* 4 % (dattes*, farine de riz*), Abricots* secs 3% (abricots*, farine de riz*), Graines de tournesol*, Pétales d'épeautre* complet, Graines de lin*, Graines de courge*.
 
 *Ingrédients biologiques.",off_reference_label_limitation,False,
1263_off_tag_eval,3229820129488,"Muesli Raisin, Figue, Datte, Abricot",tree_nut,fr,"Flocons d'avoine* complète, Flocons de blé* complet, Raisins 8% (raisins*, huile de tournesol*), Figues* séchées 8% (figues*, farine de riz*), Flocons d'épeautre* complet, Pétales de maïs*, Dattes* 4 % (dattes*, farine de riz*), Abricots* secs 3% (abricots*, farine de riz*), Graines de tournesol*, Pétales d'épeautre* complet, Graines de lin*, Graines de courge*.
 
 *Ingrédients biologiques.",off_reference_label_limitation,False,
1263_off_tag_eval,3229820129488,"Muesli Raisin, Figue, Datte, Abricot",soy,fr,"Flocons d'avoine* complète, Flocons de blé* complet, Raisins 8% (raisins*, huile de tournesol*), Figues* séchées 8% (figues*, farine de riz*), Flocons d'épeautre* complet, Pétales de maïs*, Dattes* 4 % (dattes*, farine de riz*), Abricots* secs 3% (abricots*, farine de riz*), Graines de tournesol*, Pétales d'épeautre* complet, Graines de lin*, Graines de courge*.
 
 *Ingrédients biologiques.",off_reference_label_limitation,False,
1263_off_tag_eval,3362600011044,Henry’s,milk,fr,"Farine de froment, sucre, graisse végétale, sucre inverti, agents levants ( bicarbonate d'ammonium - bicarbonate de sodium), sel, arome.",off_reference_label_limitation,False,
1263_off_tag_eval,3362600011044,Henry’s,soy,fr,"Farine de froment, sucre, graisse végétale, sucre inverti, agents levants ( bicarbonate d'ammonium - bicarbonate de sodium), sel, arome.",off_reference_label_limitation,False,
1263_off_tag_eval,8000500426494,Nutella Plant-Based,milk,en,"sugar, palm oil, hazelnuts 13%, chickpeas, fat-reduced cocoa powder 7,4%, rice syrup powder, lecithins [soya], salt, flavourings,",off_reference_label_limitation,False,
1263_off_tag_eval,20724696,Amandes décortiquées,tree_nut,en,shelled almonds,off_reference_label_limitation,False,
1263_off_tag_eval,20724696,Amandes décortiquées,peanut,en,shelled almonds,off_reference_label_limitation,False,
1263_off_tag_eval,5410041001204,Tuc Original,milk,en,"wheat  flour, palm oil, glucose syrup,  barley  malt extract, raising agents (ammonium carbonates, sodium carbonates), salt,  eggs , flavouring, flour treatment agent (sodium  metabisulfite ),",off_reference_label_limitation,False,
1263_off_tag_eval,5410041001204,Tuc Original,soy,en,"wheat  flour, palm oil, glucose syrup,  barley  malt extract, raising agents (ammonium carbonates, sodium carbonates), salt,  eggs , flavouring, flour treatment agent (sodium  metabisulfite ),",off_reference_label_limitation,False,
1263_off_tag_eval,20995553,Шоколад 85% какаова маса,milk,bg,"Какаова маса, нискомаслено какао на прах, какаово масло, захар, емулгатор: лецитин (соеви), екстракт от ванилия, Може да съдържа следи от ядки и мляко,",off_reference_label_limitation,True,
1263_off_tag_eval,20995553,Шоколад 85% какаова маса,tree_nut,bg,"Какаова маса, нискомаслено какао на прах, какаово масло, захар, емулгатор: лецитин (соеви), екстракт от ванилия, Може да съдържа следи от ядки и мляко,",off_reference_label_limitation,True,
1263_off_tag_eval,5010477348678,Special Muesli 30% fruits & noix,wheat_gluten,fr,"Céréales complètes (59%) (flocons d'_avoine_, flocons de _blé_, flocons de _blé_ grillés), fruits secs (30%)  (raisins secs, raisins de sultane, abricots secs hachés, tranches de pommes séchées, éclats de noix de coco grillés, _noisettes_ hachées grillées, _amandes_ effilées), flocons d'_orge_, graines de tournesol.",off_reference_label_limitation,False,
1263_off_tag_eval,5010477348678,Special Muesli 30% fruits & noix,tree_nut,fr,"Céréales complètes (59%) (flocons d'_avoine_, flocons de _blé_, flocons de _blé_ grillés), fruits secs (30%)  (raisins secs, raisins de sultane, abricots secs hachés, tranches de pommes séchées, éclats de noix de coco grillés, _noisettes_ hachées grillées, _amandes_ effilées), flocons d'_orge_, graines de tournesol.",off_reference_label_limitation,False,
1263_off_tag_eval,3229820794525,Avoine chocolat,soy,fr,"Flocons d'avoine* 31%, farine de blé*, huile de colza*, sucre de canne* non raffiné, pépites de chocolat noir* 9% (sucre de canne*, pâte de cacao*, beurre de cacao*), billettes de riz soufflé (farine de riz*, sel), fibres d'acacia*, extrait de cacao*, cacao* maigre en poudre, poudres à lever (carbonates d'ammonium, carbonates de sodium), jaune d'œuf* en poudre, sel marin, antioxydant (extraits de romarin*). Ingrédients biologiques.",off_reference_label_limitation,False,
1263_off_tag_eval,3229820794525,Avoine chocolat,milk,fr,"Flocons d'avoine* 31%, farine de blé*, huile de colza*, sucre de canne* non raffiné, pépites de chocolat noir* 9% (sucre de canne*, pâte de cacao*, beurre de cacao*), billettes de riz soufflé (farine de riz*, sel), fibres d'acacia*, extrait de cacao*, cacao* maigre en poudre, poudres à lever (carbonates d'ammonium, carbonates de sodium), jaune d'œuf* en poudre, sel marin, antioxydant (extraits de romarin*). Ingrédients biologiques.",off_reference_label_limitation,False,
1263_off_tag_eval,3229820794525,Avoine chocolat,sesame,fr,"Flocons d'avoine* 31%, farine de blé*, huile de colza*, sucre de canne* non raffiné, pépites de chocolat noir* 9% (sucre de canne*, pâte de cacao*, beurre de cacao*), billettes de riz soufflé (farine de riz*, sel), fibres d'acacia*, extrait de cacao*, cacao* maigre en poudre, poudres à lever (carbonates d'ammonium, carbonates de sodium), jaune d'œuf* en poudre, sel marin, antioxydant (extraits de romarin*). Ingrédients biologiques.",off_reference_label_limitation,False,
1263_off_tag_eval,3229820794525,Avoine chocolat,tree_nut,fr,"Flocons d'avoine* 31%, farine de blé*, huile de colza*, sucre de canne* non raffiné, pépites de chocolat noir* 9% (sucre de canne*, pâte de cacao*, beurre de cacao*), billettes de riz soufflé (farine de riz*, sel), fibres d'acacia*, extrait de cacao*, cacao* maigre en poudre, poudres à lever (carbonates d'ammonium, carbonates de sodium), jaune d'œuf* en poudre, sel marin, antioxydant (extraits de romarin*). Ingrédients biologiques.",off_reference_label_limitation,False,
1263_off_tag_eval,3229820794525,Avoine chocolat,peanut,fr,"Flocons d'avoine* 31%, farine de blé*, huile de colza*, sucre de canne* non raffiné, pépites de chocolat noir* 9% (sucre de canne*, pâte de cacao*, beurre de cacao*), billettes de riz soufflé (farine de riz*, sel), fibres d'acacia*, extrait de cacao*, cacao* maigre en poudre, poudres à lever (carbonates d'ammonium, carbonates de sodium), jaune d'œuf* en poudre, sel marin, antioxydant (extraits de romarin*). Ingrédients biologiques.",off_reference_label_limitation,False,
1263_off_tag_eval,3229820787015,Amande sans sucres,tree_nut,fr,"Lait d'amandes (eau, amandes 2,8%), amidon de riz, arôme naturel d'amande, sel marin, stabilisants (gomme guar, gomme xanthane).",off_reference_label_limitation,False,
1263_off_tag_eval,3229820792132,Avoine,tree_nut,fr,"Eau, Avoine* 11%, Huile de tournesol*, Sel marin. *Ingrédients biologiques.",off_reference_label_limitation,False,
1263_off_tag_eval,3256540000698,Pains au lait,tree_nut,fr,"Farine de _blé_ 43%, Levain 21% (Farine de _blé_ 11%, Eau, Sel), Sucre, _Œufs_ frais 11%, _Beurre_ pâtissier, Huile de colza, Levure, _Lait_ écrémé en poudre (Équivalent à 10% de lait écrémé reconstitué), Émulsifiant: mono et diglycérides d'acides gras, Sel, Protéines de _blé_, _Gluten_ de blé, Extrait de carotte, Agent de traitement de la farine : acide ascorbique, Protéines de _lait_",off_reference_label_limitation,False,
1263_off_tag_eval,3256540000698,Pains au lait,peanut,fr,"Farine de _blé_ 43%, Levain 21% (Farine de _blé_ 11%, Eau, Sel), Sucre, _Œufs_ frais 11%, _Beurre_ pâtissier, Huile de colza, Levure, _Lait_ écrémé en poudre (Équivalent à 10% de lait écrémé reconstitué), Émulsifiant: mono et diglycérides d'acides gras, Sel, Protéines de _blé_, _Gluten_ de blé, Extrait de carotte, Agent de traitement de la farine : acide ascorbique, Protéines de _lait_",off_reference_label_limitation,False,
1263_off_tag_eval,3256540000698,Pains au lait,soy,fr,"Farine de _blé_ 43%, Levain 21% (Farine de _blé_ 11%, Eau, Sel), Sucre, _Œufs_ frais 11%, _Beurre_ pâtissier, Huile de colza, Levure, _Lait_ écrémé en poudre (Équivalent à 10% de lait écrémé reconstitué), Émulsifiant: mono et diglycérides d'acides gras, Sel, Protéines de _blé_, _Gluten_ de blé, Extrait de carotte, Agent de traitement de la farine : acide ascorbique, Protéines de _lait_",off_reference_label_limitation,False,
1263_off_tag_eval,20267605,Anacardo/Castanha-de-caju natural,tree_nut,en,cashews,off_reference_label_limitation,False,
1263_off_tag_eval,20267605,Anacardo/Castanha-de-caju natural,peanut,en,cashews,off_reference_label_limitation,False,
1263_off_tag_eval,3175680015228,Levure de bière,egg,fr,"Levure de bière 93%, extrait de malt d'orge 7%",off_reference_label_limitation,False,
1263_off_tag_eval,3175680015228,Levure de bière,soy,fr,"Levure de bière 93%, extrait de malt d'orge 7%",off_reference_label_limitation,False,
1263_off_tag_eval,3175680015228,Levure de bière,milk,fr,"Levure de bière 93%, extrait de malt d'orge 7%",off_reference_label_limitation,False,
1263_off_tag_eval,3175680015228,Levure de bière,sesame,fr,"Levure de bière 93%, extrait de malt d'orge 7%",off_reference_label_limitation,False,
1263_off_tag_eval,3175680015228,Levure de bière,tree_nut,fr,"Levure de bière 93%, extrait de malt d'orge 7%",off_reference_label_limitation,False,
1263_off_tag_eval,5411188110835,"Alpro Mandeldrink, Original 1L",tree_nut,de,"Wasser, MANDELN (2,3%), Zucker, Calcium (Tricalciumphosphat), Meersalz, Stabilisatoren (Johannisbrotkernmehl, Gellan), Emulgator (Lecithine), natürliches Aroma, Vitamine (B2, B12, E, D2). Mandeln aus Spanien. Kann Spuren von Schalenfrüchten (keine Erdnüsse) enthalten.",ontology_dictionary_gap,False,
1263_off_tag_eval,3587220002252,La gâche tranchée,tree_nut,fr,"Farine de blé 52%, sucre, beurre frais 10%, œufs entiers frais 8%, eau, crème fraîche 3%, sel, arômes naturels (contient alcool), levure, gluten de blé, eau de vie, protéines de lait(E471), levure désactivée, colorant (béta carotène)",off_reference_label_limitation,False,
1263_off_tag_eval,7613036669146,NESTLE CHOCAPIC BIO Céréales - Boite de 375g,peanut,fr,"Farine de BLÉ complet* 34,8 %, chocolat en poudre 23,9 % (sucre*, cacao en poudre**), farine de BLÉ*, semoule de maïs*, sirop de glucose*, extrait de malt d'ORGE*, huile de tournesol*, sel, arôme naturel de vanille, arôme naturel de cannelle. Peut contenir du LAIT et des FRUITS À COQUE. *ingrédients issus de l'agriculture biologique. **Bilan massique certifié Rainforest Alliance. www.ra.org/fr. Nestlé achète une quantité de cacao certifié Rainforest Alliance équivalente à celle nécessaire pour ce produit.",off_reference_label_limitation,False,
1263_off_tag_eval,6111037000599,Familia 200g,tree_nut,fr,"Margarine allégée (60%M.G.):Corps gras et huiles 100% végétales, eau, sel (1%), lécithine (E322), Monoglycéride (E471), Amidon, Sorbate de potassium (E202), Acide citrique (E330), Arôme, Antioxydant (E321), Colorant, Vitamines. Contient du soja.",off_reference_label_limitation,False,
1263_off_tag_eval,20047238,Nussmix,tree_nut,de,"25% Walnusskerne, 25% Haselnusskerne, 25% Cashewkerne, 25% blanchierte Mandeln. Kann Spuren von anderen Schalenfrüchten und Erdnüssen enthalten.",ontology_dictionary_gap,False,
1263_off_tag_eval,20047238,Nussmix,peanut,de,"25% Walnusskerne, 25% Haselnusskerne, 25% Cashewkerne, 25% blanchierte Mandeln. Kann Spuren von anderen Schalenfrüchten und Erdnüssen enthalten.",ontology_dictionary_gap,False,
1263_off_tag_eval,3046920029780,Excellence Noir Subtil Doux 70% Cacao,milk,nl,"Kakaomasse, Zucker, Kakaobutter, Emulgator (Sojalecithin), Vanille. Kann Haselnüsse, Mandeln, Milch enthalten.",trace_marker_detection_gap,False,
1263_off_tag_eval,3046920029780,Excellence Noir Subtil Doux 70% Cacao,tree_nut,nl,"Kakaomasse, Zucker, Kakaobutter, Emulgator (Sojalecithin), Vanille. Kann Haselnüsse, Mandeln, Milch enthalten.",trace_marker_detection_gap,False,
1263_off_tag_eval,3175681851863,Biscuits Soja Figue,egg,fr,"Farine de blé 43,9%, huile de colza, sucre non raffiné, flocons de soja toastés 10,3%, farine complète de blé 9,3%, pâte de figues 6,1%, germe de blé 5,5%, fibre de blé, émulsifiant : lécithines, poudres à lever (carbonates de potassium, acide citrique), magnésium, arôme naturel, calcium, arôme naturel de figue, amidon de blé, vitamines (E, PP, B5, B1, B6, B9).",off_reference_label_limitation,False,
1263_off_tag_eval,3175681851863,Biscuits Soja Figue,sesame,fr,"Farine de blé 43,9%, huile de colza, sucre non raffiné, flocons de soja toastés 10,3%, farine complète de blé 9,3%, pâte de figues 6,1%, germe de blé 5,5%, fibre de blé, émulsifiant : lécithines, poudres à lever (carbonates de potassium, acide citrique), magnésium, arôme naturel, calcium, arôme naturel de figue, amidon de blé, vitamines (E, PP, B5, B1, B6, B9).",off_reference_label_limitation,False,
1263_off_tag_eval,3175681851863,Biscuits Soja Figue,tree_nut,fr,"Farine de blé 43,9%, huile de colza, sucre non raffiné, flocons de soja toastés 10,3%, farine complète de blé 9,3%, pâte de figues 6,1%, germe de blé 5,5%, fibre de blé, émulsifiant : lécithines, poudres à lever (carbonates de potassium, acide citrique), magnésium, arôme naturel, calcium, arôme naturel de figue, amidon de blé, vitamines (E, PP, B5, B1, B6, B9).",off_reference_label_limitation,False,
1263_off_tag_eval,3175681851863,Biscuits Soja Figue,milk,fr,"Farine de blé 43,9%, huile de colza, sucre non raffiné, flocons de soja toastés 10,3%, farine complète de blé 9,3%, pâte de figues 6,1%, germe de blé 5,5%, fibre de blé, émulsifiant : lécithines, poudres à lever (carbonates de potassium, acide citrique), magnésium, arôme naturel, calcium, arôme naturel de figue, amidon de blé, vitamines (E, PP, B5, B1, B6, B9).",off_reference_label_limitation,False,
1263_off_tag_eval,4056489007180,pain de mie grandes tranches spécial sandwich complet,milk,fr,"Farine de _blé_ complet 60%, eau, farine de _blé_, huile de colza, sucre, levure, sel, farine de fève, correcteur d'acidité (acétates de sodium), arôme naturel, alcool",off_reference_label_limitation,False,
1263_off_tag_eval,4056489007180,pain de mie grandes tranches spécial sandwich complet,soy,fr,"Farine de _blé_ complet 60%, eau, farine de _blé_, huile de colza, sucre, levure, sel, farine de fève, correcteur d'acidité (acétates de sodium), arôme naturel, alcool",off_reference_label_limitation,False,
1263_off_tag_eval,3362600011228,Sable coco Henry s 42g,soy,fr,"Farine de _froment_, sucre, graisse végétale, noix de coco râpée, poudre de _lait_, poudre de _lactosérum_, sucre inverti, agents levants (bicarbonate d'ammonium - bicarbonate de Sodium), sel, arômes.",off_reference_label_limitation,False,
1263_off_tag_eval,3175680011534,Biscuit lait chocolat,egg,fr,"Farine de blé 53,5%, sucre non raffiné, huile de colza, pépites de chocolat 8,4% (pâte de cacao¹, sucre, beurre de cacao', émulsifiant: lécithines (soja)), germe de blé 5,5%, farine de maïs, lait fermenté écrémé pasteurisé en poudre 2,6%, poudres à lever (tartrates de potassium, carbonates de sodium, carbonates d'ammonium), fibres d'avoine, magnésium, arôme naturel, sel de mer, émulsifiant: lécithines, amidon de blé, vitamines (E, B6, B9).",off_reference_label_limitation,False,
1263_off_tag_eval,3175680011534,Biscuit lait chocolat,sesame,fr,"Farine de blé 53,5%, sucre non raffiné, huile de colza, pépites de chocolat 8,4% (pâte de cacao¹, sucre, beurre de cacao', émulsifiant: lécithines (soja)), germe de blé 5,5%, farine de maïs, lait fermenté écrémé pasteurisé en poudre 2,6%, poudres à lever (tartrates de potassium, carbonates de sodium, carbonates d'ammonium), fibres d'avoine, magnésium, arôme naturel, sel de mer, émulsifiant: lécithines, amidon de blé, vitamines (E, B6, B9).",off_reference_label_limitation,False,
1263_off_tag_eval,3175680011534,Biscuit lait chocolat,tree_nut,fr,"Farine de blé 53,5%, sucre non raffiné, huile de colza, pépites de chocolat 8,4% (pâte de cacao¹, sucre, beurre de cacao', émulsifiant: lécithines (soja)), germe de blé 5,5%, farine de maïs, lait fermenté écrémé pasteurisé en poudre 2,6%, poudres à lever (tartrates de potassium, carbonates de sodium, carbonates d'ammonium), fibres d'avoine, magnésium, arôme naturel, sel de mer, émulsifiant: lécithines, amidon de blé, vitamines (E, B6, B9).",off_reference_label_limitation,False,
1263_off_tag_eval,6111032001010,DANONE ASSIL BANANE,tree_nut,fr,"يوغورت عاقد - ا سکر. قشدة، زبدة، نكهة، خمائر حليبية لليوغورت. م. د: %1.80 مصنوع ف خط قد يمكن أن يحتوي على الكلوتين و الفستوه رقم الاعتماد الصحي 0NSSA ؛ 2.1,13 LPL الوزن الصافي : 10 لمكونات حليب بدون قشدة، مسحوق الحليب بدون قشدة تصنوع خط قد 4e ستطرال - دانون - طريق قنيطردره تارية الإفتاج - تاريخ ادتهاء انعز وع 6با علي لا عو ر ek TT10322 OO TO",off_reference_label_limitation,False,
1263_off_tag_eval,5010477348357,Country Crisp 4 noix,wheat_gluten,fr,"Céréales complètes (48%) (flocons d'_avoine_, farine d'_avoine_), sucre, noix (14%) (_noisettes_ grillées en morceaux et entières, _amandes_ effilées et entières, morceaux de _noix du Brésil_, éclats de _noix de pécan_), flocons d'_orge_, huile végétale (huile de colza, huile de tournesol), farine de riz, noix de coco séchée, arôme naturel.",off_reference_label_limitation,False,
1263_off_tag_eval,5010477348357,Country Crisp 4 noix,tree_nut,fr,"Céréales complètes (48%) (flocons d'_avoine_, farine d'_avoine_), sucre, noix (14%) (_noisettes_ grillées en morceaux et entières, _amandes_ effilées et entières, morceaux de _noix du Brésil_, éclats de _noix de pécan_), flocons d'_orge_, huile végétale (huile de colza, huile de tournesol), farine de riz, noix de coco séchée, arôme naturel.",off_reference_label_limitation,False,
1263_off_tag_eval,5449000036872,Hawai Tropical,tree_nut,ar,"ماء غازي, سكر, مركز عصير البرتقال, محليات, مواد حافظة, مثبت, نكهات طبيعية",off_reference_label_limitation,False,
1263_off_tag_eval,3229820021027,P'tit Nature Complet,egg,fr,"Farine complète de blé* 76,8%, Sucre de canne* roux, Huile de colza*, Amidon de blé*, Poudre à lever (carbonates d'ammonium), Sel marin, Arôme naturel de vanille, Antioxydant (extraits de romarin).",off_reference_label_limitation,False,
1263_off_tag_eval,3229820021027,P'tit Nature Complet,sesame,fr,"Farine complète de blé* 76,8%, Sucre de canne* roux, Huile de colza*, Amidon de blé*, Poudre à lever (carbonates d'ammonium), Sel marin, Arôme naturel de vanille, Antioxydant (extraits de romarin).",off_reference_label_limitation,False,
1263_off_tag_eval,3229820021027,P'tit Nature Complet,milk,fr,"Farine complète de blé* 76,8%, Sucre de canne* roux, Huile de colza*, Amidon de blé*, Poudre à lever (carbonates d'ammonium), Sel marin, Arôme naturel de vanille, Antioxydant (extraits de romarin).",off_reference_label_limitation,False,
1263_off_tag_eval,3229820021027,P'tit Nature Complet,soy,fr,"Farine complète de blé* 76,8%, Sucre de canne* roux, Huile de colza*, Amidon de blé*, Poudre à lever (carbonates d'ammonium), Sel marin, Arôme naturel de vanille, Antioxydant (extraits de romarin).",off_reference_label_limitation,False,
1263_off_tag_eval,3272770098090,St Môret,tree_nut,fr,"_lait_ et _crème_ pasteurisés (Origine: France), protéines du _lait_, sel",off_reference_label_limitation,False,
1263_off_tag_eval,3175681105423,Cookie cacao pépites Sans Sucre,egg,fr,"Farine de blé 47,3%, édulcorant : maltitols, huile de colza, pépites de chocolat au maltitol 10,8% (pâte de cacao, édulcorant: maltitols, beurre de cacao, émulsifiant : lécithines), fibres de blé, cacao maigre en poudre 4,5%, son d'avoine, émulsifiant : lécithines, arôme naturel, poudres à lever (carbonates de sodium, carbonates d'ammonium), sel de mer.",off_reference_label_limitation,False,
1263_off_tag_eval,3175681105423,Cookie cacao pépites Sans Sucre,milk,fr,"Farine de blé 47,3%, édulcorant : maltitols, huile de colza, pépites de chocolat au maltitol 10,8% (pâte de cacao, édulcorant: maltitols, beurre de cacao, émulsifiant : lécithines), fibres de blé, cacao maigre en poudre 4,5%, son d'avoine, émulsifiant : lécithines, arôme naturel, poudres à lever (carbonates de sodium, carbonates d'ammonium), sel de mer.",off_reference_label_limitation,False,
1263_off_tag_eval,3175681105423,Cookie cacao pépites Sans Sucre,sesame,fr,"Farine de blé 47,3%, édulcorant : maltitols, huile de colza, pépites de chocolat au maltitol 10,8% (pâte de cacao, édulcorant: maltitols, beurre de cacao, émulsifiant : lécithines), fibres de blé, cacao maigre en poudre 4,5%, son d'avoine, émulsifiant : lécithines, arôme naturel, poudres à lever (carbonates de sodium, carbonates d'ammonium), sel de mer.",off_reference_label_limitation,False,
1263_off_tag_eval,3175681105423,Cookie cacao pépites Sans Sucre,tree_nut,fr,"Farine de blé 47,3%, édulcorant : maltitols, huile de colza, pépites de chocolat au maltitol 10,8% (pâte de cacao, édulcorant: maltitols, beurre de cacao, émulsifiant : lécithines), fibres de blé, cacao maigre en poudre 4,5%, son d'avoine, émulsifiant : lécithines, arôme naturel, poudres à lever (carbonates de sodium, carbonates d'ammonium), sel de mer.",off_reference_label_limitation,False,
1263_off_tag_eval,3175681105423,Cookie cacao pépites Sans Sucre,peanut,fr,"Farine de blé 47,3%, édulcorant : maltitols, huile de colza, pépites de chocolat au maltitol 10,8% (pâte de cacao, édulcorant: maltitols, beurre de cacao, émulsifiant : lécithines), fibres de blé, cacao maigre en poudre 4,5%, son d'avoine, émulsifiant : lécithines, arôme naturel, poudres à lever (carbonates de sodium, carbonates d'ammonium), sel de mer.",off_reference_label_limitation,False,
1263_off_tag_eval,3046920028363,Excellence 85% Cacao Rich Dark,milk,nl,"Cacaomassa, magere cacao, cacaoboter, bruine suiker, vanille.",off_reference_label_limitation,False,
1263_off_tag_eval,3046920028363,Excellence 85% Cacao Rich Dark,sesame,nl,"Cacaomassa, magere cacao, cacaoboter, bruine suiker, vanille.",off_reference_label_limitation,False,
1263_off_tag_eval,3046920028363,Excellence 85% Cacao Rich Dark,tree_nut,nl,"Cacaomassa, magere cacao, cacaoboter, bruine suiker, vanille.",off_reference_label_limitation,False,
1263_off_tag_eval,3046920028363,Excellence 85% Cacao Rich Dark,soy,nl,"Cacaomassa, magere cacao, cacaoboter, bruine suiker, vanille.",off_reference_label_limitation,False,
1263_off_tag_eval,20022464,Extra Dark 74% Cocoa,wheat_gluten,en,"cocoa mass, sugar, cocoa butter, fat reduced cocoa powder, emulsifier: lecithins (soya), natural vanilla flavouring, dark chocolate contains: cocoa solids 74% minimum,",off_reference_label_limitation,False,
1263_off_tag_eval,3046920010047,LINDT EXCELLENCE Smooth Dark 78%,milk,nl,"Kakao 78% mindesten
kakaomasse, kakaobutter, Zucker, stark entölter Kakao, Buttereinfett.
kann Schalenfrüchte, soja, sesamsamen, Weizen enthalten",trace_marker_detection_gap,False,
1263_off_tag_eval,3046920010047,LINDT EXCELLENCE Smooth Dark 78%,tree_nut,nl,"Kakao 78% mindesten
kakaomasse, kakaobutter, Zucker, stark entölter Kakao, Buttereinfett.
kann Schalenfrüchte, soja, sesamsamen, Weizen enthalten",trace_marker_detection_gap,False,
1263_off_tag_eval,3046920010047,LINDT EXCELLENCE Smooth Dark 78%,soy,nl,"Kakao 78% mindesten
kakaomasse, kakaobutter, Zucker, stark entölter Kakao, Buttereinfett.
kann Schalenfrüchte, soja, sesamsamen, Weizen enthalten",trace_marker_detection_gap,False,
1263_off_tag_eval,3229820769165,Muesli avoine chocolat bio,sesame,fr,"Flocons d'avoine* complète 37%, Flocons croustillants d'avoine* 33% (avoine complète, miel*), Flocons de blé* complet, Pétales de maïs au chocolat* 7% [pétales de maïs* (maïs*, sucre de canne* brut, sel de mer), sucre de canne* brut, beurre de cacao*, pâte de cacao*, lait* entier en poudre, agent d'enrobage : gomme arabique], Chocolat noir* 5% (pâte de cacao*, sucre de canne* brut, beurre de cacao*), Flocons d'épeautre* complet (blé), Billettes au cacao* (farine de blé*, sucre de canne* brut, farine d'avoine*, poudre de cacao* maigre, farine de malt d'orge*).",off_reference_label_limitation,False,
1263_off_tag_eval,3229820769165,Muesli avoine chocolat bio,tree_nut,fr,"Flocons d'avoine* complète 37%, Flocons croustillants d'avoine* 33% (avoine complète, miel*), Flocons de blé* complet, Pétales de maïs au chocolat* 7% [pétales de maïs* (maïs*, sucre de canne* brut, sel de mer), sucre de canne* brut, beurre de cacao*, pâte de cacao*, lait* entier en poudre, agent d'enrobage : gomme arabique], Chocolat noir* 5% (pâte de cacao*, sucre de canne* brut, beurre de cacao*), Flocons d'épeautre* complet (blé), Billettes au cacao* (farine de blé*, sucre de canne* brut, farine d'avoine*, poudre de cacao* maigre, farine de malt d'orge*).",off_reference_label_limitation,False,
1263_off_tag_eval,3229820769165,Muesli avoine chocolat bio,soy,fr,"Flocons d'avoine* complète 37%, Flocons croustillants d'avoine* 33% (avoine complète, miel*), Flocons de blé* complet, Pétales de maïs au chocolat* 7% [pétales de maïs* (maïs*, sucre de canne* brut, sel de mer), sucre de canne* brut, beurre de cacao*, pâte de cacao*, lait* entier en poudre, agent d'enrobage : gomme arabique], Chocolat noir* 5% (pâte de cacao*, sucre de canne* brut, beurre de cacao*), Flocons d'épeautre* complet (blé), Billettes au cacao* (farine de blé*, sucre de canne* brut, farine d'avoine*, poudre de cacao* maigre, farine de malt d'orge*).",off_reference_label_limitation,False,
1263_off_tag_eval,6111242103702,Yaourt Grec Muesli,tree_nut,fr,"Lait frais, crème, poudre lait, sucre, amidon, préparation de céréales et de fruits secs (amandes, noix, miel, raisins secs, blé, avoine, seigle), ferments lactiques, arômes Matière grasse: 7%",off_reference_label_limitation,False,
1263_off_tag_eval,3251490307002,Goûter pépites de chocolat,sesame,fr,"Farine de blé 51,9%, pépites de chocolat 14,6% (pâte de cacao, sucre, beurre de cacao, émulsifiant lécithines (soja)), sucre non raffiné, huile de colza, farine de maïs, fibre végétale, dextrose, arôme naturel, magnésium, calcium, poudre à lever: carbonates d'ammonium, jus concentré de citron, sel de mer, protéines de lait, vitamines (D, B1, B9)",off_reference_label_limitation,False,
1263_off_tag_eval,3251490307002,Goûter pépites de chocolat,tree_nut,fr,"Farine de blé 51,9%, pépites de chocolat 14,6% (pâte de cacao, sucre, beurre de cacao, émulsifiant lécithines (soja)), sucre non raffiné, huile de colza, farine de maïs, fibre végétale, dextrose, arôme naturel, magnésium, calcium, poudre à lever: carbonates d'ammonium, jus concentré de citron, sel de mer, protéines de lait, vitamines (D, B1, B9)",off_reference_label_limitation,False,
1263_off_tag_eval,6111099000247,Hule D'olive,tree_nut,fr,Huiled'olive vierge,off_reference_label_limitation,False,
1263_off_tag_eval,5000168198491,Sablés Anglais L'Original,milk,fr,"Farine (55%) (farine de blé, calcium, fer, niacine, thiamine), huile de palme, farine de blé complète (16%), sucre, poudres à lever (carbonates de sodium, acide malique, carbonates d'ammonium), sirop de sucre inverti, sel.

Peut aussi contenir du lait.",off_reference_label_limitation,False,
1263_off_tag_eval,3336971805021,Chips de lentilles saveur fines herbes,wheat_gluten,fr,"Farine de lentille (36%), huiles végétales (tournesol, colza), farine de riz, farine de maïs, amidons, sucre, sel, oignon, ail, persil, aneth, ciboulette, arôme naturel, extrait d'aneth, poivre vert, chlorure de potassium, régulateurs d'acidité (acide citrique, acide lactique).",off_reference_label_limitation,False,
1263_off_tag_eval,3336971805021,Chips de lentilles saveur fines herbes,milk,fr,"Farine de lentille (36%), huiles végétales (tournesol, colza), farine de riz, farine de maïs, amidons, sucre, sel, oignon, ail, persil, aneth, ciboulette, arôme naturel, extrait d'aneth, poivre vert, chlorure de potassium, régulateurs d'acidité (acide citrique, acide lactique).",off_reference_label_limitation,False,
1263_off_tag_eval,3336971805021,Chips de lentilles saveur fines herbes,peanut,fr,"Farine de lentille (36%), huiles végétales (tournesol, colza), farine de riz, farine de maïs, amidons, sucre, sel, oignon, ail, persil, aneth, ciboulette, arôme naturel, extrait d'aneth, poivre vert, chlorure de potassium, régulateurs d'acidité (acide citrique, acide lactique).",off_reference_label_limitation,False,
1263_off_tag_eval,3336971805021,Chips de lentilles saveur fines herbes,soy,fr,"Farine de lentille (36%), huiles végétales (tournesol, colza), farine de riz, farine de maïs, amidons, sucre, sel, oignon, ail, persil, aneth, ciboulette, arôme naturel, extrait d'aneth, poivre vert, chlorure de potassium, régulateurs d'acidité (acide citrique, acide lactique).",off_reference_label_limitation,False,
1263_off_tag_eval,3168930010906,Cruesli Chocolat noir,wheat_gluten,en,"full oats (37%), dark chocolate* (12%) (cocoa, sugar, natural vanilla flavour, emulsifiers (soy lecithin, polyglycerol polyricinoleate)),sunflower oil,sugar,complete wheat (9,6%),glucose syrup,oligofructose,rice flours and wheat (1,9%),dried coconut,molasses,salt,cinnamon,caramelized sugar,flavourings,antioxidant (tocopherol),*dark chocolate contains a minimum of 65% cocoa,",off_reference_label_limitation,False,
1263_off_tag_eval,3168930010906,Cruesli Chocolat noir,milk,en,"full oats (37%), dark chocolate* (12%) (cocoa, sugar, natural vanilla flavour, emulsifiers (soy lecithin, polyglycerol polyricinoleate)),sunflower oil,sugar,complete wheat (9,6%),glucose syrup,oligofructose,rice flours and wheat (1,9%),dried coconut,molasses,salt,cinnamon,caramelized sugar,flavourings,antioxidant (tocopherol),*dark chocolate contains a minimum of 65% cocoa,",off_reference_label_limitation,False,
1263_off_tag_eval,3168930010906,Cruesli Chocolat noir,soy,en,"full oats (37%), dark chocolate* (12%) (cocoa, sugar, natural vanilla flavour, emulsifiers (soy lecithin, polyglycerol polyricinoleate)),sunflower oil,sugar,complete wheat (9,6%),glucose syrup,oligofructose,rice flours and wheat (1,9%),dried coconut,molasses,salt,cinnamon,caramelized sugar,flavourings,antioxidant (tocopherol),*dark chocolate contains a minimum of 65% cocoa,",off_reference_label_limitation,False,
1263_off_tag_eval,8410076601131,Crunchy avoine et miel,wheat_gluten,fr,"Avoine complète (60%), sucre, huiles végétales, miel (3%), sel de cuisine (0,8%), mélasse (0,8%), lécithines, bicarbonate de sodium.",off_reference_label_limitation,False,
1263_off_tag_eval,8410076601131,Crunchy avoine et miel,tree_nut,fr,"Avoine complète (60%), sucre, huiles végétales, miel (3%), sel de cuisine (0,8%), mélasse (0,8%), lécithines, bicarbonate de sodium.",off_reference_label_limitation,False,
1263_off_tag_eval,8410076601131,Crunchy avoine et miel,peanut,fr,"Avoine complète (60%), sucre, huiles végétales, miel (3%), sel de cuisine (0,8%), mélasse (0,8%), lécithines, bicarbonate de sodium.",off_reference_label_limitation,False,
1263_off_tag_eval,8410076601131,Crunchy avoine et miel,soy,fr,"Avoine complète (60%), sucre, huiles végétales, miel (3%), sel de cuisine (0,8%), mélasse (0,8%), lécithines, bicarbonate de sodium.",off_reference_label_limitation,False,
1263_off_tag_eval,3046920028004,Excellence 70% Cocoa Intense Dark,milk,nl,"Cacaomassa, suiker, cacaoboter, vanille.",off_reference_label_limitation,False,
1263_off_tag_eval,3046920028004,Excellence 70% Cocoa Intense Dark,sesame,nl,"Cacaomassa, suiker, cacaoboter, vanille.",off_reference_label_limitation,False,
1263_off_tag_eval,3046920028004,Excellence 70% Cocoa Intense Dark,tree_nut,nl,"Cacaomassa, suiker, cacaoboter, vanille.",off_reference_label_limitation,False,
1263_off_tag_eval,3046920028004,Excellence 70% Cocoa Intense Dark,soy,nl,"Cacaomassa, suiker, cacaoboter, vanille.",off_reference_label_limitation,False,
1263_off_tag_eval,3251490320001,Biscuit complet au germe de blé,milk,fr,"Farine complète de blé 45,3%, farine de blé 23%, sucre non raffiné, huile de colza, germe de blé 5,7%, fibres d'avoine, arômes naturels (extrait de malt d'orge), poudres à lever (carbonates d'ammonium, acide citrique), magnésium, émulsifiant : lecithines, sel de mer, antioxydant: extrait naturel riche en tocopherols, amidon de blé, vitamines (E, D, B6, B1, B9).",off_reference_label_limitation,False,
1263_off_tag_eval,3251490320001,Biscuit complet au germe de blé,sesame,fr,"Farine complète de blé 45,3%, farine de blé 23%, sucre non raffiné, huile de colza, germe de blé 5,7%, fibres d'avoine, arômes naturels (extrait de malt d'orge), poudres à lever (carbonates d'ammonium, acide citrique), magnésium, émulsifiant : lecithines, sel de mer, antioxydant: extrait naturel riche en tocopherols, amidon de blé, vitamines (E, D, B6, B1, B9).",off_reference_label_limitation,False,
1263_off_tag_eval,3251490320001,Biscuit complet au germe de blé,tree_nut,fr,"Farine complète de blé 45,3%, farine de blé 23%, sucre non raffiné, huile de colza, germe de blé 5,7%, fibres d'avoine, arômes naturels (extrait de malt d'orge), poudres à lever (carbonates d'ammonium, acide citrique), magnésium, émulsifiant : lecithines, sel de mer, antioxydant: extrait naturel riche en tocopherols, amidon de blé, vitamines (E, D, B6, B1, B9).",off_reference_label_limitation,False,
1263_off_tag_eval,3251490320001,Biscuit complet au germe de blé,soy,fr,"Farine complète de blé 45,3%, farine de blé 23%, sucre non raffiné, huile de colza, germe de blé 5,7%, fibres d'avoine, arômes naturels (extrait de malt d'orge), poudres à lever (carbonates d'ammonium, acide citrique), magnésium, émulsifiant : lecithines, sel de mer, antioxydant: extrait naturel riche en tocopherols, amidon de blé, vitamines (E, D, B6, B1, B9).",off_reference_label_limitation,False,
1263_off_tag_eval,5411188103387,ALPRO vanille,tree_nut,nl,"SOJABASIS (Wasser, geschälte SOJABOHNEN (9,9%)), Zucker, Stabilisator (Pektine), Tricalciumphosphat, Säureregulatoren (Citronensäure, Natriumcitrate), Karottenextrakt, Meersalz, natürliches Vanille-Aroma, Aromen, Vanillepulver (0,03%), Antioxidationsmittel (stark tocopherolhaltige Extrakte, Fettsäureester der Ascorbinsäure), Vitamine (B2, B12, D2), Joghurtkulturen (Str. thermophilus, L. bulgaricus)",off_reference_label_limitation,False,
1263_off_tag_eval,3229820181950,Fourrés Chocolat au Lait,egg,fr,"Farine De Blé 39%, Chocolat Au Lait 25% (Sucre De Canne Roux Non Raffiné, Beurre De Cacao, Lait Entier En Poudre, Pâte De Cacao), Sucre De Canne Roux Non Raffiné 16%, Farine Complète De Blé 15%, Huile De Tournesol Oléique, Arôme Naturel De Vanille, Lait Écrémé En Poudre, Sel De Mer Non Raffiné, Poudres À Lever (Carbonates D'ammonium, Carbonates De Sodium), Épaississant (Gomme D'acacia) Antioxydant (Extrait De Romarin).",off_reference_label_limitation,False,
1263_off_tag_eval,3229820181950,Fourrés Chocolat au Lait,sesame,fr,"Farine De Blé 39%, Chocolat Au Lait 25% (Sucre De Canne Roux Non Raffiné, Beurre De Cacao, Lait Entier En Poudre, Pâte De Cacao), Sucre De Canne Roux Non Raffiné 16%, Farine Complète De Blé 15%, Huile De Tournesol Oléique, Arôme Naturel De Vanille, Lait Écrémé En Poudre, Sel De Mer Non Raffiné, Poudres À Lever (Carbonates D'ammonium, Carbonates De Sodium), Épaississant (Gomme D'acacia) Antioxydant (Extrait De Romarin).",off_reference_label_limitation,False,
1263_off_tag_eval,3229820181950,Fourrés Chocolat au Lait,tree_nut,fr,"Farine De Blé 39%, Chocolat Au Lait 25% (Sucre De Canne Roux Non Raffiné, Beurre De Cacao, Lait Entier En Poudre, Pâte De Cacao), Sucre De Canne Roux Non Raffiné 16%, Farine Complète De Blé 15%, Huile De Tournesol Oléique, Arôme Naturel De Vanille, Lait Écrémé En Poudre, Sel De Mer Non Raffiné, Poudres À Lever (Carbonates D'ammonium, Carbonates De Sodium), Épaississant (Gomme D'acacia) Antioxydant (Extrait De Romarin).",off_reference_label_limitation,False,
1263_off_tag_eval,3229820181950,Fourrés Chocolat au Lait,soy,fr,"Farine De Blé 39%, Chocolat Au Lait 25% (Sucre De Canne Roux Non Raffiné, Beurre De Cacao, Lait Entier En Poudre, Pâte De Cacao), Sucre De Canne Roux Non Raffiné 16%, Farine Complète De Blé 15%, Huile De Tournesol Oléique, Arôme Naturel De Vanille, Lait Écrémé En Poudre, Sel De Mer Non Raffiné, Poudres À Lever (Carbonates D'ammonium, Carbonates De Sodium), Épaississant (Gomme D'acacia) Antioxydant (Extrait De Romarin).",off_reference_label_limitation,False,
1263_off_tag_eval,6111242102002,غلال القمح,milk,fr,"Ingré&lents : lait entier enrichi en crème, sucre, poudre de lait écrémé, texturant : amidon, préparation de céréales, fibres, arômes, ferments ladiques et colorant naturel. Matière grasse : 3,4 % Poids net : 110 g",off_reference_label_limitation,False,
1263_off_tag_eval,3242274030056,Manhattan Oeuf  Poulet Rôti  Fromage,wheat_gluten,fr,"Salade composée 80% (spécialités céréalières cuites (eau, semoule de BLE dur, OEUF, sel, curcuma), OEUF, salade 11%, viande de poulet, carottes, FROMAGE à pâte dure, jus de citron, huile de colza, eau, amidon, fécule, dextrose, ferments, sel, arôme naturel, persil). 
Sauce vinaigrette balsamique 7% (huile de colza, huile d'olive vierge, vinaigre de vin (SULFITES), moût de raisin, sel) 
Cookie au chocolat 7% (sucre, farine de BLE, OEUF, BEURRE, huile de colza, pâte et beurre de cacao, poudre de cacao maigre, poudre à lever: bicarbonate de sodium, émulsifiants: lécithines de SOJA, arôme naturel, sel). 
Gressins 4% (farine de BLE, son de BLE, fibre de BLE, semoule de BLE dur, BEURRE, huile d'olive vierge, huile de colza, eau, levure boulangère, sucre, amidon, fécule, sel, graines de pavot, arôme naturel).",off_reference_label_limitation,False,
1263_off_tag_eval,3242274030056,Manhattan Oeuf  Poulet Rôti  Fromage,soy,fr,"Salade composée 80% (spécialités céréalières cuites (eau, semoule de BLE dur, OEUF, sel, curcuma), OEUF, salade 11%, viande de poulet, carottes, FROMAGE à pâte dure, jus de citron, huile de colza, eau, amidon, fécule, dextrose, ferments, sel, arôme naturel, persil). 
Sauce vinaigrette balsamique 7% (huile de colza, huile d'olive vierge, vinaigre de vin (SULFITES), moût de raisin, sel) 
Cookie au chocolat 7% (sucre, farine de BLE, OEUF, BEURRE, huile de colza, pâte et beurre de cacao, poudre de cacao maigre, poudre à lever: bicarbonate de sodium, émulsifiants: lécithines de SOJA, arôme naturel, sel). 
Gressins 4% (farine de BLE, son de BLE, fibre de BLE, semoule de BLE dur, BEURRE, huile d'olive vierge, huile de colza, eau, levure boulangère, sucre, amidon, fécule, sel, graines de pavot, arôme naturel).",off_reference_label_limitation,False,
1263_off_tag_eval,3242274030056,Manhattan Oeuf  Poulet Rôti  Fromage,tree_nut,fr,"Salade composée 80% (spécialités céréalières cuites (eau, semoule de BLE dur, OEUF, sel, curcuma), OEUF, salade 11%, viande de poulet, carottes, FROMAGE à pâte dure, jus de citron, huile de colza, eau, amidon, fécule, dextrose, ferments, sel, arôme naturel, persil). 
Sauce vinaigrette balsamique 7% (huile de colza, huile d'olive vierge, vinaigre de vin (SULFITES), moût de raisin, sel) 
Cookie au chocolat 7% (sucre, farine de BLE, OEUF, BEURRE, huile de colza, pâte et beurre de cacao, poudre de cacao maigre, poudre à lever: bicarbonate de sodium, émulsifiants: lécithines de SOJA, arôme naturel, sel). 
Gressins 4% (farine de BLE, son de BLE, fibre de BLE, semoule de BLE dur, BEURRE, huile d'olive vierge, huile de colza, eau, levure boulangère, sucre, amidon, fécule, sel, graines de pavot, arôme naturel).",off_reference_label_limitation,False,
1263_off_tag_eval,3242274030056,Manhattan Oeuf  Poulet Rôti  Fromage,fish,fr,"Salade composée 80% (spécialités céréalières cuites (eau, semoule de BLE dur, OEUF, sel, curcuma), OEUF, salade 11%, viande de poulet, carottes, FROMAGE à pâte dure, jus de citron, huile de colza, eau, amidon, fécule, dextrose, ferments, sel, arôme naturel, persil). 
Sauce vinaigrette balsamique 7% (huile de colza, huile d'olive vierge, vinaigre de vin (SULFITES), moût de raisin, sel) 
Cookie au chocolat 7% (sucre, farine de BLE, OEUF, BEURRE, huile de colza, pâte et beurre de cacao, poudre de cacao maigre, poudre à lever: bicarbonate de sodium, émulsifiants: lécithines de SOJA, arôme naturel, sel). 
Gressins 4% (farine de BLE, son de BLE, fibre de BLE, semoule de BLE dur, BEURRE, huile d'olive vierge, huile de colza, eau, levure boulangère, sucre, amidon, fécule, sel, graines de pavot, arôme naturel).",off_reference_label_limitation,False,
1263_off_tag_eval,3362600011006,Henry's Petit Surfin,tree_nut,fr,"farine de froment, sucre, Graisse végétale , Sucre inverti, Agents levants (Bicarbonate d'ammonium, Bicarbonate de sodium), arôme vanille",off_reference_label_limitation,False,
1263_off_tag_eval,3168930009078,Flocons d'avoine complète,wheat_gluten,fr,100% Flocons d'avoine.,off_reference_label_limitation,False,
1263_off_tag_eval,6111242102781,Tendre nature,milk,fr,"Lait frais, crème, sucre, poudre de lait écrémé, ferments lactiques,",off_reference_label_limitation,False,
1263_off_tag_eval,3272770097642,Le Goût Primeur format familial,milk,fr,"Lait et crème pasteurisés (Origine : France), protéines du lait, sel,",off_reference_label_limitation,False,
1263_off_tag_eval,20095291,Cioccolato fondente,milk,it,"Massa di cacao, zucchero, burro di cacao, emulsionante: lecitine (soia); estratto di vaniglia",off_reference_label_limitation,True,
1263_off_tag_eval,20095291,Cioccolato fondente,tree_nut,it,"Massa di cacao, zucchero, burro di cacao, emulsionante: lecitine (soia); estratto di vaniglia",off_reference_label_limitation,True,
1263_off_tag_eval,5411188119098,Natur mit Kokosnuss,tree_nut,de,"_Sojabasis_ (Wasser, geschälte _Sojabohnen_ (10,4%)], Kokosmilch (4,3%) (Kokosceme, Wasser), Zucker, Tricalciumcitrat, Säureregulatoren (Natriumcitrate, Citronensäure), Stabilisator (Pektine), natürliches Aroma, Meersalz, Antioxidationsmitel (stark tocopherol-tatige Extract, Fettsäureester der Ascorbinsäure), Vitamine (B12, D2), Joghurtkulturen (Str,thermophilus, L, bulgaricus).",off_reference_label_limitation,False,
1263_off_tag_eval,6111259341197,Momo black,wheat_gluten,fr,"Farine de blé, sucre, huile végétale hydrogénée (palme), cacao en poudre (3,4%), régulateur d'acidité (acide citrique (E330), acide tartrique (E334)), poudre à lever (bicarbonate d'ammonium et bicarbonate sodium), émulsifiant végétal (lécithine de soja (E322)) et sel.",off_reference_label_limitation,False,
1263_off_tag_eval,6111259341197,Momo black,milk,fr,"Farine de blé, sucre, huile végétale hydrogénée (palme), cacao en poudre (3,4%), régulateur d'acidité (acide citrique (E330), acide tartrique (E334)), poudre à lever (bicarbonate d'ammonium et bicarbonate sodium), émulsifiant végétal (lécithine de soja (E322)) et sel.",off_reference_label_limitation,False,
1263_off_tag_eval,20003166,FLOCONS D'AVOINE,wheat_gluten,en,"Hafervollkornflocken Kleinblatt
Пълнозърнести овесени ядки. Може да съдържат следи от пшеница, ръж и ечемик.",off_reference_label_limitation,False,
1263_off_tag_eval,3251491787810,Goûter aux raisins,sesame,fr,"Farine de blé 59,4%, sucre non raffiné, huile de colza, raisins secs 10%, farine de soja, pâte de raisins 3,3%, fibres de chicorée, poudres à lever (carbonates de potassium, carbonates d'ammonium), protéines de lait.",off_reference_label_limitation,False,
1263_off_tag_eval,3251491787810,Goûter aux raisins,tree_nut,fr,"Farine de blé 59,4%, sucre non raffiné, huile de colza, raisins secs 10%, farine de soja, pâte de raisins 3,3%, fibres de chicorée, poudres à lever (carbonates de potassium, carbonates d'ammonium), protéines de lait.",off_reference_label_limitation,False,
1263_off_tag_eval,3045140105502,Chocolat au lait,wheat_gluten,fr,"Sucre, Beurre de cacao, pâte de cacao, Lait écrémé en poudre, lactosérum en poudre (Lait), Beurre concentré, Émulsifiant (Lécithine de soja), Pâte de noisette, Arôme naturel",off_reference_label_limitation,False,
1263_off_tag_eval,3045140105502,Chocolat au lait,tree_nut,fr,"Sucre, Beurre de cacao, pâte de cacao, Lait écrémé en poudre, lactosérum en poudre (Lait), Beurre concentré, Émulsifiant (Lécithine de soja), Pâte de noisette, Arôme naturel",off_reference_label_limitation,False,
1263_off_tag_eval,4056489346357,"Boisson à l'amande, sans sucres",tree_nut,en,"water, 2,3% almonds', maltodextrins', sea salt, stabilizers: carob seed flour, gellanic gum, emulsifier: sunflower lecithin', natural aroma, 'from organic farming",off_reference_label_limitation,False,
1263_off_tag_eval,3760049796384,Tartines céréales & graines 450g,egg,fr,"Farine de BLÉ *50 %, eau, huile de colza, graines de tournesol décortiquées 4,6 %, graines de millet décortiquées 1,8 %, graines de lin brun 1,8%, semoule de BLÉ dur 1,6 %, levains de BLÉ dévitalisés, sel, arôme naturel (contient alcool), graines de pavot bleu 0,7 %, flocons d'AVOINE 0,7 %, levure, vinaigre, graines de quinoa 0,4 %, graines d'amarante 0,4%, conservateur : propionate de calcium, levure désactivée, gluten de BLÉ , farine de SEIGLE 0,2%, farine d'ORGE maltée torréfiée 0,1%, farine de BLÉ malté torréfié 0,1%, agent de traitement de la farine : acide ascorbique. Traces éventuelles de soja, moutarde et graines de sésame. * Ingrédient issu du commerce équitable français.",off_reference_label_limitation,False,
1263_off_tag_eval,3760049796384,Tartines céréales & graines 450g,milk,fr,"Farine de BLÉ *50 %, eau, huile de colza, graines de tournesol décortiquées 4,6 %, graines de millet décortiquées 1,8 %, graines de lin brun 1,8%, semoule de BLÉ dur 1,6 %, levains de BLÉ dévitalisés, sel, arôme naturel (contient alcool), graines de pavot bleu 0,7 %, flocons d'AVOINE 0,7 %, levure, vinaigre, graines de quinoa 0,4 %, graines d'amarante 0,4%, conservateur : propionate de calcium, levure désactivée, gluten de BLÉ , farine de SEIGLE 0,2%, farine d'ORGE maltée torréfiée 0,1%, farine de BLÉ malté torréfié 0,1%, agent de traitement de la farine : acide ascorbique. Traces éventuelles de soja, moutarde et graines de sésame. * Ingrédient issu du commerce équitable français.",off_reference_label_limitation,False,
1263_off_tag_eval,5449000206770,Eau de table,tree_nut,fr,Eau de Table,off_reference_label_limitation,False,
1263_off_tag_eval,3046920028721,Dark absolute 99% cacao,sesame,en,"Cocoa solids 99%, cocoa paste, fat-reduced cocoa, cocoa butter, demerara sugar. May contain nuts, milk and soya,",off_reference_label_limitation,False,
1263_off_tag_eval,3175681257535,"Biscuits 3 graines Kasha, Sésame, Pavot",milk,fr,"Farine complète de blé* de meule* 65,8%, sucre de canne*, huile de tournesol oléique*, son de blé*, sarrasin grillé* 2,6%, sésame toasté* 2,1%, graines de pavot bleu* 1,4%, poudres à lever (acide citrique, carbonates de sodium), sel de mer. *Ingrédients issus de l'agriculture biologique.",off_reference_label_limitation,False,
1263_off_tag_eval,3175681257535,"Biscuits 3 graines Kasha, Sésame, Pavot",tree_nut,fr,"Farine complète de blé* de meule* 65,8%, sucre de canne*, huile de tournesol oléique*, son de blé*, sarrasin grillé* 2,6%, sésame toasté* 2,1%, graines de pavot bleu* 1,4%, poudres à lever (acide citrique, carbonates de sodium), sel de mer. *Ingrédients issus de l'agriculture biologique.",off_reference_label_limitation,False,
1263_off_tag_eval,3175681257535,"Biscuits 3 graines Kasha, Sésame, Pavot",soy,fr,"Farine complète de blé* de meule* 65,8%, sucre de canne*, huile de tournesol oléique*, son de blé*, sarrasin grillé* 2,6%, sésame toasté* 2,1%, graines de pavot bleu* 1,4%, poudres à lever (acide citrique, carbonates de sodium), sel de mer. *Ingrédients issus de l'agriculture biologique.",off_reference_label_limitation,False,
1263_off_tag_eval,6111032002925,Danone nature,wheat_gluten,fr,ا المكونات حليب بدون قشدة، قشدة، مس رن الحليب بدون قشدة، مخثرات )نشويات(، نكهة، خمائرحليبية ل ليوغورت. م.د: %3 مصنوع خط قد بمكن أن يحتوي على الكلوتين، الجوز واللوز. منتوج حليبي م مزوج الوزن الصافي : 110غ. رقم الإعتماد الصحي LPL2113،0NS SA,off_reference_label_limitation,False,
1263_off_tag_eval,6111032002925,Danone nature,tree_nut,fr,ا المكونات حليب بدون قشدة، قشدة، مس رن الحليب بدون قشدة، مخثرات )نشويات(، نكهة، خمائرحليبية ل ليوغورت. م.د: %3 مصنوع خط قد بمكن أن يحتوي على الكلوتين، الجوز واللوز. منتوج حليبي م مزوج الوزن الصافي : 110غ. رقم الإعتماد الصحي LPL2113،0NS SA,off_reference_label_limitation,False,
1263_off_tag_eval,3330720237361,Pâte à tartiner aux noisettes francaises et cacao,tree_nut,fr,"Sucre, huile de colza, noisette 16% (origine France), poudre de lait écrémé, poudre de cacão maigre 7%, émulsifiant: lécithine de tournesol. Traces possibles de sésame et autres fruits à coques. (*feves origine Afrique de l'Ouest)",section_splitting_context_gap,False,
1263_off_tag_eval,40896243,Buo Cioccolato Fondente 70%,milk,fr,"Pâte de cacao, sucre de canne, beurre de cacao, émulsifiant : lécithines (_soja_).",off_reference_label_limitation,False,
1263_off_tag_eval,40896243,Buo Cioccolato Fondente 70%,tree_nut,fr,"Pâte de cacao, sucre de canne, beurre de cacao, émulsifiant : lécithines (_soja_).",off_reference_label_limitation,False,
1263_off_tag_eval,8052575090292,Nocciolata - Pâte à tartiner au cacao et noisettes,tree_nut,fr,"Sucre*, pâte de noisettes* 19,5%, huile de tournesol*, cacao maigre en poudre* 11%, beurre de cacao*, émulsifiant (lécithine de soja), extrait de vanille.",off_reference_label_limitation,False,
1263_off_tag_eval,8410076601148,Crunchy Avoine & Chocolat Noir x 5 x 2 barres de 21 g,wheat_gluten,fr,"Avoine complète (56%), sucre, huiles végétales (tournesol, colza), pépites de chocolat noir (7%) (pâte de cacao, sucre, émulsifiant (lécithine de soja), arôme naturel de vanille), cacao maigre en poudre, miel, sel, mélasse, émulsifiant (lécithines), poudre à lever(bicarbonate de sodium), arôme naturel,",off_reference_label_limitation,False,
1263_off_tag_eval,8410076601148,Crunchy Avoine & Chocolat Noir x 5 x 2 barres de 21 g,tree_nut,fr,"Avoine complète (56%), sucre, huiles végétales (tournesol, colza), pépites de chocolat noir (7%) (pâte de cacao, sucre, émulsifiant (lécithine de soja), arôme naturel de vanille), cacao maigre en poudre, miel, sel, mélasse, émulsifiant (lécithines), poudre à lever(bicarbonate de sodium), arôme naturel,",off_reference_label_limitation,False,
1263_off_tag_eval,8410076601148,Crunchy Avoine & Chocolat Noir x 5 x 2 barres de 21 g,peanut,fr,"Avoine complète (56%), sucre, huiles végétales (tournesol, colza), pépites de chocolat noir (7%) (pâte de cacao, sucre, émulsifiant (lécithine de soja), arôme naturel de vanille), cacao maigre en poudre, miel, sel, mélasse, émulsifiant (lécithines), poudre à lever(bicarbonate de sodium), arôme naturel,",off_reference_label_limitation,False,
1263_off_tag_eval,5053990156009,Pringles Original,soy,fr,"Pommes de terre déshydratées, huiles végétales (tournesol, palme, mais) en proportion variable, farine de blé, farine de mais, farine de riz, maltodextrine, émulsifiant (E471), sel, colorant (norbixine de rocou).",off_reference_label_limitation,False,
1263_off_tag_eval,7622210476296,Thé - Biscuits,egg,fr,"Farine de _blé_ 67 %,sucre, huile de palme, sirop de glucose-fructose, _lait_ écrémé en poudre, _lactosérum_ en poudre (de _lait_), arôme fleur d'oranger, fibres de _blé_, sel, poudres à lever (carbonate acide de sodium, carbonate acide d'ammonium), émulsifiant (lécithine de _soja_), arômes.",off_reference_label_limitation,False,
1263_off_tag_eval,7622210476296,Thé - Biscuits,sesame,fr,"Farine de _blé_ 67 %,sucre, huile de palme, sirop de glucose-fructose, _lait_ écrémé en poudre, _lactosérum_ en poudre (de _lait_), arôme fleur d'oranger, fibres de _blé_, sel, poudres à lever (carbonate acide de sodium, carbonate acide d'ammonium), émulsifiant (lécithine de _soja_), arômes.",off_reference_label_limitation,False,
1263_off_tag_eval,3700214611548,Noir equitable 85% Pérou,wheat_gluten,fr,"Pâte de cacao (Pérou), sucre de canne, beurre de cacao. Peut contenir du soja, du lait et des fruits à coque.",off_reference_label_limitation,False,
1263_off_tag_eval,80052760,Kinder bueno,wheat_gluten,fr,"Chocolat au LAIT_31,5%, sucre, huile de palme, farine de blé, noisettes 10,8%, lait écrémé en poudre 8,5%, lait en poudre 5,5%, chocolat noir 1,5%, cacao maigre, lécithines, carbonate acide de sodium, sel, vanilline.",off_reference_label_limitation,False,
1263_off_tag_eval,80052760,Kinder bueno,milk,fr,"Chocolat au LAIT_31,5%, sucre, huile de palme, farine de blé, noisettes 10,8%, lait écrémé en poudre 8,5%, lait en poudre 5,5%, chocolat noir 1,5%, cacao maigre, lécithines, carbonate acide de sodium, sel, vanilline.",off_reference_label_limitation,False,
1263_off_tag_eval,80052760,Kinder bueno,tree_nut,fr,"Chocolat au LAIT_31,5%, sucre, huile de palme, farine de blé, noisettes 10,8%, lait écrémé en poudre 8,5%, lait en poudre 5,5%, chocolat noir 1,5%, cacao maigre, lécithines, carbonate acide de sodium, sel, vanilline.",off_reference_label_limitation,False,
1263_off_tag_eval,80052760,Kinder bueno,soy,fr,"Chocolat au LAIT_31,5%, sucre, huile de palme, farine de blé, noisettes 10,8%, lait écrémé en poudre 8,5%, lait en poudre 5,5%, chocolat noir 1,5%, cacao maigre, lécithines, carbonate acide de sodium, sel, vanilline.",off_reference_label_limitation,False,
1263_off_tag_eval,7622210995087,chocolat noir noisettes entieres,tree_nut,fr,"Sucre, pâte de cacao, NOISETTES (24%), beurre de cacao, BEURRE concentré, émulsifiant (lécithines de SOJA), arôme naturel de vanille, LAIT écrémé en poudre.",off_reference_label_limitation,False,
1263_off_tag_eval,8000500179864,Nutella,soy,fr,"Sucre, graisse végétale (palme), noisettes (13%), lait écrémé en poudre (8,7%), cacao maigre en poudre (7,4%), émulsifiant: lécithines (soja)(0,43%), arôme: vanilline (0,02%).",off_reference_label_limitation,False,
1263_off_tag_eval,3175681037854,Tartines craquantes sarrasin,wheat_gluten,fr,"Farine de sarrasin 72,3%, farine de riz 37,3%, sucre de canne roux, sel de mer",off_reference_label_limitation,False,
1263_off_tag_eval,3175681037854,Tartines craquantes sarrasin,soy,fr,"Farine de sarrasin 72,3%, farine de riz 37,3%, sucre de canne roux, sel de mer",off_reference_label_limitation,False,
1263_off_tag_eval,3046920027885,Excellence Noir à la Pointe de Fleur de Sel,wheat_gluten,fr,"sucre, pâte de cacao, beurre de cacao, beurre _laitier_ concentré, émulsifiant (lécithine de _soja_), fleur de sel 0,3%.
Cacao : 47% minimum.",off_reference_label_limitation,False,
1263_off_tag_eval,3046920027885,Excellence Noir à la Pointe de Fleur de Sel,sesame,fr,"sucre, pâte de cacao, beurre de cacao, beurre _laitier_ concentré, émulsifiant (lécithine de _soja_), fleur de sel 0,3%.
Cacao : 47% minimum.",off_reference_label_limitation,False,
1263_off_tag_eval,3046920027885,Excellence Noir à la Pointe de Fleur de Sel,tree_nut,fr,"sucre, pâte de cacao, beurre de cacao, beurre _laitier_ concentré, émulsifiant (lécithine de _soja_), fleur de sel 0,3%.
Cacao : 47% minimum.",off_reference_label_limitation,False,
1263_off_tag_eval,6111246950845,,milk,ar,"Lait entier, 30g/L de matière grasse, المكونات: حليب كامل الدسم، 30غ ل من المادة الدسمة,",off_reference_label_limitation,False,
1263_off_tag_eval,6111246950845,,tree_nut,ar,"Lait entier, 30g/L de matière grasse, المكونات: حليب كامل الدسم، 30غ ل من المادة الدسمة,",off_reference_label_limitation,False,
1263_off_tag_eval,5010477348630,Muesli 36% fruits noix & graines,wheat_gluten,fr,"Céréales complètes (64%) (flocons de blé, flocons d'avoine, pétales de blé grillé (13%)), raisins de sultane (16%), raisins secs (11%), copeaux de noix de coco (3,5%), noisettes grillées entières (3%), graines de tournesol (2,5%)",off_reference_label_limitation,False,
1263_off_tag_eval,5010477348630,Muesli 36% fruits noix & graines,tree_nut,fr,"Céréales complètes (64%) (flocons de blé, flocons d'avoine, pétales de blé grillé (13%)), raisins de sultane (16%), raisins secs (11%), copeaux de noix de coco (3,5%), noisettes grillées entières (3%), graines de tournesol (2,5%)",off_reference_label_limitation,False,
1263_off_tag_eval,3182180001477,Grilletine au froment sans sucres ajoutés,egg,fr,"Farine de BLÉ 83% - Édulcorant : maltitol - Huile de tournesol - Levure boulangère - GLUTEN de blé - Sel - Minéraux de mer (potassium, magnésium, calcium) - Farine de BLÉ malté - Fibres de BLÉ - Agent de traitement de la farine : acide ascorbique",off_reference_label_limitation,False,
1263_off_tag_eval,3182180001477,Grilletine au froment sans sucres ajoutés,soy,fr,"Farine de BLÉ 83% - Édulcorant : maltitol - Huile de tournesol - Levure boulangère - GLUTEN de blé - Sel - Minéraux de mer (potassium, magnésium, calcium) - Farine de BLÉ malté - Fibres de BLÉ - Agent de traitement de la farine : acide ascorbique",off_reference_label_limitation,False,
1263_off_tag_eval,3182180001477,Grilletine au froment sans sucres ajoutés,milk,fr,"Farine de BLÉ 83% - Édulcorant : maltitol - Huile de tournesol - Levure boulangère - GLUTEN de blé - Sel - Minéraux de mer (potassium, magnésium, calcium) - Farine de BLÉ malté - Fibres de BLÉ - Agent de traitement de la farine : acide ascorbique",off_reference_label_limitation,False,
1263_off_tag_eval,3182180001477,Grilletine au froment sans sucres ajoutés,sesame,fr,"Farine de BLÉ 83% - Édulcorant : maltitol - Huile de tournesol - Levure boulangère - GLUTEN de blé - Sel - Minéraux de mer (potassium, magnésium, calcium) - Farine de BLÉ malté - Fibres de BLÉ - Agent de traitement de la farine : acide ascorbique",off_reference_label_limitation,False,
1263_off_tag_eval,3182180001477,Grilletine au froment sans sucres ajoutés,tree_nut,fr,"Farine de BLÉ 83% - Édulcorant : maltitol - Huile de tournesol - Levure boulangère - GLUTEN de blé - Sel - Minéraux de mer (potassium, magnésium, calcium) - Farine de BLÉ malté - Fibres de BLÉ - Agent de traitement de la farine : acide ascorbique",off_reference_label_limitation,False,
1263_off_tag_eval,5449000131805,Coca-Cola Zero Azúcar,tree_nut,en,"carbonated water, colour (e150d), acid (phosphoric acid) sweeteners (aspartame, acesulfame-k enzymatically produced steviol glycosides), natural flavourings, caffeine flavouring, acidity regulator (sodium citrates), contains a source of phenylalanine,",off_reference_label_limitation,False,
1263_off_tag_eval,3175680011442,Biscuit soja orange,milk,fr,"Farine de blé 57,7%, sucre non raffiné, huile de colza, flocons de soja toastés 7%, germe de blé 5,3%, amidon de blé, oranges déshydratées 1,5%, fibre de blé, magnésium, sucre, amidon de maïs, jus concentré de citron, poudre à lever: carbonates de sodium, émulsifiant: lécithines, sel de mer, arôme naturel d'orange, vitamines (E, PP, B6, B1, B9).",off_reference_label_limitation,False,
1263_off_tag_eval,3175680011442,Biscuit soja orange,sesame,fr,"Farine de blé 57,7%, sucre non raffiné, huile de colza, flocons de soja toastés 7%, germe de blé 5,3%, amidon de blé, oranges déshydratées 1,5%, fibre de blé, magnésium, sucre, amidon de maïs, jus concentré de citron, poudre à lever: carbonates de sodium, émulsifiant: lécithines, sel de mer, arôme naturel d'orange, vitamines (E, PP, B6, B1, B9).",off_reference_label_limitation,False,
1263_off_tag_eval,3175680011442,Biscuit soja orange,tree_nut,fr,"Farine de blé 57,7%, sucre non raffiné, huile de colza, flocons de soja toastés 7%, germe de blé 5,3%, amidon de blé, oranges déshydratées 1,5%, fibre de blé, magnésium, sucre, amidon de maïs, jus concentré de citron, poudre à lever: carbonates de sodium, émulsifiant: lécithines, sel de mer, arôme naturel d'orange, vitamines (E, PP, B6, B1, B9).",off_reference_label_limitation,False,
1263_off_tag_eval,3392460480827,Biscottes 6 Céréales,milk,fr,"Céréales 93 % (farine de BLÉ 79,4 %, flocons de BLÉ malté 4,4 %, flocons d'AVOINE 1,7 %, farine d'ORGE malté 1,5 %, farine de SEIGLE 1,2 %, semoule de BLÉ 1,2 %, farine d'ORGE 1,2 %, farine de sarrasin 1,2 %, farine de riz 1,2 %), levure, graines de lin 3,6 %, graines de SÉSAME 3,4 %, huile de palme, sirop de glucose-fructose, sel, gluten de BLÉ, sucre, agent de traitement de la farine (acide ascorbique), émulsifiants (E 471, E 481), amidon de BLÉ.",off_reference_label_limitation,False,
1263_off_tag_eval,3392460480827,Biscottes 6 Céréales,soy,fr,"Céréales 93 % (farine de BLÉ 79,4 %, flocons de BLÉ malté 4,4 %, flocons d'AVOINE 1,7 %, farine d'ORGE malté 1,5 %, farine de SEIGLE 1,2 %, semoule de BLÉ 1,2 %, farine d'ORGE 1,2 %, farine de sarrasin 1,2 %, farine de riz 1,2 %), levure, graines de lin 3,6 %, graines de SÉSAME 3,4 %, huile de palme, sirop de glucose-fructose, sel, gluten de BLÉ, sucre, agent de traitement de la farine (acide ascorbique), émulsifiants (E 471, E 481), amidon de BLÉ.",off_reference_label_limitation,False,
1263_off_tag_eval,3760091722508,Chocolat noir 85% Madagascar,wheat_gluten,fr,"Pâte de cacao de Madagascar 75%, sucre de canne, beurre de cacao 10%",off_reference_label_limitation,False,
1263_off_tag_eval,3760091722508,Chocolat noir 85% Madagascar,milk,fr,"Pâte de cacao de Madagascar 75%, sucre de canne, beurre de cacao 10%",off_reference_label_limitation,False,
1263_off_tag_eval,3760091722508,Chocolat noir 85% Madagascar,sesame,fr,"Pâte de cacao de Madagascar 75%, sucre de canne, beurre de cacao 10%",off_reference_label_limitation,False,
1263_off_tag_eval,3760091722508,Chocolat noir 85% Madagascar,tree_nut,fr,"Pâte de cacao de Madagascar 75%, sucre de canne, beurre de cacao 10%",off_reference_label_limitation,False,
1263_off_tag_eval,3229820794532,Avoine complète,peanut,fr,"Flocons d'avoine 40%,
Farine de blé 23% estimation,
Sucre de canne non raffiné 9,1% estimation,
Huile de colza 8,2% estimation,
Billettes de riz soufflé (farine de riz, sel) 8% estimation,
Fibres d'acacia 5,8% estimation,
Miel 2,9% estimation,
Poudre à lever (carbonates d'ammonium) &lt;2%,
Jaune d'œuf en poudre &lt;2%,
Sel marin &lt;2%,Antioxydant (extraits de romarin) &lt;2%,
Peut contenir des traces de lait, de fruits à coque, de graines de sésame et de soja.",off_reference_label_limitation,False,
1263_off_tag_eval,3175681257566,Gerble Buscuit Citron Gingembre,egg,fr,"farine complète de blé* 55,4%, farine de blé* semi-complète 19,4%, sucre de canne*, huile de tournesol oléique*, acide citrique, carbonates de sodium, huile essentielle de citron*, gingembre* en poudre.",off_reference_label_limitation,False,
1263_off_tag_eval,3175681257566,Gerble Buscuit Citron Gingembre,soy,fr,"farine complète de blé* 55,4%, farine de blé* semi-complète 19,4%, sucre de canne*, huile de tournesol oléique*, acide citrique, carbonates de sodium, huile essentielle de citron*, gingembre* en poudre.",off_reference_label_limitation,False,
1263_off_tag_eval,3175681257566,Gerble Buscuit Citron Gingembre,milk,fr,"farine complète de blé* 55,4%, farine de blé* semi-complète 19,4%, sucre de canne*, huile de tournesol oléique*, acide citrique, carbonates de sodium, huile essentielle de citron*, gingembre* en poudre.",off_reference_label_limitation,False,
1263_off_tag_eval,3175681257566,Gerble Buscuit Citron Gingembre,sesame,fr,"farine complète de blé* 55,4%, farine de blé* semi-complète 19,4%, sucre de canne*, huile de tournesol oléique*, acide citrique, carbonates de sodium, huile essentielle de citron*, gingembre* en poudre.",off_reference_label_limitation,False,
1263_off_tag_eval,3175681257566,Gerble Buscuit Citron Gingembre,tree_nut,fr,"farine complète de blé* 55,4%, farine de blé* semi-complète 19,4%, sucre de canne*, huile de tournesol oléique*, acide citrique, carbonates de sodium, huile essentielle de citron*, gingembre* en poudre.",off_reference_label_limitation,False,
1263_off_tag_eval,4056489039518,Petit Pains Grillés Blé complet,egg,fr,"Farine de _blé_ complet 45%, farine de _blé_ 45%, huile de colza, sucre, levure, sel, gluten de _blé_, agent de traitement de la farine (acide ascorbique)",off_reference_label_limitation,False,
1263_off_tag_eval,4056489039518,Petit Pains Grillés Blé complet,sesame,fr,"Farine de _blé_ complet 45%, farine de _blé_ 45%, huile de colza, sucre, levure, sel, gluten de _blé_, agent de traitement de la farine (acide ascorbique)",off_reference_label_limitation,False,
1263_off_tag_eval,4056489039518,Petit Pains Grillés Blé complet,milk,fr,"Farine de _blé_ complet 45%, farine de _blé_ 45%, huile de colza, sucre, levure, sel, gluten de _blé_, agent de traitement de la farine (acide ascorbique)",off_reference_label_limitation,False,
1263_off_tag_eval,4056489039518,Petit Pains Grillés Blé complet,soy,fr,"Farine de _blé_ complet 45%, farine de _blé_ 45%, huile de colza, sucre, levure, sel, gluten de _blé_, agent de traitement de la farine (acide ascorbique)",off_reference_label_limitation,False,
1263_off_tag_eval,3229820787008,Lait d'amande,tree_nut,fr,"Lait d'amande* (eau, amandes* 2,8%), sucre de canne non raffiné, amidon de riz*, sel marin.

*ingrédients biologiques",off_reference_label_limitation,False,
1263_off_tag_eval,7622210713780,Belvita Petit Déjeuner Chocolat,egg,fr,"Céréales 56,8 % (céréales complètes 39,8 % (farine complète de BLÉ 20,1 %, flocons d'AVOINE 8,8 %, farine complète d'ORGE 6,4 %, farine complète de SEIGLE 3,5 %, farine complète d'épeautre 1 %), farine de BLÉ 17 %), sucre, pépites de chocolat 12% (sucre, pâte de cacao, graisses végétales (palme, karité en proportions variables), dextrose, beurre de cacao, émulsifiant (lécithines de SOJA)), huile de colza, cacao maigre en poudre 3 %, amidon de BLÉ, poudres à lever (carbonates d'ammonium, diphosphates, carbonates de sodium), minéraux (carbonate de calcium, carbonate de magnésium, fer élémentaire), émulsifiants (lécithines de SOJA, E492, E472e), sel, arôme, LAIT écrémé en poudre.",off_reference_label_limitation,False,
1263_off_tag_eval,7622210713780,Belvita Petit Déjeuner Chocolat,sesame,fr,"Céréales 56,8 % (céréales complètes 39,8 % (farine complète de BLÉ 20,1 %, flocons d'AVOINE 8,8 %, farine complète d'ORGE 6,4 %, farine complète de SEIGLE 3,5 %, farine complète d'épeautre 1 %), farine de BLÉ 17 %), sucre, pépites de chocolat 12% (sucre, pâte de cacao, graisses végétales (palme, karité en proportions variables), dextrose, beurre de cacao, émulsifiant (lécithines de SOJA)), huile de colza, cacao maigre en poudre 3 %, amidon de BLÉ, poudres à lever (carbonates d'ammonium, diphosphates, carbonates de sodium), minéraux (carbonate de calcium, carbonate de magnésium, fer élémentaire), émulsifiants (lécithines de SOJA, E492, E472e), sel, arôme, LAIT écrémé en poudre.",off_reference_label_limitation,False,
1263_off_tag_eval,7622210713780,Belvita Petit Déjeuner Chocolat,tree_nut,fr,"Céréales 56,8 % (céréales complètes 39,8 % (farine complète de BLÉ 20,1 %, flocons d'AVOINE 8,8 %, farine complète d'ORGE 6,4 %, farine complète de SEIGLE 3,5 %, farine complète d'épeautre 1 %), farine de BLÉ 17 %), sucre, pépites de chocolat 12% (sucre, pâte de cacao, graisses végétales (palme, karité en proportions variables), dextrose, beurre de cacao, émulsifiant (lécithines de SOJA)), huile de colza, cacao maigre en poudre 3 %, amidon de BLÉ, poudres à lever (carbonates d'ammonium, diphosphates, carbonates de sodium), minéraux (carbonate de calcium, carbonate de magnésium, fer élémentaire), émulsifiants (lécithines de SOJA, E492, E472e), sel, arôme, LAIT écrémé en poudre.",off_reference_label_limitation,False,
1263_off_tag_eval,3336971805038,Chips de lentilles saveur tomate mozza,wheat_gluten,fr,"Farine de lentille (37%), huiles végétales (tournesol, colza), farine de riz, farine de maïs, amidons, lactosérum en poudre (LAIT), sel, sucre, chlorure de potassium, arôme naturel, tomate, persil, oignon, poivre vert, ail, mozzarella en poudre (LAIT).",off_reference_label_limitation,False,
1263_off_tag_eval,3336971805038,Chips de lentilles saveur tomate mozza,peanut,fr,"Farine de lentille (37%), huiles végétales (tournesol, colza), farine de riz, farine de maïs, amidons, lactosérum en poudre (LAIT), sel, sucre, chlorure de potassium, arôme naturel, tomate, persil, oignon, poivre vert, ail, mozzarella en poudre (LAIT).",off_reference_label_limitation,False,
1263_off_tag_eval,3336971805038,Chips de lentilles saveur tomate mozza,soy,fr,"Farine de lentille (37%), huiles végétales (tournesol, colza), farine de riz, farine de maïs, amidons, lactosérum en poudre (LAIT), sel, sucre, chlorure de potassium, arôme naturel, tomate, persil, oignon, poivre vert, ail, mozzarella en poudre (LAIT).",off_reference_label_limitation,False,
1263_off_tag_eval,8052575090346,Nocciolata la bianca,tree_nut,fr,"Pâte de noisettes 30%, sucre, lait écrémé en poudre, huile de tournesol, beurre de cacao, émulsifiant : lécithine de soja, extrait de vanille.",off_reference_label_limitation,False,
1263_off_tag_eval,3478820023184,Pâte à tartiner Chocolat Noisette,soy,fr,"Sucre de canne*, huile de tournesol*, chocolat* 16,5% (sucre de canne*, poudre de cacao maigre*, beurre de cacao*), purée de NOISETTES* 10%, poudre de LAIT écrémé*, farine de SOJA*, émulsifiant : lécithines* (SOJA), extrait de vanille Bourbon*. *Produits issus de l'agriculture biologique. Peut contenir des traces d'autres FRUITS A COQUE et LUPIN.",section_splitting_context_gap,False,
1263_off_tag_eval,3175681028111,Les Galettes Boulgour & Quinoa - Tomate & Paprika,egg,fr,"Boulgour de blé* 44,9%, quinoa* cuit 11,7%, poivrons rouges*, oignons*, farine de blé  5,6%, concentré de tomates* 4,6%, huiles tournesol* 4.1%, avoine* 3,7%, gluten de  blé* 2,8%, flocons de blé complet* 2,3%, maïs doux*, ail*, sel de mer, paprika doux* 0,7%,",off_reference_label_limitation,False,
1263_off_tag_eval,3175681028111,Les Galettes Boulgour & Quinoa - Tomate & Paprika,soy,fr,"Boulgour de blé* 44,9%, quinoa* cuit 11,7%, poivrons rouges*, oignons*, farine de blé  5,6%, concentré de tomates* 4,6%, huiles tournesol* 4.1%, avoine* 3,7%, gluten de  blé* 2,8%, flocons de blé complet* 2,3%, maïs doux*, ail*, sel de mer, paprika doux* 0,7%,",off_reference_label_limitation,False,
1263_off_tag_eval,3175681028111,Les Galettes Boulgour & Quinoa - Tomate & Paprika,milk,fr,"Boulgour de blé* 44,9%, quinoa* cuit 11,7%, poivrons rouges*, oignons*, farine de blé  5,6%, concentré de tomates* 4,6%, huiles tournesol* 4.1%, avoine* 3,7%, gluten de  blé* 2,8%, flocons de blé complet* 2,3%, maïs doux*, ail*, sel de mer, paprika doux* 0,7%,",off_reference_label_limitation,False,
1263_off_tag_eval,3175681028111,Les Galettes Boulgour & Quinoa - Tomate & Paprika,sesame,fr,"Boulgour de blé* 44,9%, quinoa* cuit 11,7%, poivrons rouges*, oignons*, farine de blé  5,6%, concentré de tomates* 4,6%, huiles tournesol* 4.1%, avoine* 3,7%, gluten de  blé* 2,8%, flocons de blé complet* 2,3%, maïs doux*, ail*, sel de mer, paprika doux* 0,7%,",off_reference_label_limitation,False,
1263_off_tag_eval,3175681028111,Les Galettes Boulgour & Quinoa - Tomate & Paprika,tree_nut,fr,"Boulgour de blé* 44,9%, quinoa* cuit 11,7%, poivrons rouges*, oignons*, farine de blé  5,6%, concentré de tomates* 4,6%, huiles tournesol* 4.1%, avoine* 3,7%, gluten de  blé* 2,8%, flocons de blé complet* 2,3%, maïs doux*, ail*, sel de mer, paprika doux* 0,7%,",off_reference_label_limitation,False,
1263_off_tag_eval,3182180001996,Biscottes Sans sucres ajoutés Blé complet,egg,fr,Farine de BLÉ complet 58% - Farine de BLÉ 42% - Huile de tournesol - GLUTEN de BLÉ - Levure boulangère - Levain de BLÉ déshydraté - Sel - Agent de traitement de la farine : acide ascorbique.,off_reference_label_limitation,False,
1263_off_tag_eval,3182180001996,Biscottes Sans sucres ajoutés Blé complet,sesame,fr,Farine de BLÉ complet 58% - Farine de BLÉ 42% - Huile de tournesol - GLUTEN de BLÉ - Levure boulangère - Levain de BLÉ déshydraté - Sel - Agent de traitement de la farine : acide ascorbique.,off_reference_label_limitation,False,
1263_off_tag_eval,3182180001996,Biscottes Sans sucres ajoutés Blé complet,tree_nut,fr,Farine de BLÉ complet 58% - Farine de BLÉ 42% - Huile de tournesol - GLUTEN de BLÉ - Levure boulangère - Levain de BLÉ déshydraté - Sel - Agent de traitement de la farine : acide ascorbique.,off_reference_label_limitation,False,
1263_off_tag_eval,3182180001996,Biscottes Sans sucres ajoutés Blé complet,milk,fr,Farine de BLÉ complet 58% - Farine de BLÉ 42% - Huile de tournesol - GLUTEN de BLÉ - Levure boulangère - Levain de BLÉ déshydraté - Sel - Agent de traitement de la farine : acide ascorbique.,off_reference_label_limitation,False,
1263_off_tag_eval,20713713,Chocolat noir Equateur Bio,wheat_gluten,fr,"Pâte de cacao 50%, beurre de cacao 35%, sucre, extrait de vanille",off_reference_label_limitation,False,
1263_off_tag_eval,20713713,Chocolat noir Equateur Bio,milk,fr,"Pâte de cacao 50%, beurre de cacao 35%, sucre, extrait de vanille",off_reference_label_limitation,False,
1263_off_tag_eval,20713713,Chocolat noir Equateur Bio,tree_nut,fr,"Pâte de cacao 50%, beurre de cacao 35%, sucre, extrait de vanille",off_reference_label_limitation,False,
1263_off_tag_eval,7622201809638,Napolitain l'Original,tree_nut,fr,"Farine de blé, Sucre, Huile de palme, Sirop de glucose-fructose, Œufs, Chocolat en poudre (Sucre, Poudre de cacao), Stabilisants (Glycérol, Sorbitols), Lactosérum en poudre (de Lait), Alcool, Sirop de glucose, Cacao maigre en poudre, Poudres à lever (Carbonates d'ammonium, Diphosphates, Carbonates de sodium), Huile de colza, Graisse de karité, Sel, Arômes, Amidon, Émulsifiants (E472b, E472a, Lécithines de soja, E471), Lait écrémé en poudre, colorant (E160a), Épaississant (Gomme xanthane), Beurre concentré, Correcteurs d'acidité (Citrates de sodium, Acide citrique), Conservateur (Sorbate de potassium)",off_reference_label_limitation,False,
1263_off_tag_eval,8410076801180,Crunchy oats&honey,wheat_gluten,en,"whole grain oat flakes (60%),sugar, refined sunflower oil, honey (3%), salt, cane molasses, emulsifier (sunflower lecithin), gasifier (sodium acid carbonate),",off_reference_label_limitation,False,
1263_off_tag_eval,8410076801180,Crunchy oats&honey,tree_nut,en,"whole grain oat flakes (60%),sugar, refined sunflower oil, honey (3%), salt, cane molasses, emulsifier (sunflower lecithin), gasifier (sodium acid carbonate),",off_reference_label_limitation,False,
1263_off_tag_eval,8410076801180,Crunchy oats&honey,peanut,en,"whole grain oat flakes (60%),sugar, refined sunflower oil, honey (3%), salt, cane molasses, emulsifier (sunflower lecithin), gasifier (sodium acid carbonate),",off_reference_label_limitation,False,
1263_off_tag_eval,8410076801180,Crunchy oats&honey,soy,en,"whole grain oat flakes (60%),sugar, refined sunflower oil, honey (3%), salt, cane molasses, emulsifier (sunflower lecithin), gasifier (sodium acid carbonate),",off_reference_label_limitation,False,
1263_off_tag_eval,7622400006753,Noir 70% Intense,tree_nut,nl,"Cacaomassa, suiker, cacaoboter, magere cacaopoeder, melkvet, emulgator (sojalecithinen), natuurlijk vanillearoma, magere melkpoeder.",off_reference_label_limitation,False,
1263_off_tag_eval,3083681148619,Carottes rapees citron dnp 320g,shellfish,fr,"Carottes 81%, eau, huile de colza, vinaigre d'alcool, sucre, sel, jus de citron de Sicile 0,6%, MOUTARDE de Dijon, arôme naturel de citron (BLE), amidon de pomme de terre, antioxydant : acide ascorbique, épaississants : gomme de xanthane et gomme de guar, purée d'ail, arôme naturel de poivre. Fabriqué dans un atelier utilisant également : céleri, œuf, lait, poisson, crustacé, soja, fruits à coque.""",ontology_dictionary_gap,False,
1263_off_tag_eval,3229820004334,Le cookie Chocolat Noisette,peanut,fr,"Sucre roux de canne*, 
Farine de blé* 20%, 
Farine complète de blé* 16%,
Huile de colza*, 
Pépites de chocolat noir* 15% (sucre de canne*, pâte de cacao*, beurre de cacao*), 
Noisettes* 6%, 
Fibres d'acacia*, 
Amidon de blé*, 
Poudre de lait* écrémé, 
Œuf* entier en poudre, 
Poudre à lever: carbonates d'ammonium, 
Émulsifiant : lécithines* (soja), 
Sel marin. 
Peut contenir des traces d'autres fruits à coque et de graines de sésame. *Ingrédients biologiques.",off_reference_label_limitation,False,
1263_off_tag_eval,3251491787803,Goûter aux écorces confites,tree_nut,fr,"Farine de blé 62,5%, sucre non raffiné, huile de colza, farine de soja entière, écorces d'orange confites 5,3% (écorces d'orange, sirop de glucose-fructose, sucre, acidifiant : acide citrique), écorces de citron confites 5,3% (écorces de citron, sirop de glucose-fructose, sucre, acidifiant: acide citrique), fibres de chicorée: fructooligosaccharides, poudre à lever: carbonates d'ammonium, protéines de lait, arôme naturel de mandarine.",off_reference_label_limitation,False,
1263_off_tag_eval,3229820794648,GALETTES EXTRA-FINES MAΪS,sesame,en,"corn* 99,7%, salt, * organic ingredient,",off_reference_label_limitation,False,
1263_off_tag_eval,3608580142966,Pâte à tartiner cacahuètes et cacao,sesame,fr,"Cacahuètes torréfiées 40%, sucre, huile de tournesol, cacao maigre en poudre 5%, beurre cacao, sel, extrait de vanille, émulsifiant : lécithine de tournesol.",off_reference_label_limitation,False,
1263_off_tag_eval,3608580142966,Pâte à tartiner cacahuètes et cacao,tree_nut,fr,"Cacahuètes torréfiées 40%, sucre, huile de tournesol, cacao maigre en poudre 5%, beurre cacao, sel, extrait de vanille, émulsifiant : lécithine de tournesol.",off_reference_label_limitation,False,
1263_off_tag_eval,5411188116592,Coconut,tree_nut,nl,"Water, kokosnootmelk (5,3%) (kokosroom, water), rijst (3,3%), tricalciumfosfaat, stabilisatoren (guarpitmeel, gellangom, xanthaangom), zeezout, aroma's, vitaminen (B12, D2).",off_reference_label_limitation,False,
1263_off_tag_eval,5053990155354,Sour Cream & Onion,soy,fr,"Pommes de terre déshydratées, huiles végétales (tournesol, maïs), farine de riz, amidon de BLÉ, farine de maïs, assaisonnement crème acidulée et oignon (amidon de BLÉ, exhausteurs de goût {glutamate monosodique, guanylate disodique, inosinate disodique}, oignon en poudre, maltodextrine, sel, dextrose, sucre, lactosérum doux en poudre {LAIT}, fécule de pomme de terre, amidon de maïs modifié, acidifiants {acide citrique, acide lactique, acide malique}, crème acidulée en poudre {LAIT}, arômes {LAIT}, extrait de levure, sirop de glucose, protéines de LAIT, farine de riz), émulsifiant (E471), maltodextrine, sel, colorant (rocou).",off_reference_label_limitation,False,
1263_off_tag_eval,3175681028098,Galettes boulghour & épeautre,milk,fr,"Boulgour de blé complet réhydraté 43,5%, petit épeautre cuit (blé) 13,2%, carottes 6%, farine de blé 5,1%, oignons 4,6%, huiles végétales (huile de tournesol oléique, huile de tournesol), concentré de tomates 3,9%, flocons d'avoine complète 3,7%, poivrons rouges 3,2%, gluten de blé 2,8%, flocons de blé complet 2,3%, céleri rave 14%, ail, raisins secs, sel de mer, épices.",off_reference_label_limitation,False,
1263_off_tag_eval,3175681028098,Galettes boulghour & épeautre,sesame,fr,"Boulgour de blé complet réhydraté 43,5%, petit épeautre cuit (blé) 13,2%, carottes 6%, farine de blé 5,1%, oignons 4,6%, huiles végétales (huile de tournesol oléique, huile de tournesol), concentré de tomates 3,9%, flocons d'avoine complète 3,7%, poivrons rouges 3,2%, gluten de blé 2,8%, flocons de blé complet 2,3%, céleri rave 14%, ail, raisins secs, sel de mer, épices.",off_reference_label_limitation,False,
1263_off_tag_eval,3175681028098,Galettes boulghour & épeautre,tree_nut,fr,"Boulgour de blé complet réhydraté 43,5%, petit épeautre cuit (blé) 13,2%, carottes 6%, farine de blé 5,1%, oignons 4,6%, huiles végétales (huile de tournesol oléique, huile de tournesol), concentré de tomates 3,9%, flocons d'avoine complète 3,7%, poivrons rouges 3,2%, gluten de blé 2,8%, flocons de blé complet 2,3%, céleri rave 14%, ail, raisins secs, sel de mer, épices.",off_reference_label_limitation,False,
1263_off_tag_eval,3175681028098,Galettes boulghour & épeautre,soy,fr,"Boulgour de blé complet réhydraté 43,5%, petit épeautre cuit (blé) 13,2%, carottes 6%, farine de blé 5,1%, oignons 4,6%, huiles végétales (huile de tournesol oléique, huile de tournesol), concentré de tomates 3,9%, flocons d'avoine complète 3,7%, poivrons rouges 3,2%, gluten de blé 2,8%, flocons de blé complet 2,3%, céleri rave 14%, ail, raisins secs, sel de mer, épices.",off_reference_label_limitation,False,
1263_off_tag_eval,3366321051983,Oméga 3® Doux,milk,fr,"Huiles et stéarine végétales 50% (colza 28%, coco, karité, lin 5,7%), eau, émulsifiants (mono et diglycérides d'acides gras, lécithine de SOJA), sel, arômes, stabilisant (pectine), colorant (bêta-carotène), vitamine B1. Traces éventuelles d'ARACHIDES.",off_reference_label_limitation,False,
1263_off_tag_eval,6111184000657,Star Mayonnaise,tree_nut,ar,زيت الصوجا (63%)، ماء، خل المائدة، اصفر البيض (6%)، خردل (ماء، حبات الخردل، خل المائدة، ملح، زيت الصوجا، مثبت: صمغ الزنتان، مادة حافظة ميتابيسلفيت البوتاسيوم ومضادات الأكسدة: حامض الستريك)، ملح، مثبت: صمغ الزنتان، مواد حافظة: (سوربات البوتاسيوم، بنزوات الصوديوم) ومضادات الأكسدة: (كالسيوم دي صوديوم EDTA وحامض الستريك),off_reference_label_limitation,False,
1263_off_tag_eval,6111259342828,Petit beurre,tree_nut,en,"Farine de blé, Sucre, Beurre 11%, Fins éclats de caramel (Sucre, Lait écrémé en poudre), Huiles végétales hydrogénée (Palme), Amidon, Œufs entier liquide pasteurisé, Lait écrémé en poudre, Sirop de sucre inverti, poudres à lever (Pyrophosphate acide de sodium, Bicarbonates de sodium, Bicarbonates d'ammonium), sel, émulsifiant (lécithines de soja), arôme (vanilline). *Contient: Blé (céréales contenant du gluten), œufs, soja et lait.",off_reference_label_limitation,False,
1263_off_tag_eval,6111259347861,Pauz,tree_nut,fr,"Sucre, Farine de blé, Graisses végétales (palmiste, palme, tournesol), Poudre de lait de vache écrémé, Poudre de cacao, Poudre de lait de vache entier, Amidon de maïs, Emulsifiants d'origine végétale (lécithine de soja E322, Polyricinoléate de polyglycérol E476), Poudre levante (Bicarbonate de sodium E500ii), Sel et Arome (vanilline). Contient : Blé (céréales contenant du gluten), lait et soja; peut contenir des traces de fruits à coques et des arachides.",off_reference_label_limitation,False,
1263_off_tag_eval,7622210476104,Véritable Petit Beurre,egg,fr,"Farine de BLÉ, sucre, BEURRE, LAIT écrémé en poudre, sel, poudres à lever (carbonates d'ammonium, carbonates de sodium), correcteur d'acidité (acide citrique), arôme.",off_reference_label_limitation,False,
1263_off_tag_eval,7622210476104,Véritable Petit Beurre,sesame,fr,"Farine de BLÉ, sucre, BEURRE, LAIT écrémé en poudre, sel, poudres à lever (carbonates d'ammonium, carbonates de sodium), correcteur d'acidité (acide citrique), arôme.",off_reference_label_limitation,False,
1263_off_tag_eval,5010477348517,Country Crisp 4 Baies,wheat_gluten,fr,"Céréales complètes (54%) (flocons d’avoine, farine d’avoine), sucre, flocons d’orge, huile végétale (huile de colza et de tournesol en proportions variables), farine de riz, baies lyophilisées (2,5%) (groseilles entières, cassis entiers, myrtilles entières, cranberries en tranches), noix de coco séchée, arôme naturel.",off_reference_label_limitation,False,
1263_off_tag_eval,5010477348517,Country Crisp 4 Baies,tree_nut,fr,"Céréales complètes (54%) (flocons d’avoine, farine d’avoine), sucre, flocons d’orge, huile végétale (huile de colza et de tournesol en proportions variables), farine de riz, baies lyophilisées (2,5%) (groseilles entières, cassis entiers, myrtilles entières, cranberries en tranches), noix de coco séchée, arôme naturel.",off_reference_label_limitation,False,
1263_off_tag_eval,3017760000062,Véritable Petit Beurre Pocket,egg,fr,"Farine de blé, sucre, beurre, lait écrémé en poudre, sel, poudres à lever (carbonates d'ammonium, carbonates de sodium), correcteur d'acidité (acide citrique), arôme.",off_reference_label_limitation,False,
1263_off_tag_eval,3017760000062,Véritable Petit Beurre Pocket,sesame,fr,"Farine de blé, sucre, beurre, lait écrémé en poudre, sel, poudres à lever (carbonates d'ammonium, carbonates de sodium), correcteur d'acidité (acide citrique), arôme.",off_reference_label_limitation,False,
1263_off_tag_eval,20171841,Roggen Vollkorn-Knäckebr,wheat_gluten,de,"Roggenvollkornmehl, Speisesalz,",off_reference_label_limitation,False,
1263_off_tag_eval,20171841,Roggen Vollkorn-Knäckebr,milk,de,"Roggenvollkornmehl, Speisesalz,",off_reference_label_limitation,False,
1263_off_tag_eval,20171841,Roggen Vollkorn-Knäckebr,sesame,de,"Roggenvollkornmehl, Speisesalz,",off_reference_label_limitation,False,
1263_off_tag_eval,3182180002115,Grilletine Blé Complet,egg,en,"wheat  flour 62%, wholegrain cereals 16% (whole  wheat  flour 15%, whole  rye  flour 1%), sunflower oil, sugar,  wheat  bran, yeast, wheat  gluten , skimmed  milk  powder, malted  barley  flour, salt,  barley  malt extract,  wheat  semolina, emulsifiers: mono - and diglycerides of fatty acids, flour treatment agent: ascorbic acid",off_reference_label_limitation,False,
1263_off_tag_eval,3182180002115,Grilletine Blé Complet,soy,en,"wheat  flour 62%, wholegrain cereals 16% (whole  wheat  flour 15%, whole  rye  flour 1%), sunflower oil, sugar,  wheat  bran, yeast, wheat  gluten , skimmed  milk  powder, malted  barley  flour, salt,  barley  malt extract,  wheat  semolina, emulsifiers: mono - and diglycerides of fatty acids, flour treatment agent: ascorbic acid",off_reference_label_limitation,False,
1263_off_tag_eval,3182180002115,Grilletine Blé Complet,sesame,en,"wheat  flour 62%, wholegrain cereals 16% (whole  wheat  flour 15%, whole  rye  flour 1%), sunflower oil, sugar,  wheat  bran, yeast, wheat  gluten , skimmed  milk  powder, malted  barley  flour, salt,  barley  malt extract,  wheat  semolina, emulsifiers: mono - and diglycerides of fatty acids, flour treatment agent: ascorbic acid",off_reference_label_limitation,False,
1263_off_tag_eval,3182180002115,Grilletine Blé Complet,tree_nut,en,"wheat  flour 62%, wholegrain cereals 16% (whole  wheat  flour 15%, whole  rye  flour 1%), sunflower oil, sugar,  wheat  bran, yeast, wheat  gluten , skimmed  milk  powder, malted  barley  flour, salt,  barley  malt extract,  wheat  semolina, emulsifiers: mono - and diglycerides of fatty acids, flour treatment agent: ascorbic acid",off_reference_label_limitation,False,
1263_off_tag_eval,3182180002115,Grilletine Blé Complet,peanut,en,"wheat  flour 62%, wholegrain cereals 16% (whole  wheat  flour 15%, whole  rye  flour 1%), sunflower oil, sugar,  wheat  bran, yeast, wheat  gluten , skimmed  milk  powder, malted  barley  flour, salt,  barley  malt extract,  wheat  semolina, emulsifiers: mono - and diglycerides of fatty acids, flour treatment agent: ascorbic acid",off_reference_label_limitation,False,
1263_off_tag_eval,6111180007650,Cacao,tree_nut,fr,Poudre de Cacao,off_reference_label_limitation,False,
1263_off_tag_eval,8198701234564,Pâte d'arachide,tree_nut,fr,"Arachides grillées (90%), huile de palme hydrogénée, sucre et sel.",off_reference_label_limitation,False,
1263_off_tag_eval,8076809573252,Baiocchi nocciola 260g,sesame,fr,"Biscuit: Farine de BLÉ 51,6%*, sucre, huile de tournesol, OEUFS, LAIT en poudre écrémé, LAIT entier pasteurisé, sel, poudres à lever (carbonate acide de sodium, tartrate monopotassique, carbonate acide d'ammonium), amidon de BLÉ, arôme. Fourrage aux NOISETTES et au cacao 28%*: sucre, graisses et huiles végétales (karité, tournesol), NOISETTES 7,1%*, cacao 2,6%*, LAIT en poudre écrémé, amidon de BLÉ, arôme. *% exprimé sur le produit fini. Peut contenir des traces d'autres FRUITS A COQUE, MOUTARDE et SOJA.",off_reference_label_limitation,False,
1263_off_tag_eval,8076809573252,Baiocchi nocciola 260g,peanut,fr,"Biscuit: Farine de BLÉ 51,6%*, sucre, huile de tournesol, OEUFS, LAIT en poudre écrémé, LAIT entier pasteurisé, sel, poudres à lever (carbonate acide de sodium, tartrate monopotassique, carbonate acide d'ammonium), amidon de BLÉ, arôme. Fourrage aux NOISETTES et au cacao 28%*: sucre, graisses et huiles végétales (karité, tournesol), NOISETTES 7,1%*, cacao 2,6%*, LAIT en poudre écrémé, amidon de BLÉ, arôme. *% exprimé sur le produit fini. Peut contenir des traces d'autres FRUITS A COQUE, MOUTARDE et SOJA.",off_reference_label_limitation,False,
1263_off_tag_eval,3760324300015,2 Steaks végétaux et gourmands,wheat_gluten,en,"rehydrated textured pea protein (water, pea protein (9,5%), pea extract), water, sunflower oil, faba bean protein (2,5%), pea protein (2%), potato starch, plant fiber (bamboo, plantain, potato), natural flavors, salt, beet juice concentrate, barley malt extract, maltodextrin, acidity regulators: buffered vinegar and citric acid,  antioxidant: rosemary extract, stabilizer: methylcellulose",off_reference_label_limitation,False,
1263_off_tag_eval,3760324300015,2 Steaks végétaux et gourmands,sesame,en,"rehydrated textured pea protein (water, pea protein (9,5%), pea extract), water, sunflower oil, faba bean protein (2,5%), pea protein (2%), potato starch, plant fiber (bamboo, plantain, potato), natural flavors, salt, beet juice concentrate, barley malt extract, maltodextrin, acidity regulators: buffered vinegar and citric acid,  antioxidant: rosemary extract, stabilizer: methylcellulose",off_reference_label_limitation,False,
1263_off_tag_eval,3760324300015,2 Steaks végétaux et gourmands,soy,en,"rehydrated textured pea protein (water, pea protein (9,5%), pea extract), water, sunflower oil, faba bean protein (2,5%), pea protein (2%), potato starch, plant fiber (bamboo, plantain, potato), natural flavors, salt, beet juice concentrate, barley malt extract, maltodextrin, acidity regulators: buffered vinegar and citric acid,  antioxidant: rosemary extract, stabilizer: methylcellulose",off_reference_label_limitation,False,
1263_off_tag_eval,3664346305990,Grand Arôme 32% de Cacao,milk,fr,"Sucre, cacao maigre en poudre 32% minimum (11% de beurre de cacao), arôme.",off_reference_label_limitation,False,
1263_off_tag_eval,5411188125808,Mango Ohne Zuckerzusatz,tree_nut,de,"Wasser, Mangomischung (16,8%) (Frucht (9,6%), Saftkonzentrat (7,2%)), geschälte Sojabohnen (9,7%), Calcium (Tricalciumcitrat), Stabilisator (Pektine Säureregulatoren (Natriumcitrate, Citronensäure), natürliches Aroma, modifizierte Stärke, Meersalz, Antioxidationsmittel (stark tocopherolhaltige Extrakte, Fettsäureester der Ascorbinsäure), färbendes Karotten - und Kürbiskonzentrat, Vitamine B2, B12, D2, Joghurtkulturen (S. thermophilus, L. bulgaricus).",off_reference_label_limitation,False,
1263_off_tag_eval,3229820798110,Granola Chocolat,soy,fr,"Flocons d'avoine complètes 71%, sucre de canne non raffiné, huile de tournesol, chocolat noir 5% (pâte de cacao, sucre de canne non raffiné, beurre de cacao), riz extrudé (au chocolat noir) 3% (chocolat noir (pâte de cacao, sucre de canne non raffiné, beurre de cacao), farine complète de riz), poudre de cacao maigre 2,5%, inuline, antioxydant : extrait riche en tocophérols.",off_reference_label_limitation,False,
1263_off_tag_eval,3229820798110,Granola Chocolat,wheat_gluten,fr,"Flocons d'avoine complètes 71%, sucre de canne non raffiné, huile de tournesol, chocolat noir 5% (pâte de cacao, sucre de canne non raffiné, beurre de cacao), riz extrudé (au chocolat noir) 3% (chocolat noir (pâte de cacao, sucre de canne non raffiné, beurre de cacao), farine complète de riz), poudre de cacao maigre 2,5%, inuline, antioxydant : extrait riche en tocophérols.",off_reference_label_limitation,False,
1263_off_tag_eval,3229820798110,Granola Chocolat,milk,fr,"Flocons d'avoine complètes 71%, sucre de canne non raffiné, huile de tournesol, chocolat noir 5% (pâte de cacao, sucre de canne non raffiné, beurre de cacao), riz extrudé (au chocolat noir) 3% (chocolat noir (pâte de cacao, sucre de canne non raffiné, beurre de cacao), farine complète de riz), poudre de cacao maigre 2,5%, inuline, antioxydant : extrait riche en tocophérols.",off_reference_label_limitation,False,
1263_off_tag_eval,3229820798110,Granola Chocolat,sesame,fr,"Flocons d'avoine complètes 71%, sucre de canne non raffiné, huile de tournesol, chocolat noir 5% (pâte de cacao, sucre de canne non raffiné, beurre de cacao), riz extrudé (au chocolat noir) 3% (chocolat noir (pâte de cacao, sucre de canne non raffiné, beurre de cacao), farine complète de riz), poudre de cacao maigre 2,5%, inuline, antioxydant : extrait riche en tocophérols.",off_reference_label_limitation,False,
1263_off_tag_eval,3229820798110,Granola Chocolat,tree_nut,fr,"Flocons d'avoine complètes 71%, sucre de canne non raffiné, huile de tournesol, chocolat noir 5% (pâte de cacao, sucre de canne non raffiné, beurre de cacao), riz extrudé (au chocolat noir) 3% (chocolat noir (pâte de cacao, sucre de canne non raffiné, beurre de cacao), farine complète de riz), poudre de cacao maigre 2,5%, inuline, antioxydant : extrait riche en tocophérols.",off_reference_label_limitation,False,
1263_off_tag_eval,3229820797861,Croustillant 3 noix,milk,fr,"Flocons d'avoine complète*, flocons de blé complet*, sucre de canne non raffiné*, huile de tournesol oléique*, noisettes 4,4%, amandes 3,3%, noix de cajou* 2,2%, stabilisant: gomme d'acacia*, antioxydant: extrait riche en tocopherols.
*Ingrédients biologiques",off_reference_label_limitation,False,
1263_off_tag_eval,3229820797861,Croustillant 3 noix,sesame,fr,"Flocons d'avoine complète*, flocons de blé complet*, sucre de canne non raffiné*, huile de tournesol oléique*, noisettes 4,4%, amandes 3,3%, noix de cajou* 2,2%, stabilisant: gomme d'acacia*, antioxydant: extrait riche en tocopherols.
*Ingrédients biologiques",off_reference_label_limitation,False,
1263_off_tag_eval,3229820797861,Croustillant 3 noix,tree_nut,fr,"Flocons d'avoine complète*, flocons de blé complet*, sucre de canne non raffiné*, huile de tournesol oléique*, noisettes 4,4%, amandes 3,3%, noix de cajou* 2,2%, stabilisant: gomme d'acacia*, antioxydant: extrait riche en tocopherols.
*Ingrédients biologiques",off_reference_label_limitation,False,
1263_off_tag_eval,3229820797861,Croustillant 3 noix,soy,fr,"Flocons d'avoine complète*, flocons de blé complet*, sucre de canne non raffiné*, huile de tournesol oléique*, noisettes 4,4%, amandes 3,3%, noix de cajou* 2,2%, stabilisant: gomme d'acacia*, antioxydant: extrait riche en tocopherols.
*Ingrédients biologiques",off_reference_label_limitation,False,
1263_off_tag_eval,5060088707685,Barres de fruits secs & noix Myrtilles,tree_nut,fr,"Dattes 59%, Raisins secs 15%, _Noix de cajou_ 14%, _Amandes_ 10%, Myrtilles Lyophilisées 1%, Arôme Naturel",off_reference_label_limitation,False,
1263_off_tag_eval,5060088707685,Barres de fruits secs & noix Myrtilles,peanut,fr,"Dattes 59%, Raisins secs 15%, _Noix de cajou_ 14%, _Amandes_ 10%, Myrtilles Lyophilisées 1%, Arôme Naturel",off_reference_label_limitation,False,
1263_off_tag_eval,5060088707685,Barres de fruits secs & noix Myrtilles,soy,fr,"Dattes 59%, Raisins secs 15%, _Noix de cajou_ 14%, _Amandes_ 10%, Myrtilles Lyophilisées 1%, Arôme Naturel",off_reference_label_limitation,False,
1263_off_tag_eval,3362600001106,Sablé Coco,wheat_gluten,fr,"Farine de froment, sucre, graisse végétale, sucre inverti, noix de coco râpée, poudre de lait, poudre de lactosérum, sel, agents levants (bicarbonate d'ammonium - bicarbonate de sodium), arôme coco.",off_reference_label_limitation,False,
1263_off_tag_eval,3362600001106,Sablé Coco,milk,fr,"Farine de froment, sucre, graisse végétale, sucre inverti, noix de coco râpée, poudre de lait, poudre de lactosérum, sel, agents levants (bicarbonate d'ammonium - bicarbonate de sodium), arôme coco.",off_reference_label_limitation,False,
1263_off_tag_eval,3362600001106,Sablé Coco,soy,fr,"Farine de froment, sucre, graisse végétale, sucre inverti, noix de coco râpée, poudre de lait, poudre de lactosérum, sel, agents levants (bicarbonate d'ammonium - bicarbonate de sodium), arôme coco.",off_reference_label_limitation,False,
1263_off_tag_eval,6111242102019,flan caram jao dan,tree_nut,fr,"في 460 على قصر Ingre La Bonne Recette Jaouda Flan au Coulis de Carame TRAVA 6 111242102019 te entier, amidon, sucre, nappage caramel, carrach يستهلك قبل DF=DLC-30 jours 85g",off_reference_label_limitation,False,
1263_off_tag_eval,4008713713411,Copos de Avena extra suaves,wheat_gluten,es,Copos de avena.,off_reference_label_limitation,False,
1263_off_tag_eval,3770016162043,Merguez Végétale,wheat_gluten,fr,"Eau, huile de colza, protéines de pois texturées, alginate de calcium, fibres de bambou, fibres d’agrumes, méthylcellulose, vinaigre tamponné, épices, isolat de protéines de pois (1.5%), paprika, cumin, farine de riz, extrait de betterave rouge, amidon de pomme de terre, arômes naturels, sel",off_reference_label_limitation,False,
1263_off_tag_eval,3770016162043,Merguez Végétale,sesame,fr,"Eau, huile de colza, protéines de pois texturées, alginate de calcium, fibres de bambou, fibres d’agrumes, méthylcellulose, vinaigre tamponné, épices, isolat de protéines de pois (1.5%), paprika, cumin, farine de riz, extrait de betterave rouge, amidon de pomme de terre, arômes naturels, sel",off_reference_label_limitation,False,
1263_off_tag_eval,3770016162043,Merguez Végétale,tree_nut,fr,"Eau, huile de colza, protéines de pois texturées, alginate de calcium, fibres de bambou, fibres d’agrumes, méthylcellulose, vinaigre tamponné, épices, isolat de protéines de pois (1.5%), paprika, cumin, farine de riz, extrait de betterave rouge, amidon de pomme de terre, arômes naturels, sel",off_reference_label_limitation,False,
1263_off_tag_eval,3770016162043,Merguez Végétale,soy,fr,"Eau, huile de colza, protéines de pois texturées, alginate de calcium, fibres de bambou, fibres d’agrumes, méthylcellulose, vinaigre tamponné, épices, isolat de protéines de pois (1.5%), paprika, cumin, farine de riz, extrait de betterave rouge, amidon de pomme de terre, arômes naturels, sel",off_reference_label_limitation,False,
1263_off_tag_eval,8076809545396,Pesto Basilico con Rucula,tree_nut,de,"Sonnenblumenöl, Basilikum 21,6%, Petersilie 12,2%, Käse Pecorino Romano g.U. (Schafmilch), Cashewkerne, Rucola 3,1%, Molkepulver (Milch), Zucker, Ricotta-Käse (Molke (Milch), Milch), Salz, Säureregulatoren: Milchsäure und Citronensäure, Buttermilchpulver Milch), Thymian, natürliche Aromen (Milch), Knoblauch. Kann Spuren von anderen Schalenfrüchten enthalten.",section_splitting_context_gap,False,
1263_off_tag_eval,3178530410143,Petites madeleines St Michel Pépites chocolat - 400g,tree_nut,fr,"Farine de BLÉ 27%, sucre, huile de colza, ŒUFS 14%, sirop de glucose, pépites de chocolat 6,8% (sucre, pâte de cacao, beurre de cacao, émulsifiant : lécithines (SOJA)), stabilisant : glycérol, LAIT demi-écrémé pasteurisé 2,4%, fécule, poudres à lever : carbonates et citrates de sodium (BLÉ), sel, arôme",off_reference_label_limitation,False,
1263_off_tag_eval,3046920029681,Excellence Noir Délicat Doux 85% Cacao,milk,fr,"pâte de cacao, beurre de cacao, sucre, noisettes, fruits à coque, lécithine de soja",off_reference_label_limitation,False,
1263_off_tag_eval,3046920029681,Excellence Noir Délicat Doux 85% Cacao,sesame,fr,"pâte de cacao, beurre de cacao, sucre, noisettes, fruits à coque, lécithine de soja",off_reference_label_limitation,False,
1263_off_tag_eval,3046920029681,Excellence Noir Délicat Doux 85% Cacao,tree_nut,fr,"pâte de cacao, beurre de cacao, sucre, noisettes, fruits à coque, lécithine de soja",off_reference_label_limitation,False,
1263_off_tag_eval,3046920029681,Excellence Noir Délicat Doux 85% Cacao,soy,fr,"pâte de cacao, beurre de cacao, sucre, noisettes, fruits à coque, lécithine de soja",off_reference_label_limitation,False,
1263_off_tag_eval,4014400400007,Toffifee 15er,tree_nut,de,"Zucker, pflanzliche Fette (Palm, Shea), Haselnüsse, Glukosesirup, Magermilchpulver, Sorbitsirup, Kakaomasse, kondensierte Magermilch, kondensierte Süßmolke, Milchzucker, magerer Kakao, Kakaobutter, Butterreinfett, Rohrzuckersirup, Molkenerzeugnis, Emulgator Lecithine (Soja), Salz, Aromen. Kann auch Mandel, Erdnuss und andere Nüsse enthalten.",trace_marker_detection_gap,False,
1263_off_tag_eval,4014400400007,Toffifee 15er,peanut,de,"Zucker, pflanzliche Fette (Palm, Shea), Haselnüsse, Glukosesirup, Magermilchpulver, Sorbitsirup, Kakaomasse, kondensierte Magermilch, kondensierte Süßmolke, Milchzucker, magerer Kakao, Kakaobutter, Butterreinfett, Rohrzuckersirup, Molkenerzeugnis, Emulgator Lecithine (Soja), Salz, Aromen. Kann auch Mandel, Erdnuss und andere Nüsse enthalten.",trace_marker_detection_gap,False,
1263_off_tag_eval,3770016162036,Nuggets Végétaux et Gourmands,wheat_gluten,fr,"Eau, huiles végétales (tournesol, colza), chapelure (farine de blé, levure, sel, épices), protéines texturées de blé (protéines de blé 7%, farine de blé), farine de blé, fibres végétales (bambou, blé), amidon de pomme de terre, stabilisant : méthylcellulose, arôme naturel, correcteur d'acidité: vinaigre tamponné, sel. Ce produit peut contenir des traces de: lait, soja.",section_splitting_context_gap,False,
1263_off_tag_eval,3770016162036,Nuggets Végétaux et Gourmands,sesame,fr,"Eau, huiles végétales (tournesol, colza), chapelure (farine de blé, levure, sel, épices), protéines texturées de blé (protéines de blé 7%, farine de blé), farine de blé, fibres végétales (bambou, blé), amidon de pomme de terre, stabilisant : méthylcellulose, arôme naturel, correcteur d'acidité: vinaigre tamponné, sel. Ce produit peut contenir des traces de: lait, soja.",off_reference_label_limitation,False,
1263_off_tag_eval,3664346312936,Pâte à tartiner aux noisettes et au cacao,wheat_gluten,fr,"Sucres (sucre, lactose), Huile de tournesol, Noisettes, Cacao en poudre faible en gras, Lait écrémé en poudre, Lactosérum en poudre, Beurre de cacao, Lécithine de soja, Arôme naturel de vanille.",off_reference_label_limitation,False,
1263_off_tag_eval,3664346312936,Pâte à tartiner aux noisettes et au cacao,egg,fr,"Sucres (sucre, lactose), Huile de tournesol, Noisettes, Cacao en poudre faible en gras, Lait écrémé en poudre, Lactosérum en poudre, Beurre de cacao, Lécithine de soja, Arôme naturel de vanille.",off_reference_label_limitation,False,
1263_off_tag_eval,3664346312936,Pâte à tartiner aux noisettes et au cacao,tree_nut,fr,"Sucres (sucre, lactose), Huile de tournesol, Noisettes, Cacao en poudre faible en gras, Lait écrémé en poudre, Lactosérum en poudre, Beurre de cacao, Lécithine de soja, Arôme naturel de vanille.",off_reference_label_limitation,False,
1263_off_tag_eval,3664346312936,Pâte à tartiner aux noisettes et au cacao,soy,fr,"Sucres (sucre, lactose), Huile de tournesol, Noisettes, Cacao en poudre faible en gras, Lait écrémé en poudre, Lactosérum en poudre, Beurre de cacao, Lécithine de soja, Arôme naturel de vanille.",off_reference_label_limitation,False,
1263_off_tag_eval,4056489471264,Edelbitter Mild 90%,tree_nut,de,"Kakaomasse, Kakaobutter, fettarmes Kakaopulver, Zucker, Emulgator: Lecithine (Soja); Vanilleextrakt.
Kann Spuren von Schalenfrüchten und Milch enthalten.",off_reference_label_limitation,False,
1263_off_tag_eval,3046920016377,100% Cacao,milk,nl,"Kakaomasse, Kakaobutter, fettarmer Kakao. Kann Schalenfrüchte, Milch und Soja enthalten.",trace_marker_detection_gap,False,
1263_off_tag_eval,3046920016377,100% Cacao,tree_nut,nl,"Kakaomasse, Kakaobutter, fettarmer Kakao. Kann Schalenfrüchte, Milch und Soja enthalten.",trace_marker_detection_gap,False,
1263_off_tag_eval,3046920016377,100% Cacao,soy,nl,"Kakaomasse, Kakaobutter, fettarmer Kakao. Kann Schalenfrüchte, Milch und Soja enthalten.",trace_marker_detection_gap,False,
1263_off_tag_eval,8076800195057,Spaghetti Nº5,egg,en,DURUM WHEAT SEMOLINA PASTA. May contain traces of soy and mustard.,off_reference_label_limitation,False,
1263_off_tag_eval,3175681170872,"Lentilles cuisinées, riz & soja",egg,fr,"Carottes* 24%, eau, lentilles vertes* 14%, riz basmati* complet 12%, oignons* 12%, huile de tournesol*, protéines de _soja_* texturées et réhydratées 6%, sauce _soja_* (eau, _soja_*, _blé_*, sel de mer, alcool*).

* Ingrédients issus de l'agriculture biologique",off_reference_label_limitation,False,
1263_off_tag_eval,3175681170872,"Lentilles cuisinées, riz & soja",sesame,fr,"Carottes* 24%, eau, lentilles vertes* 14%, riz basmati* complet 12%, oignons* 12%, huile de tournesol*, protéines de _soja_* texturées et réhydratées 6%, sauce _soja_* (eau, _soja_*, _blé_*, sel de mer, alcool*).

* Ingrédients issus de l'agriculture biologique",off_reference_label_limitation,False,
1263_off_tag_eval,3175681170872,"Lentilles cuisinées, riz & soja",tree_nut,fr,"Carottes* 24%, eau, lentilles vertes* 14%, riz basmati* complet 12%, oignons* 12%, huile de tournesol*, protéines de _soja_* texturées et réhydratées 6%, sauce _soja_* (eau, _soja_*, _blé_*, sel de mer, alcool*).

* Ingrédients issus de l'agriculture biologique",off_reference_label_limitation,False,
1263_off_tag_eval,3175681170872,"Lentilles cuisinées, riz & soja",milk,fr,"Carottes* 24%, eau, lentilles vertes* 14%, riz basmati* complet 12%, oignons* 12%, huile de tournesol*, protéines de _soja_* texturées et réhydratées 6%, sauce _soja_* (eau, _soja_*, _blé_*, sel de mer, alcool*).

* Ingrédients issus de l'agriculture biologique",off_reference_label_limitation,False,
1263_off_tag_eval,7622210995063,180G LT NOISETTE COTE D OR,tree_nut,fr,"Sucre, NOISETTES (24%), pâte de cacao, beurre de cacao, LAIT écrémé en poudre, lactosérum en poudre (de LAIT), BEURRE concentré, émulsifiant (lécithines de SOJA), arôme naturel de vanille, arôme.",off_reference_label_limitation,False,
1263_off_tag_eval,3421557501722,Muesli croustillant tradition,soy,fr,"Flocons d'avoine complets, sucre de canne, huile de tournesol, billettes de céréales (riz, blé, avoine, sucre de canne, sel), sirop de riz, farine de blé, sirop de malt d’orge.",off_reference_label_limitation,False,
1263_off_tag_eval,3421557501722,Muesli croustillant tradition,milk,fr,"Flocons d'avoine complets, sucre de canne, huile de tournesol, billettes de céréales (riz, blé, avoine, sucre de canne, sel), sirop de riz, farine de blé, sirop de malt d’orge.",off_reference_label_limitation,False,
1263_off_tag_eval,3421557501722,Muesli croustillant tradition,sesame,fr,"Flocons d'avoine complets, sucre de canne, huile de tournesol, billettes de céréales (riz, blé, avoine, sucre de canne, sel), sirop de riz, farine de blé, sirop de malt d’orge.",off_reference_label_limitation,False,
1263_off_tag_eval,3421557501722,Muesli croustillant tradition,tree_nut,fr,"Flocons d'avoine complets, sucre de canne, huile de tournesol, billettes de céréales (riz, blé, avoine, sucre de canne, sel), sirop de riz, farine de blé, sirop de malt d’orge.",off_reference_label_limitation,False,
1263_off_tag_eval,3421557501722,Muesli croustillant tradition,peanut,fr,"Flocons d'avoine complets, sucre de canne, huile de tournesol, billettes de céréales (riz, blé, avoine, sucre de canne, sel), sirop de riz, farine de blé, sirop de malt d’orge.",off_reference_label_limitation,False,
1263_off_tag_eval,8410076610621,"Sweet & Salty Nut chocolat noir et mélange de noix, 5 barres de 30 g",tree_nut,fr,"Cacahuètes grillées (18,5%), avoine complète (14%), sirop de glucose, pépites de chocolat (9%) (pâte de cacao, sucre, beurre de cacao, émulsifiant (lecithines (soja)), huiles et graisses végétales (palme, tournesol, colza, karité), extrait de racine de chicorée, sucre, farine de blé, maltodextrine, farine de riz, fructose, cacao maigre en poudre, lactose (lait), morceaux d'amandes (1,3%), humectant (glycérol), sel de cuisine, émulsifiants (lécithines (soja)), beurre de cacahuète (0,75%), dextrose, arômes naturels, miel, antioxydant (extrait riche en tocopherols).",off_reference_label_limitation,False,
1263_off_tag_eval,3175681077324,Biscuit chocolat saveur amande,egg,fr,"Farine de blé 53,7%, huile de colza, pépites de chocolat 9,9% (pâte de cacao², sucre, beurre de cacao², émulsifiant : lecithines (soja)), sucre non raffiné, amandes torréfiées 6,6%, germe de blé 5,1%, sirop de glucose, fructose, poudres à lever (carbonates de sodium, acide citrique), arôme naturel, magnésium, farine de riz, émulsifiant : lécithines, fibres d'avoine, farine d'avoine, farine de seigle, calcium, farine de maïs, sel, lactosérum en poudre, extrait de malt d'orge, vitamines (E, D, B6),",off_reference_label_limitation,False,
1263_off_tag_eval,3175681077324,Biscuit chocolat saveur amande,sesame,fr,"Farine de blé 53,7%, huile de colza, pépites de chocolat 9,9% (pâte de cacao², sucre, beurre de cacao², émulsifiant : lecithines (soja)), sucre non raffiné, amandes torréfiées 6,6%, germe de blé 5,1%, sirop de glucose, fructose, poudres à lever (carbonates de sodium, acide citrique), arôme naturel, magnésium, farine de riz, émulsifiant : lécithines, fibres d'avoine, farine d'avoine, farine de seigle, calcium, farine de maïs, sel, lactosérum en poudre, extrait de malt d'orge, vitamines (E, D, B6),",off_reference_label_limitation,False,
1263_off_tag_eval,3175681077324,Biscuit chocolat saveur amande,tree_nut,fr,"Farine de blé 53,7%, huile de colza, pépites de chocolat 9,9% (pâte de cacao², sucre, beurre de cacao², émulsifiant : lecithines (soja)), sucre non raffiné, amandes torréfiées 6,6%, germe de blé 5,1%, sirop de glucose, fructose, poudres à lever (carbonates de sodium, acide citrique), arôme naturel, magnésium, farine de riz, émulsifiant : lécithines, fibres d'avoine, farine d'avoine, farine de seigle, calcium, farine de maïs, sel, lactosérum en poudre, extrait de malt d'orge, vitamines (E, D, B6),",off_reference_label_limitation,False,
1263_off_tag_eval,3175681077324,Biscuit chocolat saveur amande,soy,fr,"Farine de blé 53,7%, huile de colza, pépites de chocolat 9,9% (pâte de cacao², sucre, beurre de cacao², émulsifiant : lecithines (soja)), sucre non raffiné, amandes torréfiées 6,6%, germe de blé 5,1%, sirop de glucose, fructose, poudres à lever (carbonates de sodium, acide citrique), arôme naturel, magnésium, farine de riz, émulsifiant : lécithines, fibres d'avoine, farine d'avoine, farine de seigle, calcium, farine de maïs, sel, lactosérum en poudre, extrait de malt d'orge, vitamines (E, D, B6),",off_reference_label_limitation,False,
1263_off_tag_eval,3421557501975,Muesli croustillant duo pépites,tree_nut,fr,"Flocons d'avoine complets* 42%, sucre de canne*, billettes de céréales* (riz*, blé* 0,8%, avoine* 0,5%, sucre de canne*, sel), miel* 5,8%, morceaux de chocolat noir* 4,5% (masse de cacao*, sucre de canne*, beurre de cacao&quot;), morceaux de chocolat au lait 4,5% (sucre de canne*, beurre de cacao&quot;, poudre de lait*, masse de cacao&quot;), flocons de blé complets* 4,3%, flocons de seigle complets* 4,3%, flocons d'orge complets* 4,3%, huile de tournesol&quot;, farine de blé* 3,1%, noix de coco séchée&quot;, amandes grillées* 1,4%, graines de sésame*, pétales de maïs* Ingrédients issus de l'Agriculture Biologique. Les informations en gras sont destinées aux personnes intolérantes ou allergiques.",off_reference_label_limitation,False,
1263_off_tag_eval,3421557501975,Muesli croustillant duo pépites,peanut,fr,"Flocons d'avoine complets* 42%, sucre de canne*, billettes de céréales* (riz*, blé* 0,8%, avoine* 0,5%, sucre de canne*, sel), miel* 5,8%, morceaux de chocolat noir* 4,5% (masse de cacao*, sucre de canne*, beurre de cacao&quot;), morceaux de chocolat au lait 4,5% (sucre de canne*, beurre de cacao&quot;, poudre de lait*, masse de cacao&quot;), flocons de blé complets* 4,3%, flocons de seigle complets* 4,3%, flocons d'orge complets* 4,3%, huile de tournesol&quot;, farine de blé* 3,1%, noix de coco séchée&quot;, amandes grillées* 1,4%, graines de sésame*, pétales de maïs* Ingrédients issus de l'Agriculture Biologique. Les informations en gras sont destinées aux personnes intolérantes ou allergiques.",off_reference_label_limitation,False,
1263_off_tag_eval,3421557501975,Muesli croustillant duo pépites,soy,fr,"Flocons d'avoine complets* 42%, sucre de canne*, billettes de céréales* (riz*, blé* 0,8%, avoine* 0,5%, sucre de canne*, sel), miel* 5,8%, morceaux de chocolat noir* 4,5% (masse de cacao*, sucre de canne*, beurre de cacao&quot;), morceaux de chocolat au lait 4,5% (sucre de canne*, beurre de cacao&quot;, poudre de lait*, masse de cacao&quot;), flocons de blé complets* 4,3%, flocons de seigle complets* 4,3%, flocons d'orge complets* 4,3%, huile de tournesol&quot;, farine de blé* 3,1%, noix de coco séchée&quot;, amandes grillées* 1,4%, graines de sésame*, pétales de maïs* Ingrédients issus de l'Agriculture Biologique. Les informations en gras sont destinées aux personnes intolérantes ou allergiques.",off_reference_label_limitation,False,
1263_off_tag_eval,3175681116832,Sablé saveur COCO,egg,fr,"Farine de blé 58,1%, édulcorant : maltitols d'origine végétale, huile de colza, amidon de blé, fibre de blé, arômes naturels, émulsifiant : lecithines, poudres à lever (acide citrique, carbonates d'ammonium), sel de mer.",off_reference_label_limitation,False,
1263_off_tag_eval,3175681116832,Sablé saveur COCO,soy,fr,"Farine de blé 58,1%, édulcorant : maltitols d'origine végétale, huile de colza, amidon de blé, fibre de blé, arômes naturels, émulsifiant : lecithines, poudres à lever (acide citrique, carbonates d'ammonium), sel de mer.",off_reference_label_limitation,False,
1263_off_tag_eval,3175681116832,Sablé saveur COCO,milk,fr,"Farine de blé 58,1%, édulcorant : maltitols d'origine végétale, huile de colza, amidon de blé, fibre de blé, arômes naturels, émulsifiant : lecithines, poudres à lever (acide citrique, carbonates d'ammonium), sel de mer.",off_reference_label_limitation,False,
1263_off_tag_eval,3175681116832,Sablé saveur COCO,sesame,fr,"Farine de blé 58,1%, édulcorant : maltitols d'origine végétale, huile de colza, amidon de blé, fibre de blé, arômes naturels, émulsifiant : lecithines, poudres à lever (acide citrique, carbonates d'ammonium), sel de mer.",off_reference_label_limitation,False,
1263_off_tag_eval,3175681116832,Sablé saveur COCO,tree_nut,fr,"Farine de blé 58,1%, édulcorant : maltitols d'origine végétale, huile de colza, amidon de blé, fibre de blé, arômes naturels, émulsifiant : lecithines, poudres à lever (acide citrique, carbonates d'ammonium), sel de mer.",off_reference_label_limitation,False,
1263_off_tag_eval,3175681290440,Petit Déj' Fruits Rouges à l'Épeautre,milk,fr,"Flocons d'avoine 34,4%, farine complète de grand épeautre (blé) 18,9%, farine de blé 17,2%, huile de tournesol oléique, sucre de canne, miel, cranberries déshydratées 2,6%, cassis déshydratés 1,4%, arôme naturel de framboise, poudres a lever (acide citrique, carbonates de sodium).",off_reference_label_limitation,False,
1263_off_tag_eval,3175681290440,Petit Déj' Fruits Rouges à l'Épeautre,sesame,fr,"Flocons d'avoine 34,4%, farine complète de grand épeautre (blé) 18,9%, farine de blé 17,2%, huile de tournesol oléique, sucre de canne, miel, cranberries déshydratées 2,6%, cassis déshydratés 1,4%, arôme naturel de framboise, poudres a lever (acide citrique, carbonates de sodium).",off_reference_label_limitation,False,
1263_off_tag_eval,3175681290440,Petit Déj' Fruits Rouges à l'Épeautre,tree_nut,fr,"Flocons d'avoine 34,4%, farine complète de grand épeautre (blé) 18,9%, farine de blé 17,2%, huile de tournesol oléique, sucre de canne, miel, cranberries déshydratées 2,6%, cassis déshydratés 1,4%, arôme naturel de framboise, poudres a lever (acide citrique, carbonates de sodium).",off_reference_label_limitation,False,
1263_off_tag_eval,3175681290440,Petit Déj' Fruits Rouges à l'Épeautre,soy,fr,"Flocons d'avoine 34,4%, farine complète de grand épeautre (blé) 18,9%, farine de blé 17,2%, huile de tournesol oléique, sucre de canne, miel, cranberries déshydratées 2,6%, cassis déshydratés 1,4%, arôme naturel de framboise, poudres a lever (acide citrique, carbonates de sodium).",off_reference_label_limitation,False,
1263_off_tag_eval,3229820786605,Crousti' Avoine Chocolat,milk,fr,"Flocons d'avoine* complète 45%, Sucre de canne* brut, Chocolat noir* 10 % (pâte de cacao*, sucre de canne&quot;, beurre de cacao*), Riz extrudé (farine de riz), Farine d'avoine* 8%, Son d'avoine* 5%, Flocons de blé, Huile de tournesol*, Stabilisant : gomme d'acacia*, Flocons de noix de coco*, Sel marin, Antioxydant : extrait riche en tocophérols.",off_reference_label_limitation,False,
1263_off_tag_eval,3229820786605,Crousti' Avoine Chocolat,sesame,fr,"Flocons d'avoine* complète 45%, Sucre de canne* brut, Chocolat noir* 10 % (pâte de cacao*, sucre de canne&quot;, beurre de cacao*), Riz extrudé (farine de riz), Farine d'avoine* 8%, Son d'avoine* 5%, Flocons de blé, Huile de tournesol*, Stabilisant : gomme d'acacia*, Flocons de noix de coco*, Sel marin, Antioxydant : extrait riche en tocophérols.",off_reference_label_limitation,False,
1263_off_tag_eval,3229820786605,Crousti' Avoine Chocolat,tree_nut,fr,"Flocons d'avoine* complète 45%, Sucre de canne* brut, Chocolat noir* 10 % (pâte de cacao*, sucre de canne&quot;, beurre de cacao*), Riz extrudé (farine de riz), Farine d'avoine* 8%, Son d'avoine* 5%, Flocons de blé, Huile de tournesol*, Stabilisant : gomme d'acacia*, Flocons de noix de coco*, Sel marin, Antioxydant : extrait riche en tocophérols.",off_reference_label_limitation,False,
1263_off_tag_eval,3229820786605,Crousti' Avoine Chocolat,soy,fr,"Flocons d'avoine* complète 45%, Sucre de canne* brut, Chocolat noir* 10 % (pâte de cacao*, sucre de canne&quot;, beurre de cacao*), Riz extrudé (farine de riz), Farine d'avoine* 8%, Son d'avoine* 5%, Flocons de blé, Huile de tournesol*, Stabilisant : gomme d'acacia*, Flocons de noix de coco*, Sel marin, Antioxydant : extrait riche en tocophérols.",off_reference_label_limitation,False,
1263_off_tag_eval,3760091726667,Chocolat noir 80% Équateur intense et floral,wheat_gluten,fr,"pâte de cacao  70%, sucre de canne , beurre de cacao, Cacao : 80% minimum dans le chocolat,

° Issus de l'agriculture biologique (100%)
* Issus du commerce équitable (100% du poids total avec 89% SPP)",off_reference_label_limitation,False,
1263_off_tag_eval,3760091726667,Chocolat noir 80% Équateur intense et floral,milk,fr,"pâte de cacao  70%, sucre de canne , beurre de cacao, Cacao : 80% minimum dans le chocolat,

° Issus de l'agriculture biologique (100%)
* Issus du commerce équitable (100% du poids total avec 89% SPP)",off_reference_label_limitation,False,
1263_off_tag_eval,3760091726667,Chocolat noir 80% Équateur intense et floral,sesame,fr,"pâte de cacao  70%, sucre de canne , beurre de cacao, Cacao : 80% minimum dans le chocolat,

° Issus de l'agriculture biologique (100%)
* Issus du commerce équitable (100% du poids total avec 89% SPP)",off_reference_label_limitation,False,
1263_off_tag_eval,3760091726667,Chocolat noir 80% Équateur intense et floral,tree_nut,fr,"pâte de cacao  70%, sucre de canne , beurre de cacao, Cacao : 80% minimum dans le chocolat,

° Issus de l'agriculture biologique (100%)
* Issus du commerce équitable (100% du poids total avec 89% SPP)",off_reference_label_limitation,False,
1263_off_tag_eval,3175681134935,Sablés sans sucres saveur citron yuzu,egg,fr,"Farine de blé 57,7%, édulcorant: maltitols d'origine végétale, huile de colza, amidon de blé, fibre de blé, arôme naturel, arôme naturel de citron avec autres arômes naturels, poudres à lever (acide citrique, carbonates d'ammonium), émulsifiant : lécithines, sel de mer.",off_reference_label_limitation,False,
1263_off_tag_eval,3175681134935,Sablés sans sucres saveur citron yuzu,soy,fr,"Farine de blé 57,7%, édulcorant: maltitols d'origine végétale, huile de colza, amidon de blé, fibre de blé, arôme naturel, arôme naturel de citron avec autres arômes naturels, poudres à lever (acide citrique, carbonates d'ammonium), émulsifiant : lécithines, sel de mer.",off_reference_label_limitation,False,
1263_off_tag_eval,3175681134935,Sablés sans sucres saveur citron yuzu,milk,fr,"Farine de blé 57,7%, édulcorant: maltitols d'origine végétale, huile de colza, amidon de blé, fibre de blé, arôme naturel, arôme naturel de citron avec autres arômes naturels, poudres à lever (acide citrique, carbonates d'ammonium), émulsifiant : lécithines, sel de mer.",off_reference_label_limitation,False,
1263_off_tag_eval,3175681134935,Sablés sans sucres saveur citron yuzu,sesame,fr,"Farine de blé 57,7%, édulcorant: maltitols d'origine végétale, huile de colza, amidon de blé, fibre de blé, arôme naturel, arôme naturel de citron avec autres arômes naturels, poudres à lever (acide citrique, carbonates d'ammonium), émulsifiant : lécithines, sel de mer.",off_reference_label_limitation,False,
1263_off_tag_eval,3175681134935,Sablés sans sucres saveur citron yuzu,tree_nut,fr,"Farine de blé 57,7%, édulcorant: maltitols d'origine végétale, huile de colza, amidon de blé, fibre de blé, arôme naturel, arôme naturel de citron avec autres arômes naturels, poudres à lever (acide citrique, carbonates d'ammonium), émulsifiant : lécithines, sel de mer.",off_reference_label_limitation,False,
1263_off_tag_eval,3240931548128,Lustucru gnocchi a poêler 520g,egg,fr,"Purée (eau, pommes de terre déshydratées, épice: curcuma), semoule de blé, huile de colza et/ou tournesol, sel, farine de blé",off_reference_label_limitation,False,
1263_off_tag_eval,3240931548128,Lustucru gnocchi a poêler 520g,milk,fr,"Purée (eau, pommes de terre déshydratées, épice: curcuma), semoule de blé, huile de colza et/ou tournesol, sel, farine de blé",off_reference_label_limitation,False,
1263_off_tag_eval,3240931548128,Lustucru gnocchi a poêler 520g,soy,fr,"Purée (eau, pommes de terre déshydratées, épice: curcuma), semoule de blé, huile de colza et/ou tournesol, sel, farine de blé",off_reference_label_limitation,False,
1263_off_tag_eval,5060088700112,Protein Bars Cocoa Hazelnut,tree_nut,en,"Dates (38%), Peanuts (35%), Chicory fibre (10%), Peanut flour (8%), Hazelnuts (5%), Fat-reduced cocoa powder (3%), natural flavouring.",off_reference_label_limitation,False,
1263_off_tag_eval,5060088700112,Protein Bars Cocoa Hazelnut,soy,en,"Dates (38%), Peanuts (35%), Chicory fibre (10%), Peanut flour (8%), Hazelnuts (5%), Fat-reduced cocoa powder (3%), natural flavouring.",off_reference_label_limitation,False,
1263_off_tag_eval,3168930003632,Quaker Oats,wheat_gluten,en,100% oatmeal,off_reference_label_limitation,False,
1263_off_tag_eval,3272770095334,St Moret ligne et plaisir,wheat_gluten,fr,"lait et crème pasteurisés (Origine :France), protéines du lait, sel. Fabriqué dans un atelier utilisant du lait de chèvre.",off_reference_label_limitation,False,
1263_off_tag_eval,20815394,Mix di frutta secca,tree_nut,it,"25% noci, 25% mandorle, 25% uva sultanina (99,5% uva sultanina, olio di semi di girasole), 25% mirtilli rossi americani, essiccati e zuccherati (60% mirtilli rossi americani, 39% zucchero, olio di semi di girasole). Può contenere tracce di altra frutta a guscio e arachidi. Confezionato in atmosfera protettiva.",off_reference_label_limitation,True,
1263_off_tag_eval,20815394,Mix di frutta secca,peanut,it,"25% noci, 25% mandorle, 25% uva sultanina (99,5% uva sultanina, olio di semi di girasole), 25% mirtilli rossi americani, essiccati e zuccherati (60% mirtilli rossi americani, 39% zucchero, olio di semi di girasole). Può contenere tracce di altra frutta a guscio e arachidi. Confezionato in atmosfera protettiva.",off_reference_label_limitation,True,
1263_off_tag_eval,3029330022411,Maxi Tranches Sans sucre ajouté Nature,egg,fr,"Farine de BLÉ (67%), eau, huile de colza, levure, arôme naturel (contient alcool), sel, farine de maïs fermentée , GLUTEN DE BLÉ, farine de fève, jus d'acérola en poudre",off_reference_label_limitation,False,
1263_off_tag_eval,3029330022411,Maxi Tranches Sans sucre ajouté Nature,sesame,fr,"Farine de BLÉ (67%), eau, huile de colza, levure, arôme naturel (contient alcool), sel, farine de maïs fermentée , GLUTEN DE BLÉ, farine de fève, jus d'acérola en poudre",off_reference_label_limitation,False,
1263_off_tag_eval,3029330022411,Maxi Tranches Sans sucre ajouté Nature,milk,fr,"Farine de BLÉ (67%), eau, huile de colza, levure, arôme naturel (contient alcool), sel, farine de maïs fermentée , GLUTEN DE BLÉ, farine de fève, jus d'acérola en poudre",off_reference_label_limitation,False,
1263_off_tag_eval,3029330022411,Maxi Tranches Sans sucre ajouté Nature,soy,fr,"Farine de BLÉ (67%), eau, huile de colza, levure, arôme naturel (contient alcool), sel, farine de maïs fermentée , GLUTEN DE BLÉ, farine de fève, jus d'acérola en poudre",off_reference_label_limitation,False,
1263_off_tag_eval,3660140948258,Savane,milk,fr,"Farine de BLE 26,1%, OEUFS frais, sucre, huile de colza, chocolat 5,8% (sucre, pâte de cacao, beurre de cacao, émulsifiant : lécithines, arôme naturel de vanille), fibre de racine de chicorée, stabilisant : glycérol, jaune d'OEUF, gomme d'acacia (fibre soluble), poudres à lever : carbonates de sodium - citrates de sodium, cacao en poudre, sel, fibres de BLE, amidon de maïs, arôme.",off_reference_label_limitation,False,
1263_off_tag_eval,3660140948258,Savane,tree_nut,fr,"Farine de BLE 26,1%, OEUFS frais, sucre, huile de colza, chocolat 5,8% (sucre, pâte de cacao, beurre de cacao, émulsifiant : lécithines, arôme naturel de vanille), fibre de racine de chicorée, stabilisant : glycérol, jaune d'OEUF, gomme d'acacia (fibre soluble), poudres à lever : carbonates de sodium - citrates de sodium, cacao en poudre, sel, fibres de BLE, amidon de maïs, arôme.",off_reference_label_limitation,False,
1263_off_tag_eval,3660140948258,Savane,peanut,fr,"Farine de BLE 26,1%, OEUFS frais, sucre, huile de colza, chocolat 5,8% (sucre, pâte de cacao, beurre de cacao, émulsifiant : lécithines, arôme naturel de vanille), fibre de racine de chicorée, stabilisant : glycérol, jaune d'OEUF, gomme d'acacia (fibre soluble), poudres à lever : carbonates de sodium - citrates de sodium, cacao en poudre, sel, fibres de BLE, amidon de maïs, arôme.",off_reference_label_limitation,False,
1263_off_tag_eval,5060088706022,NAKD Cacahuètes - 140g (4x1p),tree_nut,fr,"dates 53%, peanuts 46%, sea salt, a hint of natural flavourings",off_reference_label_limitation,False,
1263_off_tag_eval,5060088706022,NAKD Cacahuètes - 140g (4x1p),peanut,fr,"dates 53%, peanuts 46%, sea salt, a hint of natural flavourings",off_reference_label_limitation,False,
1263_off_tag_eval,5060088706022,NAKD Cacahuètes - 140g (4x1p),soy,fr,"dates 53%, peanuts 46%, sea salt, a hint of natural flavourings",off_reference_label_limitation,False,
1263_off_tag_eval,3229820116716,Muesli aux fruits,milk,fr,"Flocons d'avoine complète, flocons de seigle, flocons d'orge, flocons d'épeautre (blé), raisins 7% (raisins, huile de tournesol), flocons de blé, dattes 4% (dattes, farine de riz), pommes 3,5%, lamelles de bananes 3,5% (bananes, sucre de canne brut, huile de coco), copeaux de noix de coco 1.5%.",off_reference_label_limitation,False,
1263_off_tag_eval,3229820116716,Muesli aux fruits,sesame,fr,"Flocons d'avoine complète, flocons de seigle, flocons d'orge, flocons d'épeautre (blé), raisins 7% (raisins, huile de tournesol), flocons de blé, dattes 4% (dattes, farine de riz), pommes 3,5%, lamelles de bananes 3,5% (bananes, sucre de canne brut, huile de coco), copeaux de noix de coco 1.5%.",off_reference_label_limitation,False,
1263_off_tag_eval,3229820116716,Muesli aux fruits,tree_nut,fr,"Flocons d'avoine complète, flocons de seigle, flocons d'orge, flocons d'épeautre (blé), raisins 7% (raisins, huile de tournesol), flocons de blé, dattes 4% (dattes, farine de riz), pommes 3,5%, lamelles de bananes 3,5% (bananes, sucre de canne brut, huile de coco), copeaux de noix de coco 1.5%.",off_reference_label_limitation,False,
1263_off_tag_eval,3229820116716,Muesli aux fruits,soy,fr,"Flocons d'avoine complète, flocons de seigle, flocons d'orge, flocons d'épeautre (blé), raisins 7% (raisins, huile de tournesol), flocons de blé, dattes 4% (dattes, farine de riz), pommes 3,5%, lamelles de bananes 3,5% (bananes, sucre de canne brut, huile de coco), copeaux de noix de coco 1.5%.",off_reference_label_limitation,False,
1263_off_tag_eval,8008698007389,MAESTRO CEREALE - Pain aux céréales tranché,sesame,en,"corn starch, water, sourdough 14% (rice flour, water), rice starch, vegetable fibre (psyllium), rice syrup, sunflower oil, soybean flakes, sunflower seeds 2.1%, millet flour 2%, flaxseed 1.9%, thickener: hpmc, quinoa flour 1.3%, yeast, rice flour 1.3%, soy protein, soy bran, iodized salt (salt,  potassium iodide), poppy seeds 0.6%, chia seeds (salvia hispanica) 0.6%, honey,",off_reference_label_limitation,False,
1263_off_tag_eval,3229820796857,Flocons d'avoine,milk,fr,Flocons d'_avoine_ biologiques,off_reference_label_limitation,False,
1263_off_tag_eval,3229820796857,Flocons d'avoine,sesame,fr,Flocons d'_avoine_ biologiques,off_reference_label_limitation,False,
1263_off_tag_eval,3229820796857,Flocons d'avoine,tree_nut,fr,Flocons d'_avoine_ biologiques,off_reference_label_limitation,False,
1263_off_tag_eval,3229820796857,Flocons d'avoine,soy,fr,Flocons d'_avoine_ biologiques,off_reference_label_limitation,False,
1263_off_tag_eval,3270190127765,Chocolate negro,milk,es,"Pasta de cacao*, azúcar*, manteca de cacao*, emulgente: lecitinas* (girasol), extracto de vainilla*.",off_reference_label_limitation,False,
1263_off_tag_eval,3270190127765,Chocolate negro,tree_nut,es,"Pasta de cacao*, azúcar*, manteca de cacao*, emulgente: lecitinas* (girasol), extracto de vainilla*.",off_reference_label_limitation,False,
1263_off_tag_eval,3608580157885,Be Nuts ! 100 % Cacahuète,tree_nut,fr,cacahuètes torréfiées,off_reference_label_limitation,False,
1263_off_tag_eval,3272770094412,L'original tartare ail & fines herbes,milk,en,"pasteurized milk and cream, garlic and herbs 2,6%, salt, pepper, preservative: potassium sorbate,",off_reference_label_limitation,False,
1263_off_tag_eval,3272770094412,L'original tartare ail & fines herbes,tree_nut,en,"pasteurized milk and cream, garlic and herbs 2,6%, salt, pepper, preservative: potassium sorbate,",off_reference_label_limitation,False,
1263_off_tag_eval,7622210204424,Príncipe crema de chocolate,egg,es,"Harina de _trigo_ 49%, azúcar, grasa de palma, aceite de nabina, cacao magro en polvo 4.5%, jarabe de glucosa, almidón de _trigo_, gasificantes (carbonatos de amonio, carbonatos de sodio), emulgente (lecitinas de _soja_), sal, _leche_ desnatada en polvo, _leche_ en polvo, aroma.",off_reference_label_limitation,False,
1263_off_tag_eval,3229820794624,Galettes riz complet Bio,sesame,fr,"Riz complet 99,7%, sel",off_reference_label_limitation,False,
1263_off_tag_eval,3168930010890,Quaker Cruesli Chocolat au lait,sesame,fr,"AVOINE complète (37%),chocolat au lait* (13%) [sucre, LAIT en poudre, pâte de cacao, beurre de cacao, émulsifiant (lécithine de SOJA)],huile de tournesol,sucre,BLÉ complet (9%),sirop de glucose,oligofructose,farine de riz,farine de BLÉ,noix de coco,mélasse,sel,arôme naturel de caramel aux pommes et autre arôme naturel,antioxydant (tocophérol),* Le chocolat au lait contient 30% de cacao minimum.",off_reference_label_limitation,False,
1263_off_tag_eval,3168930010890,Quaker Cruesli Chocolat au lait,tree_nut,fr,"AVOINE complète (37%),chocolat au lait* (13%) [sucre, LAIT en poudre, pâte de cacao, beurre de cacao, émulsifiant (lécithine de SOJA)],huile de tournesol,sucre,BLÉ complet (9%),sirop de glucose,oligofructose,farine de riz,farine de BLÉ,noix de coco,mélasse,sel,arôme naturel de caramel aux pommes et autre arôme naturel,antioxydant (tocophérol),* Le chocolat au lait contient 30% de cacao minimum.",off_reference_label_limitation,False,
1263_off_tag_eval,3412290071801,Fromage à tartiner Ail et fines herbes fouetté MADAME LOIK - 150g,tree_nut,fr,"FROMAGE frais, ail (2,5%), sel, fines herbes (0.4%) (persil, ciboulette) Ingrédients laitiers issus de lait pasteurisé Origine du lait : France : Bretagne, Pays de la Loire",off_reference_label_limitation,False,
1263_off_tag_eval,3412290071801,Fromage à tartiner Ail et fines herbes fouetté MADAME LOIK - 150g,fish,fr,"FROMAGE frais, ail (2,5%), sel, fines herbes (0.4%) (persil, ciboulette) Ingrédients laitiers issus de lait pasteurisé Origine du lait : France : Bretagne, Pays de la Loire",off_reference_label_limitation,False,
1263_off_tag_eval,3272770096942,Le goût primeur - Ligne & plaisir,milk,fr,"Lait et crème pasteurisés (Origine : France), protéines du lait, sel,",off_reference_label_limitation,False,
1263_off_tag_eval,3272770096942,Le goût primeur - Ligne & plaisir,tree_nut,fr,"Lait et crème pasteurisés (Origine : France), protéines du lait, sel,",off_reference_label_limitation,False,
1263_off_tag_eval,8076809529433,Whole Wheat Penne Rigate,soy,en,"Fuldkorns _durumhvede_, Vand",off_reference_label_limitation,False,
1263_off_tag_eval,8410376009415,Zero sin azúcares Chip Choco,tree_nut,es,"Harina de trigo, chips de chocolate con edulcorante [pasta de cacao, edulcorante (maltitol), manteca de cacao, emulgente (lecitina de soja), aroma], aceite vegetal (aceite girasol alto oleico), edulcorantes (maltitol e isomalt), sal, gasificantes (carbonato ácido de amonio y carbonato ácido de sodio), aromas. Puede contener trazas de frutos secos, leche y mostaza.",ontology_dictionary_gap,False,
1263_off_tag_eval,8410376009415,Zero sin azúcares Chip Choco,soy,es,"Harina de trigo, chips de chocolate con edulcorante [pasta de cacao, edulcorante (maltitol), manteca de cacao, emulgente (lecitina de soja), aroma], aceite vegetal (aceite girasol alto oleico), edulcorantes (maltitol e isomalt), sal, gasificantes (carbonato ácido de amonio y carbonato ácido de sodio), aromas. Puede contener trazas de frutos secos, leche y mostaza.",section_splitting_context_gap,False,
1263_off_tag_eval,3083681148640,Celeri fromage blanc dnp 320g,shellfish,fr,"CELERI 70%, huile de colza, eau, FROMAGE blanc 0% de matières grasses 6,5% (LAIT écrémé pasteurisé, ferments LACTIQUES), vinaigre d'alcool, sel, MOUTARDE de Dijon, sucre, OEUF en poudre, épaississant : gomme de xanthane. Fabriqué dans un atelier utilisant également : gluten, crustacé, poisson, soja, fruits à coque.",ontology_dictionary_gap,False,
1263_off_tag_eval,6111024002186,Wilor,tree_nut,fr,"*** AJR : apport journalier recommandé, d0méga 6 que notre organisme ne peut fabriquer, 100g",off_reference_label_limitation,False,
1263_off_tag_eval,6111032010135,double zéro Cerise,wheat_gluten,fr,"Lait écrémé, lait écrémé en poudre, préparations de fruits, épaississant (amidon), lactosérum, arômes, colorants naturels (toucylate et carmin), édulcorant (stevia), cultures lactiques pour yaourt. Contient naturellement 0% de sucres. Fabriqué dans une ligne pouvant contenir des amandes et du gluten.",off_reference_label_limitation,False,
1263_off_tag_eval,6111032010135,double zéro Cerise,tree_nut,fr,"Lait écrémé, lait écrémé en poudre, préparations de fruits, épaississant (amidon), lactosérum, arômes, colorants naturels (toucylate et carmin), édulcorant (stevia), cultures lactiques pour yaourt. Contient naturellement 0% de sucres. Fabriqué dans une ligne pouvant contenir des amandes et du gluten.",off_reference_label_limitation,False,
1263_off_tag_eval,3664346315371,Grand Arôme moins de sucres,milk,en,"Sugar, fat-reduced cocoa powder (11 % cocoa butter) 47%, natural flavouring.",off_reference_label_limitation,False,
1263_off_tag_eval,3421557502446,T&C Muesli croustillant avoine amandes sans gluten,soy,fr,"Flocons d'avoine complets 64%, Sucre de canne complet, Huile de tournesol, Sirop de riz, riz (Riz, Sel), Amandes toastées 4.6%, Tapioca",off_reference_label_limitation,False,
1263_off_tag_eval,3421557502446,T&C Muesli croustillant avoine amandes sans gluten,milk,fr,"Flocons d'avoine complets 64%, Sucre de canne complet, Huile de tournesol, Sirop de riz, riz (Riz, Sel), Amandes toastées 4.6%, Tapioca",off_reference_label_limitation,False,
1263_off_tag_eval,3421557502446,T&C Muesli croustillant avoine amandes sans gluten,sesame,fr,"Flocons d'avoine complets 64%, Sucre de canne complet, Huile de tournesol, Sirop de riz, riz (Riz, Sel), Amandes toastées 4.6%, Tapioca",off_reference_label_limitation,False,
1263_off_tag_eval,3421557502446,T&C Muesli croustillant avoine amandes sans gluten,tree_nut,fr,"Flocons d'avoine complets 64%, Sucre de canne complet, Huile de tournesol, Sirop de riz, riz (Riz, Sel), Amandes toastées 4.6%, Tapioca",off_reference_label_limitation,False,
1263_off_tag_eval,3421557502446,T&C Muesli croustillant avoine amandes sans gluten,peanut,fr,"Flocons d'avoine complets 64%, Sucre de canne complet, Huile de tournesol, Sirop de riz, riz (Riz, Sel), Amandes toastées 4.6%, Tapioca",off_reference_label_limitation,False,
1263_off_tag_eval,20150907,Cranberries,tree_nut,de,"66% Cranberries, 33,5 % Zucker, Sonnenblumenöl. Kann Spuren von Schalenfrüchten und Erdnüssen enthalten.",ontology_dictionary_gap,False,
1263_off_tag_eval,20150907,Cranberries,peanut,de,"66% Cranberries, 33,5 % Zucker, Sonnenblumenöl. Kann Spuren von Schalenfrüchten und Erdnüssen enthalten.",ontology_dictionary_gap,False,
1263_off_tag_eval,5013665115571,BEURRE DE CACAHUETES 99% CACAHUETES,milk,fr,"Cacahuètes grillées (Arachides) 99%, sel marin.",off_reference_label_limitation,False,
1263_off_tag_eval,5013665115571,BEURRE DE CACAHUETES 99% CACAHUETES,tree_nut,fr,"Cacahuètes grillées (Arachides) 99%, sel marin.",off_reference_label_limitation,False,
1263_off_tag_eval,5013665115571,BEURRE DE CACAHUETES 99% CACAHUETES,soy,fr,"Cacahuètes grillées (Arachides) 99%, sel marin.",off_reference_label_limitation,False,
1263_off_tag_eval,3278690085646,Emprésuré chocolat intense,milk,fr,"Lait partiellement écrémé pasteurisé, lait concentré écrémé, sucre 9%, cacao 3,8%, chocolat 0,8% (pâte de cacao, sucre, beurre de cacao), présure.",off_reference_label_limitation,False,
1263_off_tag_eval,8000500435731,Eat natural Protéines,tree_nut,fr,"Cacahuètes 55%, sirop de riz, flocons de soja , miel, dattes séchées (dattes séchées 4%, farine de riz), caramel en poudre 3% (lait écrémé pasteurisé en poudre, lactosérum doux en poudre, sucre, BEURRE), amandes 2,5%, billes croustillantes de riz, sel marin 0,4%, arôme naturel,",off_reference_label_limitation,False,
1263_off_tag_eval,3165440008935,Céréales Méditerranéennes,milk,fr,"Semoule de blé dur précuite (gluten) (52%), céréales complètes (30%) (semoule de blé dur complète précuite (gluten) (20%), flocons de seigle malté (gluten) (6,3%), flocons d'orge (gluten) (3%), flocons d'épeautre (gluten) (1%), semoule de maïs précuite (6,5%), arôme naturel, farine de blé précuite (gluten) (1,8%), sel, tomates déshydratées, poivrons rouges déshydratés, huile d'olive vierge extra (0,9%), ail (0,9%), persil déshydraté (0,75%), huile de tournesol, herbes de Provence (0,1%),",off_reference_label_limitation,False,
1263_off_tag_eval,3165440008935,Céréales Méditerranéennes,sesame,fr,"Semoule de blé dur précuite (gluten) (52%), céréales complètes (30%) (semoule de blé dur complète précuite (gluten) (20%), flocons de seigle malté (gluten) (6,3%), flocons d'orge (gluten) (3%), flocons d'épeautre (gluten) (1%), semoule de maïs précuite (6,5%), arôme naturel, farine de blé précuite (gluten) (1,8%), sel, tomates déshydratées, poivrons rouges déshydratés, huile d'olive vierge extra (0,9%), ail (0,9%), persil déshydraté (0,75%), huile de tournesol, herbes de Provence (0,1%),",off_reference_label_limitation,False,
1263_off_tag_eval,3165440008935,Céréales Méditerranéennes,tree_nut,fr,"Semoule de blé dur précuite (gluten) (52%), céréales complètes (30%) (semoule de blé dur complète précuite (gluten) (20%), flocons de seigle malté (gluten) (6,3%), flocons d'orge (gluten) (3%), flocons d'épeautre (gluten) (1%), semoule de maïs précuite (6,5%), arôme naturel, farine de blé précuite (gluten) (1,8%), sel, tomates déshydratées, poivrons rouges déshydratés, huile d'olive vierge extra (0,9%), ail (0,9%), persil déshydraté (0,75%), huile de tournesol, herbes de Provence (0,1%),",off_reference_label_limitation,False,
1263_off_tag_eval,3165440008935,Céréales Méditerranéennes,soy,fr,"Semoule de blé dur précuite (gluten) (52%), céréales complètes (30%) (semoule de blé dur complète précuite (gluten) (20%), flocons de seigle malté (gluten) (6,3%), flocons d'orge (gluten) (3%), flocons d'épeautre (gluten) (1%), semoule de maïs précuite (6,5%), arôme naturel, farine de blé précuite (gluten) (1,8%), sel, tomates déshydratées, poivrons rouges déshydratés, huile d'olive vierge extra (0,9%), ail (0,9%), persil déshydraté (0,75%), huile de tournesol, herbes de Provence (0,1%),",off_reference_label_limitation,False,
1263_off_tag_eval,7622400013935,Noir 86% Extra intense,tree_nut,fr,"Pâte de cacao, beurre de cacao, cacao maigre en poudre, sucre, arôme naturel de vainille, émulsifiant (lécithines de _soja_), _lait_ écrémé en poudre.",off_reference_label_limitation,False,
1263_off_tag_eval,6111021090049,Concentré de tomates Aicha,tree_nut,fr,"tomate, sel,",off_reference_label_limitation,False,
1263_off_tag_eval,3175681132467,Les galettes orge et boulgour au chèvre miel,sesame,fr,"Concassé d'orge' cuit 41,8%, boulgour de blé complet réhydrate 29.2%, oignons&quot;, huiles vegetales&quot; (tournesol oléique&quot;, tournesol&quot;), fromage de chèvre&quot; (sans prèsure animale) 5.9%, farine de ble 5.3% flocons d'avoine complète*, flocons de blé complet 3,9%, miel 2.5%, graines de pavot 0.98% sel de mer, poivre&quot;. &quot;Ingrédients issus de l'agriculture biologique. NOS INGREDIENTS PROVIENNENT DE: ORGE. BLE ET MIEL ORIGINE UE. FROMAGE DE CHEVRE ORIGINE FRANCE",off_reference_label_limitation,False,
1263_off_tag_eval,3175681132467,Les galettes orge et boulgour au chèvre miel,tree_nut,fr,"Concassé d'orge' cuit 41,8%, boulgour de blé complet réhydrate 29.2%, oignons&quot;, huiles vegetales&quot; (tournesol oléique&quot;, tournesol&quot;), fromage de chèvre&quot; (sans prèsure animale) 5.9%, farine de ble 5.3% flocons d'avoine complète*, flocons de blé complet 3,9%, miel 2.5%, graines de pavot 0.98% sel de mer, poivre&quot;. &quot;Ingrédients issus de l'agriculture biologique. NOS INGREDIENTS PROVIENNENT DE: ORGE. BLE ET MIEL ORIGINE UE. FROMAGE DE CHEVRE ORIGINE FRANCE",off_reference_label_limitation,False,
1263_off_tag_eval,3175681132467,Les galettes orge et boulgour au chèvre miel,soy,fr,"Concassé d'orge' cuit 41,8%, boulgour de blé complet réhydrate 29.2%, oignons&quot;, huiles vegetales&quot; (tournesol oléique&quot;, tournesol&quot;), fromage de chèvre&quot; (sans prèsure animale) 5.9%, farine de ble 5.3% flocons d'avoine complète*, flocons de blé complet 3,9%, miel 2.5%, graines de pavot 0.98% sel de mer, poivre&quot;. &quot;Ingrédients issus de l'agriculture biologique. NOS INGREDIENTS PROVIENNENT DE: ORGE. BLE ET MIEL ORIGINE UE. FROMAGE DE CHEVRE ORIGINE FRANCE",off_reference_label_limitation,False,
1263_off_tag_eval,3029330004240,Fines Tartines farine de Seigle,tree_nut,fr,"Farine de SEIGLE (32%), eau, farine de BLÉ (29%), levain de SEIGLE (eau, farine de SEIGLE, sel), levure, sel iodé (sel, iodate de potassium), huile d'olive, GLUTEN DE BLÉ, correcteur d'acidité : acétates de sodium, malt d'ORGE torréfié, agent de traitement de la farine : acide ascorbique.",off_reference_label_limitation,False,
1263_off_tag_eval,3029330004240,Fines Tartines farine de Seigle,soy,fr,"Farine de SEIGLE (32%), eau, farine de BLÉ (29%), levain de SEIGLE (eau, farine de SEIGLE, sel), levure, sel iodé (sel, iodate de potassium), huile d'olive, GLUTEN DE BLÉ, correcteur d'acidité : acétates de sodium, malt d'ORGE torréfié, agent de traitement de la farine : acide ascorbique.",off_reference_label_limitation,False,
1263_off_tag_eval,3229820783338,Épeautre noisette,tree_nut,fr,"Eau, épeautre* 7%, riz* 6%, avoine*, noisettes* 2%, huile de tournesol*, arôme naturel de noisettes, sel marin.

*Ingrédients biologiques",off_reference_label_limitation,False,
1263_off_tag_eval,5411188110842,Rich and indulgent Hazelnut,tree_nut,de,"Wasser, Zucker, Haselnüsse (2,8%), Calcium (Tricalciumphosphat), Meersalz, Stabilisatoren (Johannisbrotkernmehl, Gellan], Emulgator (Lecithine), Vitamine B2, B12, D2, E. Kann Spuren von Schalenfrüchten enthalten.",section_splitting_context_gap,False,
1263_off_tag_eval,3023470001015,Galettes St Michel au beurre 4X5 - 130g,sesame,fr,"Farine de BLÉ 66%, sucre, BEURRE 18%, ŒUFS, arôme naturel, sel, poudres à lever : carbonates d'ammonium, carbonates de sodium, LAIT écrémé en poudre",off_reference_label_limitation,False,
1263_off_tag_eval,3023470001015,Galettes St Michel au beurre 4X5 - 130g,tree_nut,fr,"Farine de BLÉ 66%, sucre, BEURRE 18%, ŒUFS, arôme naturel, sel, poudres à lever : carbonates d'ammonium, carbonates de sodium, LAIT écrémé en poudre",off_reference_label_limitation,False,
1263_off_tag_eval,3023470001015,Galettes St Michel au beurre 4X5 - 130g,soy,fr,"Farine de BLÉ 66%, sucre, BEURRE 18%, ŒUFS, arôme naturel, sel, poudres à lever : carbonates d'ammonium, carbonates de sodium, LAIT écrémé en poudre",off_reference_label_limitation,False,
1263_off_tag_eval,3387390326574,Céréales Cookie Crisp,peanut,fr,"Farine de BLÉ complet 35,3 %, semoule de maïs, sucre, sirop de glucose, amidon de BLÉ, huile de tournesol, carbonate de calcium, cacao maigre en poudre * 1,7%, farine de BLÉ, sel, poudre à lever : carbonates de sodium ; arôme naturel, antioxydant : extrait riche en tocophérols ; fer, vitamines B3, B5, D, B9, B6, B2. Peut contenir du LAIT et des FRUITS À COQUE. * Bilan massique certifié Rainforest Alliance. www.ra.org/fr. Nestlé achète une quantité de cacao certifié Rainforest Alliance équivalente à cette nécessaire pour ce produit.",off_reference_label_limitation,False,
1263_off_tag_eval,3272770096850,Le  goût primeur,wheat_gluten,fr,"lait et crème pasteurisés ( Origine : France), protéines du lait, sel.",off_reference_label_limitation,False,
1263_off_tag_eval,3272770096850,Le  goût primeur,milk,fr,"lait et crème pasteurisés ( Origine : France), protéines du lait, sel.",off_reference_label_limitation,False,
1263_off_tag_eval,6111032006718,Danette,tree_nut,fr,milb 17 00 فلان کرآميل 33 يستهلك حتى: 21/04 15:24 رقم الإعتماد الصحی LPL;3.1.13 :ONSSA د المكونات: سکر، مسحوق الحليب بدون قشدة، مغطى بالكراميل، قشدة، مخثر )نشاء 20 20 و U0 مكالمة حرة 80غ 25 کراکینان(، نكهة، ملون طبيعي )با کاروتين(،مثبت )فوسفاط الصوديوم( م هن%1و2 6111032&quot;006718 الحاج قدور. مكناس - المغرب انتهاء الصلاحية - 30 يوم يحفظ في 5° على الأكثر. سنطرال دانون - طريق قلان كرامیل۔ تاريخ الإنتاج = تاریخ %3D,off_reference_label_limitation,False,
1263_off_tag_eval,5900951311505,SNICKERS,tree_nut,en,"milk chocolate (sugar, cocoa butter, chocolate, skim milk, lactose, milkfat, soy lecithin), peanuts, corn syrup, sugar, palm oil, skim milk, lactose, salt, egg whites, artificial flavor, peanuts, milk, egg and soy, tree nuts,",off_reference_label_limitation,False,
1263_off_tag_eval,3175681135895,Moelleux chocolat noix,egg,fr,"Farine de blé 23,6%, huile de colza 15,3%, sirop de sucre inverti, stabilisant : glycérol d'origine végétale, noix 5,9%, pépites de chocolat 5,2% (pâte de cacao, sucre, beurre de cacao, émulsifiant: lécithines (soja)), stabilisant : sorbitols, fibres de blé, amidon de blé, flocons de blé, flocons de soja, lait écrémé en poudre, cacao maigre en poudre, fibres d'avoine, émulsifiant : lécithines, flocons d'orge, flocons de seigle, flocons d'avoine, poudres à lever (acide citrique, carbonates de sodium), sel de mer.",off_reference_label_limitation,False,
1263_off_tag_eval,3175681135895,Moelleux chocolat noix,tree_nut,fr,"Farine de blé 23,6%, huile de colza 15,3%, sirop de sucre inverti, stabilisant : glycérol d'origine végétale, noix 5,9%, pépites de chocolat 5,2% (pâte de cacao, sucre, beurre de cacao, émulsifiant: lécithines (soja)), stabilisant : sorbitols, fibres de blé, amidon de blé, flocons de blé, flocons de soja, lait écrémé en poudre, cacao maigre en poudre, fibres d'avoine, émulsifiant : lécithines, flocons d'orge, flocons de seigle, flocons d'avoine, poudres à lever (acide citrique, carbonates de sodium), sel de mer.",off_reference_label_limitation,False,
1263_off_tag_eval,3281780893915,Mon Taboulé Oriental,fish,fr,"Semoule de blé réhydratée 56% (semoule de blé, eau), légumes (poivrons, tomates, oignons), jus de citron à base de concentré, huile d'olive vierge extra, huile de colza, raisins secs, menthe, épices, vinaigre d'alcool, sel, conservateur: sorbate de potassium.",off_reference_label_limitation,False,
1263_off_tag_eval,3281780893915,Mon Taboulé Oriental,shellfish,fr,"Semoule de blé réhydratée 56% (semoule de blé, eau), légumes (poivrons, tomates, oignons), jus de citron à base de concentré, huile d'olive vierge extra, huile de colza, raisins secs, menthe, épices, vinaigre d'alcool, sel, conservateur: sorbate de potassium.",off_reference_label_limitation,False,
1263_off_tag_eval,3281780893915,Mon Taboulé Oriental,soy,fr,"Semoule de blé réhydratée 56% (semoule de blé, eau), légumes (poivrons, tomates, oignons), jus de citron à base de concentré, huile d'olive vierge extra, huile de colza, raisins secs, menthe, épices, vinaigre d'alcool, sel, conservateur: sorbate de potassium.",off_reference_label_limitation,False,
1263_off_tag_eval,3281780893915,Mon Taboulé Oriental,tree_nut,fr,"Semoule de blé réhydratée 56% (semoule de blé, eau), légumes (poivrons, tomates, oignons), jus de citron à base de concentré, huile d'olive vierge extra, huile de colza, raisins secs, menthe, épices, vinaigre d'alcool, sel, conservateur: sorbate de potassium.",off_reference_label_limitation,False,
1263_off_tag_eval,3281780893915,Mon Taboulé Oriental,peanut,fr,"Semoule de blé réhydratée 56% (semoule de blé, eau), légumes (poivrons, tomates, oignons), jus de citron à base de concentré, huile d'olive vierge extra, huile de colza, raisins secs, menthe, épices, vinaigre d'alcool, sel, conservateur: sorbate de potassium.",off_reference_label_limitation,False,
1263_off_tag_eval,3281780893915,Mon Taboulé Oriental,egg,fr,"Semoule de blé réhydratée 56% (semoule de blé, eau), légumes (poivrons, tomates, oignons), jus de citron à base de concentré, huile d'olive vierge extra, huile de colza, raisins secs, menthe, épices, vinaigre d'alcool, sel, conservateur: sorbate de potassium.",off_reference_label_limitation,False,
1263_off_tag_eval,3281780893915,Mon Taboulé Oriental,wheat_gluten,fr,"Semoule de blé réhydratée 56% (semoule de blé, eau), légumes (poivrons, tomates, oignons), jus de citron à base de concentré, huile d'olive vierge extra, huile de colza, raisins secs, menthe, épices, vinaigre d'alcool, sel, conservateur: sorbate de potassium.",off_reference_label_limitation,False,
1263_off_tag_eval,3281780893915,Mon Taboulé Oriental,milk,fr,"Semoule de blé réhydratée 56% (semoule de blé, eau), légumes (poivrons, tomates, oignons), jus de citron à base de concentré, huile d'olive vierge extra, huile de colza, raisins secs, menthe, épices, vinaigre d'alcool, sel, conservateur: sorbate de potassium.",off_reference_label_limitation,False,
1263_off_tag_eval,3281780893915,Mon Taboulé Oriental,sesame,fr,"Semoule de blé réhydratée 56% (semoule de blé, eau), légumes (poivrons, tomates, oignons), jus de citron à base de concentré, huile d'olive vierge extra, huile de colza, raisins secs, menthe, épices, vinaigre d'alcool, sel, conservateur: sorbate de potassium.",off_reference_label_limitation,False,
1263_off_tag_eval,7613035694989,Boulettes aux Légumes,sesame,fr,"Eau, huiles végétales (tournesol, colza) en proportion variable, carottes 12,9%, petits pois 10,5%, maïs 8,2%, GLUTEN de BLÉ 7.9%, farine de SOJA 7.0%, oignons, flocon de pomme de terre, correcteur d'acidité : vinaigre tamponné ; poivron rouge 2.5%, stabilisant : méthylcellulose; oignon en poudre, amidon de maïs, sel, fibres d'agrumes, vinaigre d'alcool, poivre noir, curcuma. Peut contenir : OEUFS.",off_reference_label_limitation,False,
1263_off_tag_eval,3229820797946,Muesli sans sucres ajoutés raisin figue datte abricot,milk,fr,"Flocons d'avoine* complète, Flocons de blé* complet, Raisins* 8% (raisins*, huile de tournesol*), Figues* séchées 8% (figues*, farine de riz, Flocons d'épeautre* complet (blé), Pétales de maïs*, Dattes* 4% (dattes*, farine de riz*), Abricots* secs 3% (abricots*, farine de riz*), Graines de tournesol*, Pétales d'épeautre* complet (blé), Graines de lin*, Graines de courge*.",off_reference_label_limitation,False,
1263_off_tag_eval,3229820797946,Muesli sans sucres ajoutés raisin figue datte abricot,sesame,fr,"Flocons d'avoine* complète, Flocons de blé* complet, Raisins* 8% (raisins*, huile de tournesol*), Figues* séchées 8% (figues*, farine de riz, Flocons d'épeautre* complet (blé), Pétales de maïs*, Dattes* 4% (dattes*, farine de riz*), Abricots* secs 3% (abricots*, farine de riz*), Graines de tournesol*, Pétales d'épeautre* complet (blé), Graines de lin*, Graines de courge*.",off_reference_label_limitation,False,
1263_off_tag_eval,3229820797946,Muesli sans sucres ajoutés raisin figue datte abricot,tree_nut,fr,"Flocons d'avoine* complète, Flocons de blé* complet, Raisins* 8% (raisins*, huile de tournesol*), Figues* séchées 8% (figues*, farine de riz, Flocons d'épeautre* complet (blé), Pétales de maïs*, Dattes* 4% (dattes*, farine de riz*), Abricots* secs 3% (abricots*, farine de riz*), Graines de tournesol*, Pétales d'épeautre* complet (blé), Graines de lin*, Graines de courge*.",off_reference_label_limitation,False,
1263_off_tag_eval,3229820797946,Muesli sans sucres ajoutés raisin figue datte abricot,soy,fr,"Flocons d'avoine* complète, Flocons de blé* complet, Raisins* 8% (raisins*, huile de tournesol*), Figues* séchées 8% (figues*, farine de riz, Flocons d'épeautre* complet (blé), Pétales de maïs*, Dattes* 4% (dattes*, farine de riz*), Abricots* secs 3% (abricots*, farine de riz*), Graines de tournesol*, Pétales d'épeautre* complet (blé), Graines de lin*, Graines de courge*.",off_reference_label_limitation,False,
1263_off_tag_eval,3175681134904,Sablé Nature sans sucres,egg,fr,"Farine de blé 58,4%, édulcorant : maltitols d'origine végétale, huile de colza, amidon de blé, fibre de blé, arômes naturels, poudres à lever (acide citrique, carbonates d'ammonium), sel de mer, émulsifiant : lécithines.",off_reference_label_limitation,False,
1263_off_tag_eval,3175681134904,Sablé Nature sans sucres,tree_nut,fr,"Farine de blé 58,4%, édulcorant : maltitols d'origine végétale, huile de colza, amidon de blé, fibre de blé, arômes naturels, poudres à lever (acide citrique, carbonates d'ammonium), sel de mer, émulsifiant : lécithines.",off_reference_label_limitation,False,
1263_off_tag_eval,3175681134904,Sablé Nature sans sucres,milk,fr,"Farine de blé 58,4%, édulcorant : maltitols d'origine végétale, huile de colza, amidon de blé, fibre de blé, arômes naturels, poudres à lever (acide citrique, carbonates d'ammonium), sel de mer, émulsifiant : lécithines.",off_reference_label_limitation,False,
1263_off_tag_eval,3175681134904,Sablé Nature sans sucres,soy,fr,"Farine de blé 58,4%, édulcorant : maltitols d'origine végétale, huile de colza, amidon de blé, fibre de blé, arômes naturels, poudres à lever (acide citrique, carbonates d'ammonium), sel de mer, émulsifiant : lécithines.",off_reference_label_limitation,False,
1263_off_tag_eval,3175681116863,Sablé sésame saveur vanille,egg,fr,"Farine de blé 54%, édulcorant : maltitols d'origine végétale, huile de colza, amidon de blé, sésame toasté 5,7%, fibre de blé, sel de mer, poudres à lever (acide citrique, carbonates d'ammonium), émulsifiant : lécithines, arôme naturel.",off_reference_label_limitation,False,
1263_off_tag_eval,3175681116863,Sablé sésame saveur vanille,tree_nut,fr,"Farine de blé 54%, édulcorant : maltitols d'origine végétale, huile de colza, amidon de blé, sésame toasté 5,7%, fibre de blé, sel de mer, poudres à lever (acide citrique, carbonates d'ammonium), émulsifiant : lécithines, arôme naturel.",off_reference_label_limitation,False,
1263_off_tag_eval,3175681116863,Sablé sésame saveur vanille,milk,fr,"Farine de blé 54%, édulcorant : maltitols d'origine végétale, huile de colza, amidon de blé, sésame toasté 5,7%, fibre de blé, sel de mer, poudres à lever (acide citrique, carbonates d'ammonium), émulsifiant : lécithines, arôme naturel.",off_reference_label_limitation,False,
1263_off_tag_eval,3175681116863,Sablé sésame saveur vanille,soy,fr,"Farine de blé 54%, édulcorant : maltitols d'origine végétale, huile de colza, amidon de blé, sésame toasté 5,7%, fibre de blé, sel de mer, poudres à lever (acide citrique, carbonates d'ammonium), émulsifiant : lécithines, arôme naturel.",off_reference_label_limitation,False,
1263_off_tag_eval,7622210416629,La Biscotte 96% de céréales,egg,fr,"Farine de blé 96 %, huile de palme, sucre, levure, sel, émulsifiants (E471, E481), agent de traitement de la farine (acide ascorbique).",off_reference_label_limitation,False,
1263_off_tag_eval,7622210416629,La Biscotte 96% de céréales,sesame,fr,"Farine de blé 96 %, huile de palme, sucre, levure, sel, émulsifiants (E471, E481), agent de traitement de la farine (acide ascorbique).",off_reference_label_limitation,False,
1263_off_tag_eval,7622210416629,La Biscotte 96% de céréales,milk,fr,"Farine de blé 96 %, huile de palme, sucre, levure, sel, émulsifiants (E471, E481), agent de traitement de la farine (acide ascorbique).",off_reference_label_limitation,False,
1263_off_tag_eval,8402001010873,Muesli Crunchy,wheat_gluten,es,"Copos de avena (gluten) (52%), fibras vegetales (achicoria, maiz), harina (20%) (arroz, trigo (gluten)), aceite de girasol alto oleico, extracto de malta de cebada (gluten), aromas, sal. Puede contener trazas de frutos de cáscara, soja, leche, cacahuetes, semillas de sésamo, sulfitos y mostaza.",section_splitting_context_gap,False,
1263_off_tag_eval,8402001010873,Muesli Crunchy,tree_nut,es,"Copos de avena (gluten) (52%), fibras vegetales (achicoria, maiz), harina (20%) (arroz, trigo (gluten)), aceite de girasol alto oleico, extracto de malta de cebada (gluten), aromas, sal. Puede contener trazas de frutos de cáscara, soja, leche, cacahuetes, semillas de sésamo, sulfitos y mostaza.",matcher_logic_edge_case,False,
1263_off_tag_eval,3760278866964,Beurre bio cacahuètes crunchy,tree_nut,fr,"Arachide* 99.1%, sel 0.9%
* Ingrédients issus de l'agriculture biologique",off_reference_label_limitation,False,
1263_off_tag_eval,7622210770714,Moelleux goût choco-noisette,milk,fr,"Céréales 40,7 % [(farine de _blé_ 21,9 %, céréales complètes 16,4 % (sarrasin complet concassé 12,8 %, farine complète de _blé_ 0,9 %, farine complète d'_orge_ 0,9 %, farine complète d'épeautre (_blé_) 0,9%, flocons d'_avoine_ 0,9 %), farine de riz 2,3 %, farine de _blé_ malté 0,1%)], sucre, huile de colza, amidon modifié, inuline, isomaltulose , humectant (glycérol), amidon de maïs, cacao maigre en poudre 2,4 %, huile de palme, émulsifiant (lécithine de _soja_), agent de charge (maltitol), sel, poudre à lever (carbonate acide de sodium), minéraux (oxyde de magnésium, fer élémentaire), gluten de _blé_, dextrose, arômes, vitamines (vitamine B6, B9)), lait écrémé en poudre",off_reference_label_limitation,False,
1263_off_tag_eval,6111032004455,Dan up,wheat_gluten,en,"milk without whipped cream, milk powder without whipped cream, milky proteins, whipped cream, butter, coagulant (starch), flavor, yeast for yogurt,",off_reference_label_limitation,False,
1263_off_tag_eval,6111032004455,Dan up,milk,en,"milk without whipped cream, milk powder without whipped cream, milky proteins, whipped cream, butter, coagulant (starch), flavor, yeast for yogurt,",off_reference_label_limitation,False,
1263_off_tag_eval,6111032004455,Dan up,tree_nut,en,"milk without whipped cream, milk powder without whipped cream, milky proteins, whipped cream, butter, coagulant (starch), flavor, yeast for yogurt,",off_reference_label_limitation,False,
1263_off_tag_eval,6111259347434,Biscotti,tree_nut,fr,"Farine de blé, Graisses végétales (Palme), Sucre, Poudre levante (Bicarbonate de sodium E500ii), Carbonate de calcium, Emulsifiant d'origine végétale (lécithine de soja E322), Mixture de vitamines et Minéraux (Riboflavine B2, Vitamine B9, Fer, Vitamine B3, Vitamine B1), Sel et Arôme (Orange). Contient : Blé (céréales contenant du gluten) et Soja. Peut contenir des traces de lait, oeufs, fruits secs et arachides.",off_reference_label_limitation,False,
1263_off_tag_eval,3770018078144,La Vie Jambon Végétal,egg,fr,"Protéines de pois réhydratées 48%, Protéines de soja réhydratés, Arôme naturel, Jus concentré de radis, Sel, Correcteur d'acidité : acétates de potassium, Conservateur: acide lactique vegan",off_reference_label_limitation,False,
1263_off_tag_eval,3770018078144,La Vie Jambon Végétal,tree_nut,fr,"Protéines de pois réhydratées 48%, Protéines de soja réhydratés, Arôme naturel, Jus concentré de radis, Sel, Correcteur d'acidité : acétates de potassium, Conservateur: acide lactique vegan",off_reference_label_limitation,False,
1263_off_tag_eval,3770018078144,La Vie Jambon Végétal,milk,fr,"Protéines de pois réhydratées 48%, Protéines de soja réhydratés, Arôme naturel, Jus concentré de radis, Sel, Correcteur d'acidité : acétates de potassium, Conservateur: acide lactique vegan",off_reference_label_limitation,False,
1263_off_tag_eval,8410376026962,Digestive Avena Choco,milk,es,"Copos de _avena_ 34%, harina integral de _trigo_  21%, chips de chocolate negro 15% (azúcar, pasta de cacao, dextrosa, manteca de cacao, emulgente (lecitina de _soja_)), aceite vegetal 14% (girasol alto oléico), azúcar, jarabe de glucosa y fructosa, gasificantes (carbonato ácido de sodio, carbonato ácido de amonio), sal.",off_reference_label_limitation,False,
1263_off_tag_eval,3259011799893,Galettes Boulgour & Sarrasin à l'Emmental,egg,fr,"Boulgour de blé complet réhydraté 46,3%, sarrasin* grillé réhydraté 17,4%, emmental* (sans présure animale) 10,3%, huiles végétales* 5,6% (huile de tournesol oléique* 5,3%, huile de tournesol* 0,3%), flocons de blé complet* 5,4%, oignons, flocons d'avoine complète* 3,1%, farine de blé 2%, gluten de blé 1,8%, sel de mer, poivre* 
*Ingrédients issus de l'agriculture biologique.",off_reference_label_limitation,False,
1263_off_tag_eval,3259011799893,Galettes Boulgour & Sarrasin à l'Emmental,soy,fr,"Boulgour de blé complet réhydraté 46,3%, sarrasin* grillé réhydraté 17,4%, emmental* (sans présure animale) 10,3%, huiles végétales* 5,6% (huile de tournesol oléique* 5,3%, huile de tournesol* 0,3%), flocons de blé complet* 5,4%, oignons, flocons d'avoine complète* 3,1%, farine de blé 2%, gluten de blé 1,8%, sel de mer, poivre* 
*Ingrédients issus de l'agriculture biologique.",off_reference_label_limitation,False,
1263_off_tag_eval,3259011799893,Galettes Boulgour & Sarrasin à l'Emmental,sesame,fr,"Boulgour de blé complet réhydraté 46,3%, sarrasin* grillé réhydraté 17,4%, emmental* (sans présure animale) 10,3%, huiles végétales* 5,6% (huile de tournesol oléique* 5,3%, huile de tournesol* 0,3%), flocons de blé complet* 5,4%, oignons, flocons d'avoine complète* 3,1%, farine de blé 2%, gluten de blé 1,8%, sel de mer, poivre* 
*Ingrédients issus de l'agriculture biologique.",off_reference_label_limitation,False,
1263_off_tag_eval,3259011799893,Galettes Boulgour & Sarrasin à l'Emmental,tree_nut,fr,"Boulgour de blé complet réhydraté 46,3%, sarrasin* grillé réhydraté 17,4%, emmental* (sans présure animale) 10,3%, huiles végétales* 5,6% (huile de tournesol oléique* 5,3%, huile de tournesol* 0,3%), flocons de blé complet* 5,4%, oignons, flocons d'avoine complète* 3,1%, farine de blé 2%, gluten de blé 1,8%, sel de mer, poivre* 
*Ingrédients issus de l'agriculture biologique.",off_reference_label_limitation,False,
1263_off_tag_eval,3259011799893,Galettes Boulgour & Sarrasin à l'Emmental,peanut,fr,"Boulgour de blé complet réhydraté 46,3%, sarrasin* grillé réhydraté 17,4%, emmental* (sans présure animale) 10,3%, huiles végétales* 5,6% (huile de tournesol oléique* 5,3%, huile de tournesol* 0,3%), flocons de blé complet* 5,4%, oignons, flocons d'avoine complète* 3,1%, farine de blé 2%, gluten de blé 1,8%, sel de mer, poivre* 
*Ingrédients issus de l'agriculture biologique.",off_reference_label_limitation,False,
1263_off_tag_eval,6111260680452,Marhaba,milk,fr,"Sucre, huile végétale (palm), poudre de cacao (8,3%), pâte de noisettes (8%), poudre de lait écrémé (7,2%), poudre de lactoserum, émulsifiants (lécithine de soja), arômes (vanilline).",off_reference_label_limitation,False,
1263_off_tag_eval,6111260680452,Marhaba,tree_nut,fr,"Sucre, huile végétale (palm), poudre de cacao (8,3%), pâte de noisettes (8%), poudre de lait écrémé (7,2%), poudre de lactoserum, émulsifiants (lécithine de soja), arômes (vanilline).",off_reference_label_limitation,False,
1263_off_tag_eval,6111260680452,Marhaba,peanut,fr,"Sucre, huile végétale (palm), poudre de cacao (8,3%), pâte de noisettes (8%), poudre de lait écrémé (7,2%), poudre de lactoserum, émulsifiants (lécithine de soja), arômes (vanilline).",off_reference_label_limitation,False,
1263_off_tag_eval,5060042641406,Sea salt & cider vinegar,milk,nl,"Aardappelen, zonnebloemolie, aardappelmaltodextrine, zeezout, aardappelzetmeel, gedroogde appelazijn, gedroogde alcoholazijn, suiker, natuurlijke smaakstoffen, gedroogde moutazijn (_GERST_), appelpoeder, antioxidant (rozemarijnextract)",off_reference_label_limitation,False,
1263_off_tag_eval,5010477356277,Granola Amandes Noisettes & Graines,wheat_gluten,fr,"Flocons d'avoine complète (56%), flocons d’orge (24%), fibre de racine de chicorée, noix (8%) (amandes effilées & amandes entières, noisettes grillées hachées), huile de tournesol et huile colza en proportion variable , graines (1,5%) (graines de courge, graines de tournesol), noix de coco séchée, arôme naturel",off_reference_label_limitation,False,
1263_off_tag_eval,5010477356277,Granola Amandes Noisettes & Graines,tree_nut,fr,"Flocons d'avoine complète (56%), flocons d’orge (24%), fibre de racine de chicorée, noix (8%) (amandes effilées & amandes entières, noisettes grillées hachées), huile de tournesol et huile colza en proportion variable , graines (1,5%) (graines de courge, graines de tournesol), noix de coco séchée, arôme naturel",off_reference_label_limitation,False,
1263_off_tag_eval,3182180002542,Grilletine Sans sucres ajoutés Blé complet,egg,fr,"Farine de BLÉ 58% - Céréales complètes 19% (farine de BLÉ complet 18%, farine de SEIGLE complète 1%) - Huile de tournesol - Fibre soluble de maïs - Son de BLÉ - Levure boulangère - GLUTEN de blé - Farine de sarrasin - Farine de BLÉ malté - Sel - Agent de traitement de la farine (acide ascorbique).",off_reference_label_limitation,False,
1263_off_tag_eval,3182180002542,Grilletine Sans sucres ajoutés Blé complet,soy,fr,"Farine de BLÉ 58% - Céréales complètes 19% (farine de BLÉ complet 18%, farine de SEIGLE complète 1%) - Huile de tournesol - Fibre soluble de maïs - Son de BLÉ - Levure boulangère - GLUTEN de blé - Farine de sarrasin - Farine de BLÉ malté - Sel - Agent de traitement de la farine (acide ascorbique).",off_reference_label_limitation,False,
1263_off_tag_eval,3182180002542,Grilletine Sans sucres ajoutés Blé complet,milk,fr,"Farine de BLÉ 58% - Céréales complètes 19% (farine de BLÉ complet 18%, farine de SEIGLE complète 1%) - Huile de tournesol - Fibre soluble de maïs - Son de BLÉ - Levure boulangère - GLUTEN de blé - Farine de sarrasin - Farine de BLÉ malté - Sel - Agent de traitement de la farine (acide ascorbique).",off_reference_label_limitation,False,
1263_off_tag_eval,3182180002542,Grilletine Sans sucres ajoutés Blé complet,sesame,fr,"Farine de BLÉ 58% - Céréales complètes 19% (farine de BLÉ complet 18%, farine de SEIGLE complète 1%) - Huile de tournesol - Fibre soluble de maïs - Son de BLÉ - Levure boulangère - GLUTEN de blé - Farine de sarrasin - Farine de BLÉ malté - Sel - Agent de traitement de la farine (acide ascorbique).",off_reference_label_limitation,False,
1263_off_tag_eval,3182180002542,Grilletine Sans sucres ajoutés Blé complet,tree_nut,fr,"Farine de BLÉ 58% - Céréales complètes 19% (farine de BLÉ complet 18%, farine de SEIGLE complète 1%) - Huile de tournesol - Fibre soluble de maïs - Son de BLÉ - Levure boulangère - GLUTEN de blé - Farine de sarrasin - Farine de BLÉ malté - Sel - Agent de traitement de la farine (acide ascorbique).",off_reference_label_limitation,False,
1263_off_tag_eval,3700278400881,Banania Original - Cacao Céréales Touche De Banane & Miel,milk,fr,"Sucre, cacao fortement dégraissé 19%, céréales (farines de blé, d’orge, de blé malté) 12%, flocons de banane déshydratés 0,25 %, miel 0,25%, arôme, sel.",off_reference_label_limitation,False,
1263_off_tag_eval,3700278400881,Banania Original - Cacao Céréales Touche De Banane & Miel,soy,fr,"Sucre, cacao fortement dégraissé 19%, céréales (farines de blé, d’orge, de blé malté) 12%, flocons de banane déshydratés 0,25 %, miel 0,25%, arôme, sel.",off_reference_label_limitation,False,
1263_off_tag_eval,5010477354051,Muesli Bio Superfruits,wheat_gluten,fr,"Céréales complètes (82%) (flocons d'_avoine_, flocons de _blé_, pétales de blé grillé), raisins secs (raisins secs, huile de tournesol), graines de courge (3%), fruits lyophilisés (2%) (groseilles, myrtilles, baies entières de cassis)",off_reference_label_limitation,False,
1263_off_tag_eval,5010477354051,Muesli Bio Superfruits,tree_nut,fr,"Céréales complètes (82%) (flocons d'_avoine_, flocons de _blé_, pétales de blé grillé), raisins secs (raisins secs, huile de tournesol), graines de courge (3%), fruits lyophilisés (2%) (groseilles, myrtilles, baies entières de cassis)",off_reference_label_limitation,False,
1263_off_tag_eval,3760091724632,Chocolat noir PEROU GRAND CRU AMAZONAS 70%,wheat_gluten,fr,"Pâte de cacao°* du Pérou 65%, sucre de canne°*, beurre de cacao°*. Cacao: 70% minimum dans le chocolat.",off_reference_label_limitation,False,
1263_off_tag_eval,3760091724632,Chocolat noir PEROU GRAND CRU AMAZONAS 70%,milk,fr,"Pâte de cacao°* du Pérou 65%, sucre de canne°*, beurre de cacao°*. Cacao: 70% minimum dans le chocolat.",off_reference_label_limitation,False,
1263_off_tag_eval,3760091724632,Chocolat noir PEROU GRAND CRU AMAZONAS 70%,sesame,fr,"Pâte de cacao°* du Pérou 65%, sucre de canne°*, beurre de cacao°*. Cacao: 70% minimum dans le chocolat.",off_reference_label_limitation,False,
1263_off_tag_eval,3760091724632,Chocolat noir PEROU GRAND CRU AMAZONAS 70%,tree_nut,fr,"Pâte de cacao°* du Pérou 65%, sucre de canne°*, beurre de cacao°*. Cacao: 70% minimum dans le chocolat.",off_reference_label_limitation,False,
1263_off_tag_eval,3272770016131,Chavroux Pur Chèvre,milk,fr,"Lait de chèvre, crème de chèvre , sel, arôme naturel de chèvre.",off_reference_label_limitation,False,
1263_off_tag_eval,6111024001202,Huile de tournesol,tree_nut,fr,"Uhuale de tournesol content une guari *Uhe cuillerée à soupe dhule équaut a مق كبير من الزيت تعادل ما يقارب 0غ أو 90 كبلوكيالوري في على كمية مهمة من الأوميكا6 الأساسية ABRS UTNTONNELLES 100 Lipides i Acides gras saturés Acides gras monoinsaturés 27 IA Acdes gras polyinsaturés (e Oméga 6 e Fbres almentaires Viamine E mg Cholesterd Proteines g Guoides Sodum 100 11,3 613 liilia 61,15 0. الجسم إنتاجها۔ portated",off_reference_label_limitation,False,
1263_off_tag_eval,6111021013208,Confiture De Fraises Aicha,tree_nut,fr,"Fraises, sucre, pectine de fruits, acidifiant : acide citrique",off_reference_label_limitation,False,
1263_off_tag_eval,3560071407650,Muesli de quinoa y chocolate,milk,es,"Copos de trigo integrales 23,6%, arroz 21,4%, azúcar de caña, copos de avena&quot; integrales 10,8%, quinoa&quot; 9,6%, pepitas de chocolate 9% (pasta de cacao azúcar de caña, manteca de cacao&quot;). aceite de girasol&quot; (semillas de girasol, antioxidante: extracto de romero&quot;), harina de trigo 2.7%, coco rallado, avena integral 2%, cacao magro en polvo, miel&quot;, caramelo&quot; (azúcar de caña&quot;, agua), sal marina",off_reference_label_limitation,False,
1263_off_tag_eval,3560071407650,Muesli de quinoa y chocolate,sesame,es,"Copos de trigo integrales 23,6%, arroz 21,4%, azúcar de caña, copos de avena&quot; integrales 10,8%, quinoa&quot; 9,6%, pepitas de chocolate 9% (pasta de cacao azúcar de caña, manteca de cacao&quot;). aceite de girasol&quot; (semillas de girasol, antioxidante: extracto de romero&quot;), harina de trigo 2.7%, coco rallado, avena integral 2%, cacao magro en polvo, miel&quot;, caramelo&quot; (azúcar de caña&quot;, agua), sal marina",off_reference_label_limitation,False,
1263_off_tag_eval,3560071407650,Muesli de quinoa y chocolate,tree_nut,es,"Copos de trigo integrales 23,6%, arroz 21,4%, azúcar de caña, copos de avena&quot; integrales 10,8%, quinoa&quot; 9,6%, pepitas de chocolate 9% (pasta de cacao azúcar de caña, manteca de cacao&quot;). aceite de girasol&quot; (semillas de girasol, antioxidante: extracto de romero&quot;), harina de trigo 2.7%, coco rallado, avena integral 2%, cacao magro en polvo, miel&quot;, caramelo&quot; (azúcar de caña&quot;, agua), sal marina",off_reference_label_limitation,False,
1263_off_tag_eval,3560071407650,Muesli de quinoa y chocolate,soy,es,"Copos de trigo integrales 23,6%, arroz 21,4%, azúcar de caña, copos de avena&quot; integrales 10,8%, quinoa&quot; 9,6%, pepitas de chocolate 9% (pasta de cacao azúcar de caña, manteca de cacao&quot;). aceite de girasol&quot; (semillas de girasol, antioxidante: extracto de romero&quot;), harina de trigo 2.7%, coco rallado, avena integral 2%, cacao magro en polvo, miel&quot;, caramelo&quot; (azúcar de caña&quot;, agua), sal marina",off_reference_label_limitation,False,
1263_off_tag_eval,3029330069898,Tartines p’tit dej,egg,en,"Farine complète de blé (51%), eau, farine de blé (18%), huile de colza, levure, arôme naturel (contient alcool), sel, farine de maïs , GLUTEN DE BLÉ, jus d'acérola en poudre.",off_reference_label_limitation,False,
1263_off_tag_eval,3029330069898,Tartines p’tit dej,sesame,en,"Farine complète de blé (51%), eau, farine de blé (18%), huile de colza, levure, arôme naturel (contient alcool), sel, farine de maïs , GLUTEN DE BLÉ, jus d'acérola en poudre.",off_reference_label_limitation,False,
1263_off_tag_eval,3029330069898,Tartines p’tit dej,milk,en,"Farine complète de blé (51%), eau, farine de blé (18%), huile de colza, levure, arôme naturel (contient alcool), sel, farine de maïs , GLUTEN DE BLÉ, jus d'acérola en poudre.",off_reference_label_limitation,False,
1263_off_tag_eval,3336972109104,Chips de lentilles saveur oignons caramelisés,wheat_gluten,fr,"Farine de lentilles (36%), huiles végétales (tournesol, colza), farine de riz, farine de maïs, amidons, oignons, sel, sucre, arôme naturel, poivre vert, régulateur d'acidité (acide citrique, acide lactique) chlorure de potassium.",off_reference_label_limitation,False,
1263_off_tag_eval,3336972109104,Chips de lentilles saveur oignons caramelisés,milk,fr,"Farine de lentilles (36%), huiles végétales (tournesol, colza), farine de riz, farine de maïs, amidons, oignons, sel, sucre, arôme naturel, poivre vert, régulateur d'acidité (acide citrique, acide lactique) chlorure de potassium.",off_reference_label_limitation,False,
1263_off_tag_eval,3336972109104,Chips de lentilles saveur oignons caramelisés,peanut,fr,"Farine de lentilles (36%), huiles végétales (tournesol, colza), farine de riz, farine de maïs, amidons, oignons, sel, sucre, arôme naturel, poivre vert, régulateur d'acidité (acide citrique, acide lactique) chlorure de potassium.",off_reference_label_limitation,False,
1263_off_tag_eval,3336972109104,Chips de lentilles saveur oignons caramelisés,soy,fr,"Farine de lentilles (36%), huiles végétales (tournesol, colza), farine de riz, farine de maïs, amidons, oignons, sel, sucre, arôme naturel, poivre vert, régulateur d'acidité (acide citrique, acide lactique) chlorure de potassium.",off_reference_label_limitation,False,
1263_off_tag_eval,3664346305860,Noir Extra,milk,fr,"coconut 48%, sugar, cocoa paste, cocoa butter, lean cocoa powder, emulsifier (soy lecithin), flavouring, skimmed milk powder, cocoa: 47% minimum, may contain wheat, barley and nuts",section_splitting_context_gap,False,
1263_off_tag_eval,7622300336738,OREO ORIGINAL,milk,nl,"Weizenmehl, Zucker, Palmöl, Rapsöl, Weizenstärke, fettarmes Kakaopulver 4,7 %, Glukose-Fruktose-Sirup, Backtriebmittel (Ammoniumcarbonate, Kaliumcarbonate, Natriumcarbonate), Speisesalz, Emulgator (Sojalecithine), Säureregulator (Natriumhydroxid), Aromen. 

Kann Milch enthalten.",trace_marker_detection_gap,False,
1263_off_tag_eval,3182180060320,Tartines de Pain Blé Complet,egg,fr,"Farine de BLÉ, Farine de BLÉ complet 17% , Son de BLÉ,  Huile de tournesol,  GLUTEN de BLÉ,  Sucre,  Sel,  Levure boulangère,  Agent de traitement de la farine : acide ascorbique.",off_reference_label_limitation,False,
1263_off_tag_eval,3182180060320,Tartines de Pain Blé Complet,soy,fr,"Farine de BLÉ, Farine de BLÉ complet 17% , Son de BLÉ,  Huile de tournesol,  GLUTEN de BLÉ,  Sucre,  Sel,  Levure boulangère,  Agent de traitement de la farine : acide ascorbique.",off_reference_label_limitation,False,
1263_off_tag_eval,3182180060320,Tartines de Pain Blé Complet,milk,fr,"Farine de BLÉ, Farine de BLÉ complet 17% , Son de BLÉ,  Huile de tournesol,  GLUTEN de BLÉ,  Sucre,  Sel,  Levure boulangère,  Agent de traitement de la farine : acide ascorbique.",off_reference_label_limitation,False,
1263_off_tag_eval,3182180060320,Tartines de Pain Blé Complet,sesame,fr,"Farine de BLÉ, Farine de BLÉ complet 17% , Son de BLÉ,  Huile de tournesol,  GLUTEN de BLÉ,  Sucre,  Sel,  Levure boulangère,  Agent de traitement de la farine : acide ascorbique.",off_reference_label_limitation,False,
1263_off_tag_eval,3182180060320,Tartines de Pain Blé Complet,tree_nut,fr,"Farine de BLÉ, Farine de BLÉ complet 17% , Son de BLÉ,  Huile de tournesol,  GLUTEN de BLÉ,  Sucre,  Sel,  Levure boulangère,  Agent de traitement de la farine : acide ascorbique.",off_reference_label_limitation,False,
1263_off_tag_eval,7622210988034,Véritable petit beurre,egg,fr,"Farine de _blé_ 73.4 %, sucre, _beurre_ 13.6%, _lait_ écrémé en poudre 1.3%, sel, poudre à lever (carbonate acide d'ammonium, carbonate acide de sodium), correcteur d'acidité (acide citrique), arôme.",off_reference_label_limitation,False,
1263_off_tag_eval,7622210988034,Véritable petit beurre,sesame,fr,"Farine de _blé_ 73.4 %, sucre, _beurre_ 13.6%, _lait_ écrémé en poudre 1.3%, sel, poudre à lever (carbonate acide d'ammonium, carbonate acide de sodium), correcteur d'acidité (acide citrique), arôme.",off_reference_label_limitation,False,
1263_off_tag_eval,3178530407396,Petit Cookies Pépites de chocolat,sesame,fr,"farines de céréales (farine de blé tendre,  farine d'avoine ), pépites de chocolat 33% (sucre,  pâte de cacao,  lactose,  émulsifiant  : lécithine (soja ),  arôme naturel de vanille,  cacao maigre en poudre), beurre,  sucre,  oeufs frais,  poudre à lever ( carbonates de sodium et diphosphates ), fibres de blé,  arôme naturel,  sel, poudre de lait écrémé.",off_reference_label_limitation,False,
1263_off_tag_eval,3178530407396,Petit Cookies Pépites de chocolat,tree_nut,fr,"farines de céréales (farine de blé tendre,  farine d'avoine ), pépites de chocolat 33% (sucre,  pâte de cacao,  lactose,  émulsifiant  : lécithine (soja ),  arôme naturel de vanille,  cacao maigre en poudre), beurre,  sucre,  oeufs frais,  poudre à lever ( carbonates de sodium et diphosphates ), fibres de blé,  arôme naturel,  sel, poudre de lait écrémé.",off_reference_label_limitation,False,
1263_off_tag_eval,3046920022705,Excellence Noir Orange Intense,sesame,fr,"sucre, pâte de cacao, amandes 7%, jus d'orange à base de concentré 3,9%, beurre de cacao, beurre laitier concentré, sucre inverti, jus de citron à base de concentré, émulsifiant (lécithine de soja), ananas, gélifiant (pectine), arôme naturel d'orange,",off_reference_label_limitation,False,
1263_off_tag_eval,3046920022705,Excellence Noir Orange Intense,tree_nut,fr,"sucre, pâte de cacao, amandes 7%, jus d'orange à base de concentré 3,9%, beurre de cacao, beurre laitier concentré, sucre inverti, jus de citron à base de concentré, émulsifiant (lécithine de soja), ananas, gélifiant (pectine), arôme naturel d'orange,",off_reference_label_limitation,False,
1263_off_tag_eval,20621469,Special Flakes Original,tree_nut,en,"62% Shredded Wholegrain Wheat, Rice, Sugar, Barley Malt Extract, Salt.",off_reference_label_limitation,False,
1263_off_tag_eval,20621469,Special Flakes Original,peanut,en,"62% Shredded Wholegrain Wheat, Rice, Sugar, Barley Malt Extract, Salt.",off_reference_label_limitation,False,
1263_off_tag_eval,5010477348555,Country Crisp 4 Noix,tree_nut,fr,"Céréales complètes (48%) (flocons d'avoine, farine d'avoine), sucre, noix (14%) (noisettes grillées en morceaux et entières, amandes effilées et entières, morceaux de noix du Brésil, éclats de noix de pécan), flocons d'orge, huile de tournesol, farine de riz, noix de coco séchée, arôme naturel.
Peut contenir également : Autres sources de gluten, autres noix.",ontology_dictionary_gap,False,
1263_off_tag_eval,8434165466333,Krit krititas galletas saladas,egg,es,"Harina de _trigo_, aceite de girasol alto oleico (26%), azúcar, jarabe de glucosa y fructosa, extracto de malta de _cebada_, sal, gasificantes (carbonatos de amonio, carbonatos sodio), corrector de acidez (fosfatos de calcio), sal mineral de potasio, levadura, agente de tratamiento de la harina (_metabisulfito_ sódico). Puede contener _sésamo, leche, mostaza, soja,huevo._",ontology_dictionary_gap,False,
1263_off_tag_eval,8434165466333,Krit krititas galletas saladas,sesame,es,"Harina de _trigo_, aceite de girasol alto oleico (26%), azúcar, jarabe de glucosa y fructosa, extracto de malta de _cebada_, sal, gasificantes (carbonatos de amonio, carbonatos sodio), corrector de acidez (fosfatos de calcio), sal mineral de potasio, levadura, agente de tratamiento de la harina (_metabisulfito_ sódico). Puede contener _sésamo, leche, mostaza, soja,huevo._",ontology_dictionary_gap,False,
1263_off_tag_eval,8076802085738,Barilla Penne Rigate Nº73,egg,en,"_Hartweizengrieß_, Wasser.",off_reference_label_limitation,False,
1263_off_tag_eval,8076802085738,Barilla Penne Rigate Nº73,soy,en,"_Hartweizengrieß_, Wasser.",off_reference_label_limitation,False,
1263_off_tag_eval,3760020505936,Bouillon cube Légumes sans sel sans gluten,milk,fr,"INGRÉDIENTS DU BOUILLON DÉSHYDRATÉ :
beurre de karité*, légumes* 20% (tomates*, CELERI*, oignons*, carottes*, poireaux*, panais*), amidon de maïs*, sirop de glucose*, sucre de canne brut*, extrait de levure, jus de légumes* concentré (CELERI*, carottes*, oignons*), aromates* (ail*, feuilles de livèche*, persil*, feuilles de CELERI*, origan*, romarin*, thym*), huile d'olive*, épices*, sucre caramélisé*, huile de tournesol*.
*Produits issus de l'agriculture biologique.
Peut contenir des traces d'OEUFS, de LAIT, de SOJA et de MOUTARDE.",matcher_logic_edge_case,False,
1263_off_tag_eval,3175681261365,Biscuits Abricot Pistache,milk,fr,"Farine de blé 54,9%, huile de colza, sucre non raffiné, germe de blé 5,6%, abricots secs 5,1%, pistaches 4,6%, amidon de blé, fibres de blé, jus concentré de citron, émulsifiant : lécithines, magnésium, poudre à lever (carbonates de sodium), arôme naturel d'abricot avec autres arômes naturels.",off_reference_label_limitation,False,
1263_off_tag_eval,3175681261365,Biscuits Abricot Pistache,sesame,fr,"Farine de blé 54,9%, huile de colza, sucre non raffiné, germe de blé 5,6%, abricots secs 5,1%, pistaches 4,6%, amidon de blé, fibres de blé, jus concentré de citron, émulsifiant : lécithines, magnésium, poudre à lever (carbonates de sodium), arôme naturel d'abricot avec autres arômes naturels.",off_reference_label_limitation,False,
1263_off_tag_eval,3175681261365,Biscuits Abricot Pistache,tree_nut,fr,"Farine de blé 54,9%, huile de colza, sucre non raffiné, germe de blé 5,6%, abricots secs 5,1%, pistaches 4,6%, amidon de blé, fibres de blé, jus concentré de citron, émulsifiant : lécithines, magnésium, poudre à lever (carbonates de sodium), arôme naturel d'abricot avec autres arômes naturels.",off_reference_label_limitation,False,
1263_off_tag_eval,3175681261365,Biscuits Abricot Pistache,soy,fr,"Farine de blé 54,9%, huile de colza, sucre non raffiné, germe de blé 5,6%, abricots secs 5,1%, pistaches 4,6%, amidon de blé, fibres de blé, jus concentré de citron, émulsifiant : lécithines, magnésium, poudre à lever (carbonates de sodium), arôme naturel d'abricot avec autres arômes naturels.",off_reference_label_limitation,False,
1263_off_tag_eval,3760020500658,Pâte à tartiner chocolat Noisette,tree_nut,fr,"Sucre de canne*, huile de tournesol*, chocolat* 16,5% (sucre de canne*, poudre de cacao maigre*, beurre de cacao*), purée de NOISETTES* 10%, poudre de LAIT écrémé*, farine de SOJA*, émulsifiant : lécithines* (SOJA), extrait de vanille Bourbon*",off_reference_label_limitation,False,
1263_off_tag_eval,3029330801924,pain Burger complet,egg,fr,"Farine complète de blé (38%), farine de blé (23%), eau, sucre, levure, huile de colza, graines de sésame (1,8%), arôme naturel (contient alcool), sel, farine de maïs fermentée, gluten de blé, jus d'acérola en poudre.",off_reference_label_limitation,False,
1263_off_tag_eval,3029330801924,pain Burger complet,milk,fr,"Farine complète de blé (38%), farine de blé (23%), eau, sucre, levure, huile de colza, graines de sésame (1,8%), arôme naturel (contient alcool), sel, farine de maïs fermentée, gluten de blé, jus d'acérola en poudre.",off_reference_label_limitation,False,
1263_off_tag_eval,3281780893892,Taboulé oriental à l'huile d'olive vierge extra,fish,fr,"Semoule de blé dur réhydratée 56% (semoule de blé dur, eau), légumes (poivrons, tomates, oignons), jus de citron à base de concentré, huile d'olive vierge extra, huile de colza, raisins secs, menthe, épices, vinaigre d'alcool, sel, conservateur: sorbate de potassium.",off_reference_label_limitation,False,
1263_off_tag_eval,3281780893892,Taboulé oriental à l'huile d'olive vierge extra,shellfish,fr,"Semoule de blé dur réhydratée 56% (semoule de blé dur, eau), légumes (poivrons, tomates, oignons), jus de citron à base de concentré, huile d'olive vierge extra, huile de colza, raisins secs, menthe, épices, vinaigre d'alcool, sel, conservateur: sorbate de potassium.",off_reference_label_limitation,False,
1263_off_tag_eval,3281780893892,Taboulé oriental à l'huile d'olive vierge extra,soy,fr,"Semoule de blé dur réhydratée 56% (semoule de blé dur, eau), légumes (poivrons, tomates, oignons), jus de citron à base de concentré, huile d'olive vierge extra, huile de colza, raisins secs, menthe, épices, vinaigre d'alcool, sel, conservateur: sorbate de potassium.",off_reference_label_limitation,False,
1263_off_tag_eval,3281780893892,Taboulé oriental à l'huile d'olive vierge extra,tree_nut,fr,"Semoule de blé dur réhydratée 56% (semoule de blé dur, eau), légumes (poivrons, tomates, oignons), jus de citron à base de concentré, huile d'olive vierge extra, huile de colza, raisins secs, menthe, épices, vinaigre d'alcool, sel, conservateur: sorbate de potassium.",off_reference_label_limitation,False,
1263_off_tag_eval,3281780893892,Taboulé oriental à l'huile d'olive vierge extra,peanut,fr,"Semoule de blé dur réhydratée 56% (semoule de blé dur, eau), légumes (poivrons, tomates, oignons), jus de citron à base de concentré, huile d'olive vierge extra, huile de colza, raisins secs, menthe, épices, vinaigre d'alcool, sel, conservateur: sorbate de potassium.",off_reference_label_limitation,False,
1263_off_tag_eval,3281780893892,Taboulé oriental à l'huile d'olive vierge extra,egg,fr,"Semoule de blé dur réhydratée 56% (semoule de blé dur, eau), légumes (poivrons, tomates, oignons), jus de citron à base de concentré, huile d'olive vierge extra, huile de colza, raisins secs, menthe, épices, vinaigre d'alcool, sel, conservateur: sorbate de potassium.",off_reference_label_limitation,False,
1263_off_tag_eval,3281780893892,Taboulé oriental à l'huile d'olive vierge extra,wheat_gluten,fr,"Semoule de blé dur réhydratée 56% (semoule de blé dur, eau), légumes (poivrons, tomates, oignons), jus de citron à base de concentré, huile d'olive vierge extra, huile de colza, raisins secs, menthe, épices, vinaigre d'alcool, sel, conservateur: sorbate de potassium.",off_reference_label_limitation,False,
1263_off_tag_eval,3281780893892,Taboulé oriental à l'huile d'olive vierge extra,milk,fr,"Semoule de blé dur réhydratée 56% (semoule de blé dur, eau), légumes (poivrons, tomates, oignons), jus de citron à base de concentré, huile d'olive vierge extra, huile de colza, raisins secs, menthe, épices, vinaigre d'alcool, sel, conservateur: sorbate de potassium.",off_reference_label_limitation,False,
1263_off_tag_eval,3281780893892,Taboulé oriental à l'huile d'olive vierge extra,sesame,fr,"Semoule de blé dur réhydratée 56% (semoule de blé dur, eau), légumes (poivrons, tomates, oignons), jus de citron à base de concentré, huile d'olive vierge extra, huile de colza, raisins secs, menthe, épices, vinaigre d'alcool, sel, conservateur: sorbate de potassium.",off_reference_label_limitation,False,
1263_off_tag_eval,3421557910203,Flocons d'avoine complets,soy,fr,Flocons d'avoine complets.,off_reference_label_limitation,False,
1263_off_tag_eval,3421557910203,Flocons d'avoine complets,wheat_gluten,fr,Flocons d'avoine complets.,off_reference_label_limitation,False,
1263_off_tag_eval,3421557910203,Flocons d'avoine complets,milk,fr,Flocons d'avoine complets.,off_reference_label_limitation,False,
1263_off_tag_eval,3421557910203,Flocons d'avoine complets,sesame,fr,Flocons d'avoine complets.,off_reference_label_limitation,False,
1263_off_tag_eval,3421557910203,Flocons d'avoine complets,tree_nut,fr,Flocons d'avoine complets.,off_reference_label_limitation,False,
1263_off_tag_eval,3421557910203,Flocons d'avoine complets,peanut,fr,Flocons d'avoine complets.,off_reference_label_limitation,False,
1263_off_tag_eval,5053990127726,Pringles Original,milk,it,"Patate disidratate,  olio di girasole,  farina di frumento, farina di mais, farina di riso, maltodestrina, emulsionante (E471), colorante (norbissina di annatto), sale. palmier.",off_reference_label_limitation,True,
1263_off_tag_eval,5053990127726,Pringles Original,soy,it,"Patate disidratate,  olio di girasole,  farina di frumento, farina di mais, farina di riso, maltodestrina, emulsionante (E471), colorante (norbissina di annatto), sale. palmier.",off_reference_label_limitation,True,
1263_off_tag_eval,5053827199568,Müsli-Tresor-Choco Nut,soy,de,"Getreidemehle(53%)(_Weizen_, _Hafer_, Reis), Füllung mit Schokoladen - und _Haselnussgeschmack_(Zucker, pflanzliche Öle{Palm, Sonnenblume, Raps), Glukosesirup, Schokolade(4%)(Zucker, Kakaomasse), fettarmes Kakaopulver, _Süßmolkenpulver_, _Magermilchpulver_, _Haselnüsse_(1%), Emulgator {Sonnenblumenlecithin}, natürliches Aroma), Zucker, Salz, Farbstoff(Annatto Norbixin, Carotin), Antioxidationsmittel(Ascorbylpalmitat, Alpha-Tocopherol). VITAMINE: Riboflavin, Thiamin, Vitamin B6, Vitamin B12. Kann enthalten: Gluten anderer Getreidesorten, andere Schalenfrüchte.",off_reference_label_limitation,False,
1263_off_tag_eval,5410041005707,Pim's Sinaasappel,sesame,nl,"Glucose-fructosestroop, suiker, TARWEBLOEM 15 %, EIEREN, cacaomassa, geconcentreerd sinaasappelsap 4,5 %, cacaoboter, koolzaadolie, geconcentreerde sinaasappelpuree 1,5 %, voedingszuur (citroenzuur), plantaardige vetten (mangopit, sal, shea, palm in wisselende verhoudingen), geleermiddel (pectinen), rijsmiddelen (ammoniumcarbonaten, difosfaten, natriumcarbonaten), TARWEZETMEEL, zuurteregelaars (natriumcitraten, calciumcitraten), emulgator (SOJALECITHINEN), zout, natuurlijk sinaasappelaroma, verdikkingsmiddel (xanthaangom), aroma, magere MELKPOEDER.",off_reference_label_limitation,False,
1263_off_tag_eval,7613035694958,Carré gourmand Tomates et mozzarella,sesame,fr,"Tomates 29,3 %, FROMAGE blanc au LAIT écrémé pasteurisé 13.8%, chapelure 11,3% (farine de BLÉ, levure, sel, huile de colza, épices, extrait de paprika), MOZZARELLA (LAIT) 7%, huiles végétales (colza, tournesol) en proportion variable, oignons, plantes aromatiques (basilic, persil), amidon de maïs, blanc d'ŒUF en poudre 3,9%, EDAM (LAIT) 3,5%, farine de BLÉ, ail, correcteur d'acidité : vinaigre tamponné ; fibres de bambou, sucre, sel. Peut contenir : SOJA.",off_reference_label_limitation,False,
1263_off_tag_eval,3168930010869,Cruesli Chocolat noir maxi format,milk,fr,"AVOINE complète (37%),chocolat noir* (12%) [pâte de cacao, sucre, arôme naturel de vanille, émulsifiants (lécithine de SOJA, polyglycérol polyricinoléate)],huile de tournesol,sucre,BLÉ complet (9,6%),sirop de glucose,oligofructose (extrait de racine de chicorée),farine de riz,farine de BLÉ,noix de coco séchée,mélasse,sel,cannelle,arôme naturel de caramel aux pommes et autres arômes naturels,antioxydant (tocophérol),*le chocolat noir contient 65% de cacao minimum.",off_reference_label_limitation,False,
1263_off_tag_eval,3168930010869,Cruesli Chocolat noir maxi format,tree_nut,fr,"AVOINE complète (37%),chocolat noir* (12%) [pâte de cacao, sucre, arôme naturel de vanille, émulsifiants (lécithine de SOJA, polyglycérol polyricinoléate)],huile de tournesol,sucre,BLÉ complet (9,6%),sirop de glucose,oligofructose (extrait de racine de chicorée),farine de riz,farine de BLÉ,noix de coco séchée,mélasse,sel,cannelle,arôme naturel de caramel aux pommes et autres arômes naturels,antioxydant (tocophérol),*le chocolat noir contient 65% de cacao minimum.",off_reference_label_limitation,False,
1263_off_tag_eval,8076800376999,Lasagne all'uovo,soy,it,"Semola di grano duro, uova fresche di categoria A (19.36%).",off_reference_label_limitation,True,
1263_off_tag_eval,5060042641420,Chips sel de mer et poivre noir,milk,fr,"Pomme de terre, huile de tournesol, farine de riz, sel de mer, épices (poivre noir concassé, poivre noir moulu), sucre, extrait de levure, arôme naturel.",off_reference_label_limitation,False,
1263_off_tag_eval,3366321053307,Oméga 3,peanut,fr,"Huiles et stéarines végétales non hydrogénées 51% (colza 30%, palmiste, lin 5,4%, palme), eau, émulsifiant (lécithine de SOJA), sel, arômes, colorant (bêta-carotène), vitamine B1.",off_reference_label_limitation,False,
1263_off_tag_eval,4056489546092,Bio crackers graines de chia et flocons d’avoine,wheat_gluten,fr,"Farine complète de blé (70 g), flocons d'avoine (9 g), graines de lin (8 g), graines de tournesol (8 g), huile d'olive vierge extra, graines de chia (Salvia hispanica) (5 g), sel de mer, graines de sésame (2 g), levure, extrait de malt d'orge.",off_reference_label_limitation,False,
1263_off_tag_eval,4056489546092,Bio crackers graines de chia et flocons d’avoine,milk,fr,"Farine complète de blé (70 g), flocons d'avoine (9 g), graines de lin (8 g), graines de tournesol (8 g), huile d'olive vierge extra, graines de chia (Salvia hispanica) (5 g), sel de mer, graines de sésame (2 g), levure, extrait de malt d'orge.",off_reference_label_limitation,False,
1263_off_tag_eval,3061990143594,"BN - Casse Croute Biscuits, 375g",milk,fr,Farine de froment 68 % - Sucre - graisse végétale (palme) - amidon de froment - sirop de glucose - poudres à lever : carbonates d'ammonium et de sodium - sel - agent de traitement de la farine : L-cystéine - arôme.,off_reference_label_limitation,False,
1263_off_tag_eval,3061990143594,"BN - Casse Croute Biscuits, 375g",tree_nut,fr,Farine de froment 68 % - Sucre - graisse végétale (palme) - amidon de froment - sirop de glucose - poudres à lever : carbonates d'ammonium et de sodium - sel - agent de traitement de la farine : L-cystéine - arôme.,off_reference_label_limitation,False,
1263_off_tag_eval,3700214614266,Chocolat 90% Pérou,wheat_gluten,fr,"Pâte de cacao (Pérou), beurre de cacao, sucre de canne, gousse de vanille. Cacao: 90% minimum. Peut contenir du soja, du lait et des fruits à coque. Chocolat fabriqué en Suisse.",off_reference_label_limitation,False,
1263_off_tag_eval,3497917002451,La Chips de Sarrasin au Sel de Guérande,wheat_gluten,fr,"Farine de sarrasin (France) (60,9%), huile de tournesol (38%), sel de Guérande (1,1%).",off_reference_label_limitation,False,
1263_off_tag_eval,3497917002451,La Chips de Sarrasin au Sel de Guérande,egg,fr,"Farine de sarrasin (France) (60,9%), huile de tournesol (38%), sel de Guérande (1,1%).",off_reference_label_limitation,False,
1263_off_tag_eval,3497917002451,La Chips de Sarrasin au Sel de Guérande,milk,fr,"Farine de sarrasin (France) (60,9%), huile de tournesol (38%), sel de Guérande (1,1%).",off_reference_label_limitation,False,
1263_off_tag_eval,6111017045329,Napolitain Noir,tree_nut,fr,"Masse de cacao (Côte d'ivoire, Ghana), sucre, poudre de cacao, beurre de cacao, émulsifiant : lecithine de soja (E322), arôme artificiel vanilline. Contient du soja, peut contenir des traces de fruits à coques.",off_reference_label_limitation,False,
1263_off_tag_eval,3175681037885,Tartines Craquantes Multi-Céréales,egg,fr,"Farine de riz* 67,7g, farine de sarrasin* 29,7g), farine de quinoa* 9,5g, sucre de canne roux, sel de mer.",off_reference_label_limitation,False,
1263_off_tag_eval,3175681037885,Tartines Craquantes Multi-Céréales,soy,fr,"Farine de riz* 67,7g, farine de sarrasin* 29,7g), farine de quinoa* 9,5g, sucre de canne roux, sel de mer.",off_reference_label_limitation,False,
1263_off_tag_eval,3175681037885,Tartines Craquantes Multi-Céréales,wheat_gluten,fr,"Farine de riz* 67,7g, farine de sarrasin* 29,7g), farine de quinoa* 9,5g, sucre de canne roux, sel de mer.",off_reference_label_limitation,False,
1263_off_tag_eval,3175681037885,Tartines Craquantes Multi-Céréales,milk,fr,"Farine de riz* 67,7g, farine de sarrasin* 29,7g), farine de quinoa* 9,5g, sucre de canne roux, sel de mer.",off_reference_label_limitation,False,
1263_off_tag_eval,3175681037885,Tartines Craquantes Multi-Céréales,sesame,fr,"Farine de riz* 67,7g, farine de sarrasin* 29,7g), farine de quinoa* 9,5g, sucre de canne roux, sel de mer.",off_reference_label_limitation,False,
1263_off_tag_eval,3175681037885,Tartines Craquantes Multi-Céréales,tree_nut,fr,"Farine de riz* 67,7g, farine de sarrasin* 29,7g), farine de quinoa* 9,5g, sucre de canne roux, sel de mer.",off_reference_label_limitation,False,
1263_off_tag_eval,8410510012196,Chocolat Noir 92% cacao,tree_nut,fr,"Pâte de cacao, cacao en poudre dégraissé, beurre de cacao, sucre, lait en poudre, pâte de amandes et de noisettes, émulsifiants (lécithines (soja, tournesol)) et arôme.",off_reference_label_limitation,False,
1263_off_tag_eval,3770018078038,Rostlinná slanina,egg,cs,"Rehydratovaná _SÓJOVÁ bílkovina_ 82%, slunečnicový olej, sůl, přírodní aromata a barviva: antokyan, lykopen, regulátor kyselosti: octan draselný.",off_reference_label_limitation,True,
1263_off_tag_eval,3770018078038,Rostlinná slanina,fish,cs,"Rehydratovaná _SÓJOVÁ bílkovina_ 82%, slunečnicový olej, sůl, přírodní aromata a barviva: antokyan, lykopen, regulátor kyselosti: octan draselný.",off_reference_label_limitation,True,
1263_off_tag_eval,3770018078038,Rostlinná slanina,shellfish,cs,"Rehydratovaná _SÓJOVÁ bílkovina_ 82%, slunečnicový olej, sůl, přírodní aromata a barviva: antokyan, lykopen, regulátor kyselosti: octan draselný.",off_reference_label_limitation,True,
1263_off_tag_eval,3770018078038,Rostlinná slanina,milk,cs,"Rehydratovaná _SÓJOVÁ bílkovina_ 82%, slunečnicový olej, sůl, přírodní aromata a barviva: antokyan, lykopen, regulátor kyselosti: octan draselný.",off_reference_label_limitation,True,
1263_off_tag_eval,3770018078038,Rostlinná slanina,wheat_gluten,cs,"Rehydratovaná _SÓJOVÁ bílkovina_ 82%, slunečnicový olej, sůl, přírodní aromata a barviva: antokyan, lykopen, regulátor kyselosti: octan draselný.",off_reference_label_limitation,True,
1263_off_tag_eval,3770008009882,Les Fourrées  -  Beurre de Cacahuète & Cacao,milk,fr,"Céréales* 51% (farinė de riz complet*, farine de maïs*), beurre de cacahuète* 31%, sucre de betterave*, cacao en poudre* 6,5%, une pointe de sel.",off_reference_label_limitation,False,
1263_off_tag_eval,3770008009882,Les Fourrées  -  Beurre de Cacahuète & Cacao,tree_nut,fr,"Céréales* 51% (farinė de riz complet*, farine de maïs*), beurre de cacahuète* 31%, sucre de betterave*, cacao en poudre* 6,5%, une pointe de sel.",off_reference_label_limitation,False,
1263_off_tag_eval,3021690201116,Lentilles cuisinées à l'Auvergnate,egg,fr,"Eau, lentilles précuites 28%, couenne de porc, saindoux, oignons 1%, arôme naturel, farine de BLE, carottes 0,7%, graisse de canard, plante aromatique, arôme naturel de poivre avec autres arômes naturels, affermissant: chlorure de calcium, arôme naturel de CELERI",off_reference_label_limitation,False,
1263_off_tag_eval,3021690201116,Lentilles cuisinées à l'Auvergnate,milk,fr,"Eau, lentilles précuites 28%, couenne de porc, saindoux, oignons 1%, arôme naturel, farine de BLE, carottes 0,7%, graisse de canard, plante aromatique, arôme naturel de poivre avec autres arômes naturels, affermissant: chlorure de calcium, arôme naturel de CELERI",off_reference_label_limitation,False,
1263_off_tag_eval,8410510012202,,tree_nut,es,"Pasta de cacao, cacao desgrasado en polvo, azúcar, manteca de cacao, leche en polvo, pasta de almendras y avellanas, emulgentes (lecitinas (soja, girasol)), y aroma. Cacao 85% mínimo. Puede contener trazas de otros frutos de cáscara.",matcher_logic_edge_case,False,
1263_off_tag_eval,8710445020878,FIBRA & SÉSAMO,egg,en,"Harina integral de centeno (gluten) 85%, semillas de sésamo 11%, sal. Puede contener trazas de trigo, avena, espelta, huevos, leche, frutos de cáscara, soja y mostaza.",ontology_dictionary_gap,False,
1263_off_tag_eval,8710445020878,FIBRA & SÉSAMO,tree_nut,en,"Harina integral de centeno (gluten) 85%, semillas de sésamo 11%, sal. Puede contener trazas de trigo, avena, espelta, huevos, leche, frutos de cáscara, soja y mostaza.",matcher_logic_edge_case,False,
1263_off_tag_eval,3366321052003,St Hubert Omega 3 Sans Huile de Palme 500g Doux,milk,fr,"Huiles et stéarine végétales 50% (colza 28%, coco, karité, lin 5,7%), eau, émulsifiants (mono et diglycérides d'acides gras, lécithine de SOJA), sel, arômes, stabilisant (pectine), colorant (bêta-carotène), vitamine B1. Traces éventuelles d'ARACHIDES.",off_reference_label_limitation,False,
1263_off_tag_eval,3029330071280,Pain complet,egg,fr,"Farine complète de BLÉ (63%), eau, huile de colza, farine de BLÉ (1,9%), GLUTEN DE BLÉ, arôme (contient alcool), levure, sel, farine de maïs fermentée, germe de BLÉ, extrait d'acérola.",off_reference_label_limitation,False,
1263_off_tag_eval,3029330071280,Pain complet,sesame,fr,"Farine complète de BLÉ (63%), eau, huile de colza, farine de BLÉ (1,9%), GLUTEN DE BLÉ, arôme (contient alcool), levure, sel, farine de maïs fermentée, germe de BLÉ, extrait d'acérola.",off_reference_label_limitation,False,
1263_off_tag_eval,3029330071280,Pain complet,milk,fr,"Farine complète de BLÉ (63%), eau, huile de colza, farine de BLÉ (1,9%), GLUTEN DE BLÉ, arôme (contient alcool), levure, sel, farine de maïs fermentée, germe de BLÉ, extrait d'acérola.",off_reference_label_limitation,False,
1263_off_tag_eval,3608580890898,Gourmand & Végétal Brassé Nature,tree_nut,fr,"Lait de coco allégé 89% (eau, extrait de noix de coco), amidon modifié, protéines de pois, citrates de calcium, sel, ferments.",off_reference_label_limitation,False,
1263_off_tag_eval,3608580890898,Gourmand & Végétal Brassé Nature,soy,fr,"Lait de coco allégé 89% (eau, extrait de noix de coco), amidon modifié, protéines de pois, citrates de calcium, sel, ferments.",off_reference_label_limitation,False,
1263_off_tag_eval,3175681039599,Biscuit fondant choco noir sans sucres ajoutés,sesame,fr,"Farine de blé 45,5%, chocolat noir de couverture avec édulcorant 36,3% (pâte de cacao¹, édulcorant: maltitols, beurre de cacao', émulsifiant : lécithines (soja), arôme naturel de vanille), édulcorant: maltitols, huile de tournesol oléique, fibres de blé, fibres d'avoine, lait écrémé en poudre, amidon de riz, jaune d'œuf en poudre, poudres à lever (carbonates de potassium, carbonates d'ammonium), sel, arôme naturel de vanille, poudre de jus de citron concentré, maltodextrine,",off_reference_label_limitation,False,
1263_off_tag_eval,3175681039599,Biscuit fondant choco noir sans sucres ajoutés,tree_nut,fr,"Farine de blé 45,5%, chocolat noir de couverture avec édulcorant 36,3% (pâte de cacao¹, édulcorant: maltitols, beurre de cacao', émulsifiant : lécithines (soja), arôme naturel de vanille), édulcorant: maltitols, huile de tournesol oléique, fibres de blé, fibres d'avoine, lait écrémé en poudre, amidon de riz, jaune d'œuf en poudre, poudres à lever (carbonates de potassium, carbonates d'ammonium), sel, arôme naturel de vanille, poudre de jus de citron concentré, maltodextrine,",off_reference_label_limitation,False,
1263_off_tag_eval,7622210584724,Dark chocolate,milk,fr,"pâte de cacao*, beurre de cacao*, cacao maigre en poudre*, sucre de canne*, extrait de vanille*, * ingrédients issus de l'agriculture biologique",off_reference_label_limitation,False,
1263_off_tag_eval,7622210584724,Dark chocolate,tree_nut,fr,"pâte de cacao*, beurre de cacao*, cacao maigre en poudre*, sucre de canne*, extrait de vanille*, * ingrédients issus de l'agriculture biologique",off_reference_label_limitation,False,
1263_off_tag_eval,3229820783673,Fourrés chocolat lait noisettes,egg,fr,"Farine de blé 34%, chocolat au lait 25% (sucre de canne non raffiné, beurre de cacao, lait en poudre, pâte de cacao), farine complète de blé 15%, sucre de canne roux non raffiné, huile de tournesol oléique, noisettes hachées grillées 5%, lait écrémé en poudre, sel marin non raffiné, poudres à lever : carbonates d'ammonium, carbonates de sodium, arôme naturel de noisettes, épaississant : gomme d’acacia, antioxydant : extrait de romarin",off_reference_label_limitation,False,
1263_off_tag_eval,3229820783673,Fourrés chocolat lait noisettes,sesame,fr,"Farine de blé 34%, chocolat au lait 25% (sucre de canne non raffiné, beurre de cacao, lait en poudre, pâte de cacao), farine complète de blé 15%, sucre de canne roux non raffiné, huile de tournesol oléique, noisettes hachées grillées 5%, lait écrémé en poudre, sel marin non raffiné, poudres à lever : carbonates d'ammonium, carbonates de sodium, arôme naturel de noisettes, épaississant : gomme d’acacia, antioxydant : extrait de romarin",off_reference_label_limitation,False,
1263_off_tag_eval,3229820783673,Fourrés chocolat lait noisettes,tree_nut,fr,"Farine de blé 34%, chocolat au lait 25% (sucre de canne non raffiné, beurre de cacao, lait en poudre, pâte de cacao), farine complète de blé 15%, sucre de canne roux non raffiné, huile de tournesol oléique, noisettes hachées grillées 5%, lait écrémé en poudre, sel marin non raffiné, poudres à lever : carbonates d'ammonium, carbonates de sodium, arôme naturel de noisettes, épaississant : gomme d’acacia, antioxydant : extrait de romarin",off_reference_label_limitation,False,
1263_off_tag_eval,3229820783673,Fourrés chocolat lait noisettes,soy,fr,"Farine de blé 34%, chocolat au lait 25% (sucre de canne non raffiné, beurre de cacao, lait en poudre, pâte de cacao), farine complète de blé 15%, sucre de canne roux non raffiné, huile de tournesol oléique, noisettes hachées grillées 5%, lait écrémé en poudre, sel marin non raffiné, poudres à lever : carbonates d'ammonium, carbonates de sodium, arôme naturel de noisettes, épaississant : gomme d’acacia, antioxydant : extrait de romarin",off_reference_label_limitation,False,
1263_off_tag_eval,3175681170841,"Ravioli au tofu, tomates, basilic",egg,fr,"Eau, pâte alimentaire (semoule de blé dur 13,8%, eau), concentré de tomate 16,3%, tofu 6,7 % (eau, soja, agents coagulants: sulfate de calcium, chlorure de calcium, nigari), oignons, huile de tournesol, carottes, champignons, chapelure (farine de blé 1,3%, levure, sel), semoule de blé dur 1%, basilic 0,9%, sel de mer, épices, sucre de canne, oignons frits (oignons, huile d'olive extra vierge, jus de citron), herbes de Provence.",off_reference_label_limitation,False,
1263_off_tag_eval,3175681170841,"Ravioli au tofu, tomates, basilic",sesame,fr,"Eau, pâte alimentaire (semoule de blé dur 13,8%, eau), concentré de tomate 16,3%, tofu 6,7 % (eau, soja, agents coagulants: sulfate de calcium, chlorure de calcium, nigari), oignons, huile de tournesol, carottes, champignons, chapelure (farine de blé 1,3%, levure, sel), semoule de blé dur 1%, basilic 0,9%, sel de mer, épices, sucre de canne, oignons frits (oignons, huile d'olive extra vierge, jus de citron), herbes de Provence.",off_reference_label_limitation,False,
1263_off_tag_eval,3175681170841,"Ravioli au tofu, tomates, basilic",tree_nut,fr,"Eau, pâte alimentaire (semoule de blé dur 13,8%, eau), concentré de tomate 16,3%, tofu 6,7 % (eau, soja, agents coagulants: sulfate de calcium, chlorure de calcium, nigari), oignons, huile de tournesol, carottes, champignons, chapelure (farine de blé 1,3%, levure, sel), semoule de blé dur 1%, basilic 0,9%, sel de mer, épices, sucre de canne, oignons frits (oignons, huile d'olive extra vierge, jus de citron), herbes de Provence.",off_reference_label_limitation,False,
1263_off_tag_eval,3175681170841,"Ravioli au tofu, tomates, basilic",milk,fr,"Eau, pâte alimentaire (semoule de blé dur 13,8%, eau), concentré de tomate 16,3%, tofu 6,7 % (eau, soja, agents coagulants: sulfate de calcium, chlorure de calcium, nigari), oignons, huile de tournesol, carottes, champignons, chapelure (farine de blé 1,3%, levure, sel), semoule de blé dur 1%, basilic 0,9%, sel de mer, épices, sucre de canne, oignons frits (oignons, huile d'olive extra vierge, jus de citron), herbes de Provence.",off_reference_label_limitation,False,
1263_off_tag_eval,8410076801197,Crunchy Oats & Dark Chocolate,wheat_gluten,en,"whole grain oat flakes (56%), sugar, refined sunflower oil, chocolate chips (7%) (cocoa paste, sugar, emulsifier (soy lecithin), natural vanilla aroma, degreased cocoa powder, honey, salt, cane molasses, emulsifier (sunflower lecithin), gasifier (sodium acid carbonate), natural aroma,",off_reference_label_limitation,False,
1263_off_tag_eval,8410076801197,Crunchy Oats & Dark Chocolate,tree_nut,en,"whole grain oat flakes (56%), sugar, refined sunflower oil, chocolate chips (7%) (cocoa paste, sugar, emulsifier (soy lecithin), natural vanilla aroma, degreased cocoa powder, honey, salt, cane molasses, emulsifier (sunflower lecithin), gasifier (sodium acid carbonate), natural aroma,",off_reference_label_limitation,False,
1263_off_tag_eval,8410076801197,Crunchy Oats & Dark Chocolate,peanut,en,"whole grain oat flakes (56%), sugar, refined sunflower oil, chocolate chips (7%) (cocoa paste, sugar, emulsifier (soy lecithin), natural vanilla aroma, degreased cocoa powder, honey, salt, cane molasses, emulsifier (sunflower lecithin), gasifier (sodium acid carbonate), natural aroma,",off_reference_label_limitation,False,
1263_off_tag_eval,7622210416681,Biscottes,egg,fr,"Farine de _blé_ 96,3 %, huile de palme, sucre, levure, sel, émulsifiants (E471, E481), agent de traitement de la farine (acide ascorbique).",off_reference_label_limitation,False,
1263_off_tag_eval,7622210416681,Biscottes,sesame,fr,"Farine de _blé_ 96,3 %, huile de palme, sucre, levure, sel, émulsifiants (E471, E481), agent de traitement de la farine (acide ascorbique).",off_reference_label_limitation,False,
1263_off_tag_eval,7622210416681,Biscottes,milk,fr,"Farine de _blé_ 96,3 %, huile de palme, sucre, levure, sel, émulsifiants (E471, E481), agent de traitement de la farine (acide ascorbique).",off_reference_label_limitation,False,
1263_off_tag_eval,7622210724519,Chocolat noir Bio 70%,milk,fr,"Pâte de cacao, sucre de canne, beurre de cacao, extrait de vanille.",off_reference_label_limitation,False,
1263_off_tag_eval,7622210724519,Chocolat noir Bio 70%,tree_nut,fr,"Pâte de cacao, sucre de canne, beurre de cacao, extrait de vanille.",off_reference_label_limitation,False,
1263_off_tag_eval,8480000142139,Digestive Avena,milk,es,"Copos de avena 44%, harina de trigo 20%, aceite vegetal (girasol alto oleico) 18%, azúcar, salvado de trigo 5%, jarabe de glucosa y fructosa, gasificantes (carbonato ácido de sodio y carbonato ácido de amonio), sal.",off_reference_label_limitation,False,
1263_off_tag_eval,8480000142139,Digestive Avena,soy,es,"Copos de avena 44%, harina de trigo 20%, aceite vegetal (girasol alto oleico) 18%, azúcar, salvado de trigo 5%, jarabe de glucosa y fructosa, gasificantes (carbonato ácido de sodio y carbonato ácido de amonio), sal.",off_reference_label_limitation,False,
1263_off_tag_eval,3046920010283,Excellence Lait Extra Fondant,wheat_gluten,fr,"Sucre, beurre de cacao, poudre de lait, pâte de cacao, beurre laitier concentré, lactose, poudre de lait écrémé, extrait de malt d'orge, émulsifiant (lécithine de soja), arôme.

Peut contenir des graines de sésame et des fruits à coque.
Cacao: 30% minimum.",off_reference_label_limitation,False,
1263_off_tag_eval,3229820789149,Biscuits nappés de chocolat noir,peanut,fr,"Farine de blé*, Chocolat noir* 24% (pâte de cacao*, sucre de canne*, beurre de cacao*, extrait de vanille*), Farine complète de blé* 16%, Sucre roux de canne*, Huile de colza*, Graines de soja*, Fibres d'acacia*, Flocons d'avoine* complets 2%, Jaune d'oeuf en poudre, Émulsifiant : lécithines* (soja), Poudre à lever: carbonates d'ammonium, Sel marin, Poudre de lait* écrémé, Antioxydant: extraits de romarin*. Blé: origine UE. Peut contenir des fruits à coque et des graines de sésame. *Ingrédients biologiques.",off_reference_label_limitation,False,
1263_off_tag_eval,20615420,Paahdettu maapähkinä,tree_nut,fi,"Maapähkinä, auringonkukkaöljy.",off_reference_label_limitation,True,
1263_off_tag_eval,6111032007661,قلوتي,wheat_gluten,ar,"المعلومات الغذائية ل 100غ الطاقة )كجل( الطاقة )ککل( الدهون )غ( ما فيها : أحماض دهنية مشبعة )غ( 1,9 السکریات )غ( 325,0 77,8 2,85 10,9 ما فيها : السكر )غ( 7,0 بروتينات )غ( ملح )غ( الكالسيوم )مغ( 2,1 86,7 دانون في الإستماع إليكم 080 009 20 20 مكائمة حرة",off_reference_label_limitation,False,
1263_off_tag_eval,6111032007661,قلوتي,tree_nut,ar,"المعلومات الغذائية ل 100غ الطاقة )كجل( الطاقة )ککل( الدهون )غ( ما فيها : أحماض دهنية مشبعة )غ( 1,9 السکریات )غ( 325,0 77,8 2,85 10,9 ما فيها : السكر )غ( 7,0 بروتينات )غ( ملح )غ( الكالسيوم )مغ( 2,1 86,7 دانون في الإستماع إليكم 080 009 20 20 مكائمة حرة",off_reference_label_limitation,False,
1263_off_tag_eval,6111032004448,Danup fraise,wheat_gluten,ar,حليب بدون قشدة ، سكر، مسحوق الحليب بدون قشدة ، مصل الحليب ، قشدة. جزا (نشا) ، زبدة ، مادة ذهنية نباتية جوز الهند) لیات ، خمائر حليبية لليوغرت ، معادن (كالسيوم حديد) (فيتامينات: فيتامين B6، فيتامين (D3) مد: 138,off_reference_label_limitation,False,
1263_off_tag_eval,6111032004448,Danup fraise,tree_nut,ar,حليب بدون قشدة ، سكر، مسحوق الحليب بدون قشدة ، مصل الحليب ، قشدة. جزا (نشا) ، زبدة ، مادة ذهنية نباتية جوز الهند) لیات ، خمائر حليبية لليوغرت ، معادن (كالسيوم حديد) (فيتامينات: فيتامين B6، فيتامين (D3) مد: 138,off_reference_label_limitation,False,
1263_off_tag_eval,8076802085981,Fusilli 2x,soy,de,"Hartweizengrieß, Wasser.",off_reference_label_limitation,False,
1263_off_tag_eval,3019081241216,Filets de maquereaux vin blanc & aromates,egg,fr,"Filets de maquereaux (60%), eau, carottes (5%), oignons (5%), vinaigre d'alcool, cornichons (cornichons, vinaigre d'alcool, sel) (dont sulfites) (1,7%), vinaigre de vin blanc, vin blanc (1%), sel, jus de citron concentré, poivre noir, laurier, thym.",off_reference_label_limitation,False,
1263_off_tag_eval,3019081241216,Filets de maquereaux vin blanc & aromates,milk,fr,"Filets de maquereaux (60%), eau, carottes (5%), oignons (5%), vinaigre d'alcool, cornichons (cornichons, vinaigre d'alcool, sel) (dont sulfites) (1,7%), vinaigre de vin blanc, vin blanc (1%), sel, jus de citron concentré, poivre noir, laurier, thym.",off_reference_label_limitation,False,
1263_off_tag_eval,3019081241216,Filets de maquereaux vin blanc & aromates,soy,fr,"Filets de maquereaux (60%), eau, carottes (5%), oignons (5%), vinaigre d'alcool, cornichons (cornichons, vinaigre d'alcool, sel) (dont sulfites) (1,7%), vinaigre de vin blanc, vin blanc (1%), sel, jus de citron concentré, poivre noir, laurier, thym.",off_reference_label_limitation,False,
1263_off_tag_eval,20022471,Čokoláda na vaření,soy,en,"sugar, cocoa mass, cocoa butter, emulsifier: lecithins, vanilla extract,",off_reference_label_limitation,False,
1263_off_tag_eval,20022471,Čokoláda na vaření,wheat_gluten,en,"sugar, cocoa mass, cocoa butter, emulsifier: lecithins, vanilla extract,",off_reference_label_limitation,False,
1263_off_tag_eval,20022471,Čokoláda na vaření,milk,en,"sugar, cocoa mass, cocoa butter, emulsifier: lecithins, vanilla extract,",off_reference_label_limitation,False,
1263_off_tag_eval,20022471,Čokoláda na vaření,tree_nut,en,"sugar, cocoa mass, cocoa butter, emulsifier: lecithins, vanilla extract,",off_reference_label_limitation,False,
1263_off_tag_eval,20022471,Čokoláda na vaření,peanut,en,"sugar, cocoa mass, cocoa butter, emulsifier: lecithins, vanilla extract,",off_reference_label_limitation,False,
1263_off_tag_eval,3161711000622,Caprice des Dieux,milk,fr,"Lait de vache , crème , sel, ferments lactiques (lait).",off_reference_label_limitation,False,
1263_off_tag_eval,3600900021050,Tipiak Graine Parfumé,fish,fr,"Semoule de blé dur précuite (gluten) (93%), épices (dont céleri) (1,8%), sel, arômes naturels, poivron rouge déshydraté, huile de tournesol, graines de cumin, oignon en poudre, ail en poudre, tomate en poudre.",off_reference_label_limitation,False,
1263_off_tag_eval,3600900021050,Tipiak Graine Parfumé,shellfish,fr,"Semoule de blé dur précuite (gluten) (93%), épices (dont céleri) (1,8%), sel, arômes naturels, poivron rouge déshydraté, huile de tournesol, graines de cumin, oignon en poudre, ail en poudre, tomate en poudre.",off_reference_label_limitation,False,
1263_off_tag_eval,3600900021050,Tipiak Graine Parfumé,soy,fr,"Semoule de blé dur précuite (gluten) (93%), épices (dont céleri) (1,8%), sel, arômes naturels, poivron rouge déshydraté, huile de tournesol, graines de cumin, oignon en poudre, ail en poudre, tomate en poudre.",off_reference_label_limitation,False,
1263_off_tag_eval,3600900021050,Tipiak Graine Parfumé,tree_nut,fr,"Semoule de blé dur précuite (gluten) (93%), épices (dont céleri) (1,8%), sel, arômes naturels, poivron rouge déshydraté, huile de tournesol, graines de cumin, oignon en poudre, ail en poudre, tomate en poudre.",off_reference_label_limitation,False,
1263_off_tag_eval,3600900021050,Tipiak Graine Parfumé,peanut,fr,"Semoule de blé dur précuite (gluten) (93%), épices (dont céleri) (1,8%), sel, arômes naturels, poivron rouge déshydraté, huile de tournesol, graines de cumin, oignon en poudre, ail en poudre, tomate en poudre.",off_reference_label_limitation,False,
1263_off_tag_eval,3600900021050,Tipiak Graine Parfumé,egg,fr,"Semoule de blé dur précuite (gluten) (93%), épices (dont céleri) (1,8%), sel, arômes naturels, poivron rouge déshydraté, huile de tournesol, graines de cumin, oignon en poudre, ail en poudre, tomate en poudre.",off_reference_label_limitation,False,
1263_off_tag_eval,3600900021050,Tipiak Graine Parfumé,milk,fr,"Semoule de blé dur précuite (gluten) (93%), épices (dont céleri) (1,8%), sel, arômes naturels, poivron rouge déshydraté, huile de tournesol, graines de cumin, oignon en poudre, ail en poudre, tomate en poudre.",off_reference_label_limitation,False,
1263_off_tag_eval,3600900021050,Tipiak Graine Parfumé,sesame,fr,"Semoule de blé dur précuite (gluten) (93%), épices (dont céleri) (1,8%), sel, arômes naturels, poivron rouge déshydraté, huile de tournesol, graines de cumin, oignon en poudre, ail en poudre, tomate en poudre.",off_reference_label_limitation,False,
1263_off_tag_eval,3497911105127,Saveur Sel & Vinaigre,milk,fr,"Pommes de terre (62,9%), huile de tournesol (31%), farine de blé, correcteur d'acidité : diacétate de sodium, sel, sucre, acidifiants: (acide citrique, acide malique), vinaigre de malt d'orge en poudre.",off_reference_label_limitation,False,
1263_off_tag_eval,6111032002918,Yawmi velouté pistache,wheat_gluten,fr,"منتوج حليبي ممزوج المكونات: حليب بدون قشده، سکر مسحوق الحليب بدون قشدة، مستحضرات الفواكه، قشدة مخثر (نشا)، زبدة، دهون نباتية (جوز الهند)، لاكتون نكهات، ملونات طبيعية(لوتين،مركبات نحاس الكلوروفيل). خمائر حليبية لليوغورت، ملح غذائي،.م.د % 2,85. مصنوع في خط قد يحتوى على الكلوتين و اللوز. رقم الاعتماد الصحى 2.1.13 MA LPL. الوزن الصافي : 110غ. سنطرال دانون - طريق القنيطرة ـ سلا - المغرب يستهلك حتى: أنظر أعلاه. يحفظ في 6°C على الأكثر 6 111032 002918",off_reference_label_limitation,False,
1263_off_tag_eval,6111032002918,Yawmi velouté pistache,tree_nut,fr,"منتوج حليبي ممزوج المكونات: حليب بدون قشده، سکر مسحوق الحليب بدون قشدة، مستحضرات الفواكه، قشدة مخثر (نشا)، زبدة، دهون نباتية (جوز الهند)، لاكتون نكهات، ملونات طبيعية(لوتين،مركبات نحاس الكلوروفيل). خمائر حليبية لليوغورت، ملح غذائي،.م.د % 2,85. مصنوع في خط قد يحتوى على الكلوتين و اللوز. رقم الاعتماد الصحى 2.1.13 MA LPL. الوزن الصافي : 110غ. سنطرال دانون - طريق القنيطرة ـ سلا - المغرب يستهلك حتى: أنظر أعلاه. يحفظ في 6°C على الأكثر 6 111032 002918",off_reference_label_limitation,False,
1263_off_tag_eval,8480000095367,"Muesli con quinoa, chía y chocolate negro",sesame,es,"Muesli crocante com quinoa (45%) [flocos integral laminados (24%) (aveia (18%), cevada (3%), trigo (3%)), açúcar, quinoa tufada (4,5%), óleo de girassol, xarope de glicose-frutose, coco ralado seco, sal, antioxidante: extrato rico em tocoferóis], pedaços de chocolate preto (15%) (pasta de cacau, açúcar, emulsionante: lecitinas), flocos de aveia integral laminados (15%), flocos de centeio integral laminados (8%), flocos de cevada integral laminados (7%), flocos de trigo torrados integral (5%) (trigo integral, açúcar, farelo de trigo, extracto de malte de cevada, sal), sementes de chia (Salvia hispanica) (5%). Contém vestígios de amendoins, frutos de casca rija, produtos de soja, leite e sementes de sésamo.",ontology_dictionary_gap,False,
1263_off_tag_eval,3229820787985,Crème de coco légère,wheat_gluten,fr,"Noix de coco* 55%, eau, maltodextrine de maïs*, épaississant: gomme guar*. *Ingrédients biologiques,",off_reference_label_limitation,False,
1263_off_tag_eval,3229820787985,Crème de coco légère,tree_nut,fr,"Noix de coco* 55%, eau, maltodextrine de maïs*, épaississant: gomme guar*. *Ingrédients biologiques,",off_reference_label_limitation,False,
1263_off_tag_eval,3229820787985,Crème de coco légère,soy,fr,"Noix de coco* 55%, eau, maltodextrine de maïs*, épaississant: gomme guar*. *Ingrédients biologiques,",off_reference_label_limitation,False,
1263_off_tag_eval,3664346305983,Poulain,milk,en,"sugar, lean cocoa (11 % cocoa butter) powder, aroma,",off_reference_label_limitation,False,
1263_off_tag_eval,3664346305983,Poulain,soy,en,"sugar, lean cocoa (11 % cocoa butter) powder, aroma,",off_reference_label_limitation,False,
1263_off_tag_eval,20283360,Fiocchi di avena integrali,wheat_gluten,it,Fiocchi d'avena,off_reference_label_limitation,True,
1263_off_tag_eval,6111099000582,Lio huile de table,soy,ar,"lio Huile de table A ingredients: Huiles vegetales (Soja), Vitamine A, Vitamine 9 Valeurs nutritionnelles 1999 Veleur Energétique (Koa) 999 100 Acides gras saturés (g) 14 Acides gras monoinsaturés (g) 24 Acides gras polyinsaturés (g) 62 0 Glucide 0 3099 Vitamine 03 (1) 300 Lio Produit: HSB التنقية في : رقم Raffinée à : Agadi MAHGO 26.522.19 ليو منتوج التوضيب في : Conditionnée : MAHCO 25.84 19 2 Litres القيمة الغذائية FEE R",off_reference_label_limitation,False,
1263_off_tag_eval,3023470020016,Roudor,sesame,fr,"Farine de blé 52%, beurre 30%, sucre, œufs, sel, poudres à lever: carbonates d'ammonium et de sodium et acide citrique.",off_reference_label_limitation,False,
1263_off_tag_eval,3023470020016,Roudor,tree_nut,fr,"Farine de blé 52%, beurre 30%, sucre, œufs, sel, poudres à lever: carbonates d'ammonium et de sodium et acide citrique.",off_reference_label_limitation,False,
1263_off_tag_eval,3023470020016,Roudor,soy,fr,"Farine de blé 52%, beurre 30%, sucre, œufs, sel, poudres à lever: carbonates d'ammonium et de sodium et acide citrique.",off_reference_label_limitation,False,
1263_off_tag_eval,3033491485756,Yaourt à boire fraise framboise,wheat_gluten,fr,"SPECIALITE LAITIERE & BOIRE AROMATISÉE SAVEUR FRAISE-FRAMBOISE, AVEC EDULCORANTS, 0% M.G., ENRICHIE EN MAGNESIUM ET VITAMINE B9",off_reference_label_limitation,False,
1263_off_tag_eval,3228857000913,Pain de mie nature,egg,fr,"Farine de blé 63%, eau, sucre, huile de colza, sel, vinaigre, levure, farine de fèves, _gluten de blé_, arôme (contient alcool), extrait d'acérola. Peut contenir des _traces d'œuf_, _soja_, _lait_, _fruits coque_, _graines de sésame_.",ontology_dictionary_gap,False,
1263_off_tag_eval,3228857000913,Pain de mie nature,soy,fr,"Farine de blé 63%, eau, sucre, huile de colza, sel, vinaigre, levure, farine de fèves, _gluten de blé_, arôme (contient alcool), extrait d'acérola. Peut contenir des _traces d'œuf_, _soja_, _lait_, _fruits coque_, _graines de sésame_.",ontology_dictionary_gap,False,
1263_off_tag_eval,3228857000913,Pain de mie nature,milk,fr,"Farine de blé 63%, eau, sucre, huile de colza, sel, vinaigre, levure, farine de fèves, _gluten de blé_, arôme (contient alcool), extrait d'acérola. Peut contenir des _traces d'œuf_, _soja_, _lait_, _fruits coque_, _graines de sésame_.",ontology_dictionary_gap,False,
1263_off_tag_eval,3228857000913,Pain de mie nature,sesame,fr,"Farine de blé 63%, eau, sucre, huile de colza, sel, vinaigre, levure, farine de fèves, _gluten de blé_, arôme (contient alcool), extrait d'acérola. Peut contenir des _traces d'œuf_, _soja_, _lait_, _fruits coque_, _graines de sésame_.",ontology_dictionary_gap,False,
1263_off_tag_eval,3228857000913,Pain de mie nature,tree_nut,fr,"Farine de blé 63%, eau, sucre, huile de colza, sel, vinaigre, levure, farine de fèves, _gluten de blé_, arôme (contient alcool), extrait d'acérola. Peut contenir des _traces d'œuf_, _soja_, _lait_, _fruits coque_, _graines de sésame_.",off_reference_label_limitation,False,
1263_off_tag_eval,5050083296079,Cereales special K original,milk,fr,"Riz (47%), blé complet (37%), sucre, orge (5%), farine d'orge maltée, sel, extrait de malt d'orge, niacine, fer, riboflavine, thiamine, vitamine B6, acide folique, vitamine D, vitamine B12.",off_reference_label_limitation,False,
1263_off_tag_eval,3175681216273,Galettes boulghour parmesan & tomates confites,egg,fr,"Boulgour de blé complet* réhydraté 52,8%, eau, farine de blé* 9,4%, fromage parmesan* 6,4%, flocons d'avoine complète* 3,9%, flocons de blé complet* 3,9%, huile de tournesol oléique* 3,8%, tomates confites* 2,2% (tomates*, huile d'olive vierge extra*, vinaigre*), gluten de blé* 2,1%, basilic*, concentré de tomates* 1,3%, sel de mer, tomates séchées 0,3%, ail*, poivre*.",off_reference_label_limitation,False,
1263_off_tag_eval,3175681216273,Galettes boulghour parmesan & tomates confites,sesame,fr,"Boulgour de blé complet* réhydraté 52,8%, eau, farine de blé* 9,4%, fromage parmesan* 6,4%, flocons d'avoine complète* 3,9%, flocons de blé complet* 3,9%, huile de tournesol oléique* 3,8%, tomates confites* 2,2% (tomates*, huile d'olive vierge extra*, vinaigre*), gluten de blé* 2,1%, basilic*, concentré de tomates* 1,3%, sel de mer, tomates séchées 0,3%, ail*, poivre*.",off_reference_label_limitation,False,
1263_off_tag_eval,3175681216273,Galettes boulghour parmesan & tomates confites,tree_nut,fr,"Boulgour de blé complet* réhydraté 52,8%, eau, farine de blé* 9,4%, fromage parmesan* 6,4%, flocons d'avoine complète* 3,9%, flocons de blé complet* 3,9%, huile de tournesol oléique* 3,8%, tomates confites* 2,2% (tomates*, huile d'olive vierge extra*, vinaigre*), gluten de blé* 2,1%, basilic*, concentré de tomates* 1,3%, sel de mer, tomates séchées 0,3%, ail*, poivre*.",off_reference_label_limitation,False,
1263_off_tag_eval,3175681216273,Galettes boulghour parmesan & tomates confites,soy,fr,"Boulgour de blé complet* réhydraté 52,8%, eau, farine de blé* 9,4%, fromage parmesan* 6,4%, flocons d'avoine complète* 3,9%, flocons de blé complet* 3,9%, huile de tournesol oléique* 3,8%, tomates confites* 2,2% (tomates*, huile d'olive vierge extra*, vinaigre*), gluten de blé* 2,1%, basilic*, concentré de tomates* 1,3%, sel de mer, tomates séchées 0,3%, ail*, poivre*.",off_reference_label_limitation,False,
1263_off_tag_eval,3240931547213,Gnocchi aux pommes de terre,egg,fr,"Purée 65.5% (eau, pommes de terre déshydratées, épice : curcuma), semoule de BLE, huile de colza et/ou tournesol, farine de BLE, sel.",off_reference_label_limitation,False,
1263_off_tag_eval,3240931547213,Gnocchi aux pommes de terre,milk,fr,"Purée 65.5% (eau, pommes de terre déshydratées, épice : curcuma), semoule de BLE, huile de colza et/ou tournesol, farine de BLE, sel.",off_reference_label_limitation,False,
1263_off_tag_eval,3240931547213,Gnocchi aux pommes de terre,soy,fr,"Purée 65.5% (eau, pommes de terre déshydratées, épice : curcuma), semoule de BLE, huile de colza et/ou tournesol, farine de BLE, sel.",off_reference_label_limitation,False,
1263_off_tag_eval,7622210444127,Melloeux Fruit Rouges,milk,fr,"Céréales 44,1 % [farine de BLÉ 23,7 %, céréales complètes 17,8 % (sarrasin complet concassé 6,9 %, gruau d'AVOINE 6,9 %, flocons d'AVOINE 1 %, farine complète d'épeautre (BLÉ) 1 %, farine complète d'ORGE 1 %, farine complète de BLÉ 1 %), farine de riz 2,5 %, farine de BLÉ malté 0,1 %], sucre, huile de colza, amidon modifié, canneberges séchées confites 6 % (sucre, canneberges 2 %, huile de tournesol), fibres de racine de chicorée, isomaltulose, humectant (glycérol), raisins de Corinthe 2 %, minéraux (carbonate de calcium, carbonate de magnésium, fer élémentaire), émulsifiant (lécithines de SOJA), jus de groseille concentré 0,3 %, arômes, sel, poudre à lever (carbonates de sodium), gluten de BLÉ, dextrose, amidon.",off_reference_label_limitation,False,
1263_off_tag_eval,3600900011037,Quinoa Gourmand,egg,en,"Quinoa (51%), Boulgour (31,5%), semoule de blé dur (15%), concassé de blé toasté, épices.",off_reference_label_limitation,False,
1263_off_tag_eval,3600900011037,Quinoa Gourmand,milk,en,"Quinoa (51%), Boulgour (31,5%), semoule de blé dur (15%), concassé de blé toasté, épices.",off_reference_label_limitation,False,
1263_off_tag_eval,3600900011037,Quinoa Gourmand,soy,en,"Quinoa (51%), Boulgour (31,5%), semoule de blé dur (15%), concassé de blé toasté, épices.",off_reference_label_limitation,False,
1263_off_tag_eval,3023290030547,Skyr framboise,wheat_gluten,fr,"Lait pasteurisé à 2,2% de matières grasses (86%), framboises (6,4%), sucre de canne (5,1%), jus de citron concentré, amidon, ferments lactiques (lait)",off_reference_label_limitation,False,
1263_off_tag_eval,3023290030547,Skyr framboise,tree_nut,fr,"Lait pasteurisé à 2,2% de matières grasses (86%), framboises (6,4%), sucre de canne (5,1%), jus de citron concentré, amidon, ferments lactiques (lait)",off_reference_label_limitation,False,
1263_off_tag_eval,8008698011065,MAESTRO VITAL - Pain aux graines tranché,soy,en,"maize starch, sourdough 20% (rice flour, water), water, rice flour, sunflower seeds 6.6%, flax seeds 6.6%, vegetable fiber (psyllium), quinoa flour 2.9%, apple extract, sorghum flour 2.6%, yeast, sunflower oil, thickener: hydroxypropyl methylcellulose, chestnut flour 1.0%, iodized salt (salt, potassium iodide), natural flavor",off_reference_label_limitation,False,
1263_off_tag_eval,6111184004716,Star moutarde,tree_nut,en,"water, mustard seeds, table vinegar, salt, soybean oil, stabilizers (e412, eă15), preservative e224 and antioxidant e330",off_reference_label_limitation,False,
1263_off_tag_eval,6111246910023,Pain de mie complet,wheat_gluten,fr,"Farine complete de blé, eau, levure, sucre, huile végétale (tournesol), sel, gluten de blé, conservateurs (E282, E200, E202), émulsifiants (E471, E472e, E481), agents de traitement de la farine (E341, E300), correcteur d'acidité (E270). Contient du gluten. Peut contenir des traces de sésame, d'avoine, de graines de tournesol, de pavot et de lait.",section_splitting_context_gap,False,
1263_off_tag_eval,4056489682677,Pecan Nuts,tree_nut,en,Pecan nuts,off_reference_label_limitation,False,
1263_off_tag_eval,4056489682677,Pecan Nuts,peanut,en,Pecan nuts,off_reference_label_limitation,False,
1263_off_tag_eval,3392460511200,"LU - Grany Chocolate 5 Cereals Bar x6, 125g (4.5oz)",milk,fr,"Céréales 36 % (maïs 12 %, farine de riz 8,8 %, flocons d'avoine 6,4 %, farine de blé 5,3 %, flocons de seigle malté 2,9 %, farine de blé malté 0,6 %), sirop de glucose, chocolat 13 % (sucre, pâte de cacao, beurre de cacao, émulsifiant (lécithines de soja), arôme), stabilisant (sorbitols), huiles végétales (colza, palme), pâte de cacao, sucre, sel, gluten de blé, dextrose, émulsifiant (lécithines de tournesol), extrait de malt d'orge, arôme (contient noisettes).",off_reference_label_limitation,False,
1263_off_tag_eval,3392460511200,"LU - Grany Chocolate 5 Cereals Bar x6, 125g (4.5oz)",tree_nut,fr,"Céréales 36 % (maïs 12 %, farine de riz 8,8 %, flocons d'avoine 6,4 %, farine de blé 5,3 %, flocons de seigle malté 2,9 %, farine de blé malté 0,6 %), sirop de glucose, chocolat 13 % (sucre, pâte de cacao, beurre de cacao, émulsifiant (lécithines de soja), arôme), stabilisant (sorbitols), huiles végétales (colza, palme), pâte de cacao, sucre, sel, gluten de blé, dextrose, émulsifiant (lécithines de tournesol), extrait de malt d'orge, arôme (contient noisettes).",off_reference_label_limitation,False,
1263_off_tag_eval,3760091726650,Haïti Grand cru Cap haïtien 72% cacaoté et fruité,wheat_gluten,fr,"Pâte de cacao°* d'Haïti 66%, sucre de canneº*, beurre de cacao°*. Cacao: 72% minimum dans le chocolat",off_reference_label_limitation,False,
1263_off_tag_eval,3760091726650,Haïti Grand cru Cap haïtien 72% cacaoté et fruité,milk,fr,"Pâte de cacao°* d'Haïti 66%, sucre de canneº*, beurre de cacao°*. Cacao: 72% minimum dans le chocolat",off_reference_label_limitation,False,
1263_off_tag_eval,3760091726650,Haïti Grand cru Cap haïtien 72% cacaoté et fruité,sesame,fr,"Pâte de cacao°* d'Haïti 66%, sucre de canneº*, beurre de cacao°*. Cacao: 72% minimum dans le chocolat",off_reference_label_limitation,False,
1263_off_tag_eval,3760091726650,Haïti Grand cru Cap haïtien 72% cacaoté et fruité,tree_nut,fr,"Pâte de cacao°* d'Haïti 66%, sucre de canneº*, beurre de cacao°*. Cacao: 72% minimum dans le chocolat",off_reference_label_limitation,False,
1263_off_tag_eval,3229820791074,Biscuits fourrés aux framboises,milk,fr,"Farine semi-complète de blé 42%, sucre de canne non raffiné, graisse végétale (huile de tournesol, beurre de cacao), sirop de sucre inverti, sirop de blé, miel, œufs entiers en poudre, concentré de framboise 0,8% (équivalent à 7% de framboise), acidifiant : acide citrique, sel de mer, poudres à lever : carbonates de sodium, carbonates d'ammonium, jus de citron, émulsifiant : lécithines.",off_reference_label_limitation,False,
1263_off_tag_eval,3229820791074,Biscuits fourrés aux framboises,tree_nut,fr,"Farine semi-complète de blé 42%, sucre de canne non raffiné, graisse végétale (huile de tournesol, beurre de cacao), sirop de sucre inverti, sirop de blé, miel, œufs entiers en poudre, concentré de framboise 0,8% (équivalent à 7% de framboise), acidifiant : acide citrique, sel de mer, poudres à lever : carbonates de sodium, carbonates d'ammonium, jus de citron, émulsifiant : lécithines.",off_reference_label_limitation,False,
1263_off_tag_eval,8710482532303,Trigo Espelta Crackers,wheat_gluten,es,"85% espelta (_trigo_) (58% harina integral, harina, copos, melaza), linaza, aceite vegetal (nabina), fibras vegetales, 4,5% pipas de girasol, 2,5% pipas de calabaza, sal, levadura.",off_reference_label_limitation,False,
1263_off_tag_eval,8710482532303,Trigo Espelta Crackers,sesame,es,"85% espelta (_trigo_) (58% harina integral, harina, copos, melaza), linaza, aceite vegetal (nabina), fibras vegetales, 4,5% pipas de girasol, 2,5% pipas de calabaza, sal, levadura.",off_reference_label_limitation,False,
1263_off_tag_eval,7622210713803,Petit Déjeuner Chocolat,sesame,fr,"Céréales 56,8 % [céréales complètes 39,8 % (farine complète de BLÉ 20,1 %, flocons d'AVOINE 8,8 %, farine complète d'ORGE 6,4 %, farine complète de SEIGLE 3,5 %, farine complète d'épeautre (BLÉ 1 %), farine de BLÉ 17 %), sucre, pépites de chocolat 12 % [sucre, pâte de cacao, graisses végétales (palme, karité en proportions variables), dextrose, beurre de cacao, émulsifiant (lécithines de SOJA)], huile de colza, cacao maigre en poudre 3 %, amidon de BLÉ, poudres à lever (carbonates d'ammonium, diphosphates, carbonates de sodium), minéraux (carbonate de calcium, carbonate de magnésium, fer élémentaire), émulsifiants (lécithines de SOJA, E492, E472e), sel, arôme, LAIT écrémé en poudre.",off_reference_label_limitation,False,
1263_off_tag_eval,7622210713803,Petit Déjeuner Chocolat,tree_nut,fr,"Céréales 56,8 % [céréales complètes 39,8 % (farine complète de BLÉ 20,1 %, flocons d'AVOINE 8,8 %, farine complète d'ORGE 6,4 %, farine complète de SEIGLE 3,5 %, farine complète d'épeautre (BLÉ 1 %), farine de BLÉ 17 %), sucre, pépites de chocolat 12 % [sucre, pâte de cacao, graisses végétales (palme, karité en proportions variables), dextrose, beurre de cacao, émulsifiant (lécithines de SOJA)], huile de colza, cacao maigre en poudre 3 %, amidon de BLÉ, poudres à lever (carbonates d'ammonium, diphosphates, carbonates de sodium), minéraux (carbonate de calcium, carbonate de magnésium, fer élémentaire), émulsifiants (lécithines de SOJA, E492, E472e), sel, arôme, LAIT écrémé en poudre.",off_reference_label_limitation,False,
1263_off_tag_eval,8410076481597,Tortilla Nachos Original,milk,en,"whole corn kernels, high oleic sunflower oil, salt.",off_reference_label_limitation,False,
1263_off_tag_eval,8410076481597,Tortilla Nachos Original,sesame,en,"whole corn kernels, high oleic sunflower oil, salt.",off_reference_label_limitation,False,
1263_off_tag_eval,8410076481597,Tortilla Nachos Original,soy,en,"whole corn kernels, high oleic sunflower oil, salt.",off_reference_label_limitation,False,
1263_off_tag_eval,3159470005071,Céréales Extra Pépites Chocolat Noisettes,tree_nut,fr,"Avoine complète (49%), sucre, huile de palme certifié durable, morceaux de chocolat (9%) (sucre, pâte de cacao, beurre de cacao, graisses végétales (palme certifié durable, karité, sal, mangue} en proportions variables, matière grasse du lait, émulsifiant {lecithine de soja}), farine de blé, noisettes (3%), sel, mélasse, noix de coco séchée, extrait de malt d'orge.",off_reference_label_limitation,False,
1263_off_tag_eval,4056489424918,Beurre de cacahuètes crunchy,soy,fr,"ES Crema de cacahuete con trozos. Ingredientes: 95% cacahuetes tostados, 1,7% aceite de cacahuete, aceite de palma sostenible certificado, azúcar de caña, sal. Consumir preferentemente antes del: ver impresión. Conservar en un lugar seco y protegido del calor, incluso una vez abierto. PT Manteiga de amendoim com pedaços. Ingredientes: 95 % amendoim, 17% óleo de amendoim, gordura de palma sustentável certificada, açúcar de cana, sal Consumir de preferência antes de: ver tampa. Conservar em local seco e fresco, mesmo depois de a",off_reference_label_limitation,False,
1263_off_tag_eval,6111024001530,Huile Lesieur 3 Graines,tree_nut,fr,"Huiles végétales (Soja, Tournesol. Colza), Arôme naturel. Vitamine A. Vitamine D3. Provitamine A.",off_reference_label_limitation,False,
1263_off_tag_eval,5050083706622,Trésor goût Chocolat Noisettes,tree_nut,fr,"Farines de céréales (Blé{26%}, Avoine complète{17%}, Riz{12%}), Fourrage Chocolat Noisettes (Sucre, Huiles végétaleles [Colza, Palme], Chocolat {4%}[Sucre, Pâte de cacao], Maltodextrine, Noisettes{2%),Cacao maigre en poudre, Petit-lait en poudre, lait écrémé en poudre, Émulsifiant([Lécithine de tournesol], Arôme naturel), Sucre, Sel, Colorant (Charoténoides, Rocou), Antioxydant (Palmitate d'ascorbyle, Alpha-tocophérol).  Vitamines et Minéraux : Vitamines (niacine, B6, B2, Bl, acide folique, B12), Fer.",off_reference_label_limitation,False,
1263_off_tag_eval,8436019091142,Bebida de Soja UHT,tree_nut,es,"Agua, habas de _soja_ (13%), fructosa, sales cálcicas de ácido ortofosfórico, emulgente (goma gellan), sal, aroma y vitaminas A (acetato de retinilo) y  D (ergocalciferol).",off_reference_label_limitation,False,
1263_off_tag_eval,20169329,Nut Clusters Wheat flakes with mixed nut clusters,milk,fr,"Farine de _blé_ complet (54%), préparation aux fruits à coque et amandes (18%) [farine de _blé_, sucre, sirop de glucose, huile végétale, _noisettes_ (3%), _amandes_ (3%), _noix_ (3%), miel, _noix de pécan_ (1%), arôme naturel de vanille], sucre, _amandes_ effilées (10%), sirop de sucre brun inverti, extrait de malt d'_orge_, sirop de glucose, sel de cuisine.",off_reference_label_limitation,False,
1263_off_tag_eval,20169329,Nut Clusters Wheat flakes with mixed nut clusters,tree_nut,fr,"Farine de _blé_ complet (54%), préparation aux fruits à coque et amandes (18%) [farine de _blé_, sucre, sirop de glucose, huile végétale, _noisettes_ (3%), _amandes_ (3%), _noix_ (3%), miel, _noix de pécan_ (1%), arôme naturel de vanille], sucre, _amandes_ effilées (10%), sirop de sucre brun inverti, extrait de malt d'_orge_, sirop de glucose, sel de cuisine.",off_reference_label_limitation,False,
1263_off_tag_eval,20169329,Nut Clusters Wheat flakes with mixed nut clusters,peanut,fr,"Farine de _blé_ complet (54%), préparation aux fruits à coque et amandes (18%) [farine de _blé_, sucre, sirop de glucose, huile végétale, _noisettes_ (3%), _amandes_ (3%), _noix_ (3%), miel, _noix de pécan_ (1%), arôme naturel de vanille], sucre, _amandes_ effilées (10%), sirop de sucre brun inverti, extrait de malt d'_orge_, sirop de glucose, sel de cuisine.",off_reference_label_limitation,False,
1263_off_tag_eval,5050665024519,Oven Roasted Garlic & Onion Pasta Sauce,fish,en,"Tomatoes (90%)(Puree, Chopped), Onion (44%), Roasted Garlic (2%), Sugar, Salt, Herbs, Spices, Food Acid (Citric), Spice.",off_reference_label_limitation,False,
1263_off_tag_eval,5050665024519,Oven Roasted Garlic & Onion Pasta Sauce,shellfish,en,"Tomatoes (90%)(Puree, Chopped), Onion (44%), Roasted Garlic (2%), Sugar, Salt, Herbs, Spices, Food Acid (Citric), Spice.",off_reference_label_limitation,False,
1263_off_tag_eval,5050665024519,Oven Roasted Garlic & Onion Pasta Sauce,soy,en,"Tomatoes (90%)(Puree, Chopped), Onion (44%), Roasted Garlic (2%), Sugar, Salt, Herbs, Spices, Food Acid (Citric), Spice.",off_reference_label_limitation,False,
1263_off_tag_eval,5050665024519,Oven Roasted Garlic & Onion Pasta Sauce,tree_nut,en,"Tomatoes (90%)(Puree, Chopped), Onion (44%), Roasted Garlic (2%), Sugar, Salt, Herbs, Spices, Food Acid (Citric), Spice.",off_reference_label_limitation,False,
1263_off_tag_eval,5050665024519,Oven Roasted Garlic & Onion Pasta Sauce,peanut,en,"Tomatoes (90%)(Puree, Chopped), Onion (44%), Roasted Garlic (2%), Sugar, Salt, Herbs, Spices, Food Acid (Citric), Spice.",off_reference_label_limitation,False,
1263_off_tag_eval,5050665024519,Oven Roasted Garlic & Onion Pasta Sauce,egg,en,"Tomatoes (90%)(Puree, Chopped), Onion (44%), Roasted Garlic (2%), Sugar, Salt, Herbs, Spices, Food Acid (Citric), Spice.",off_reference_label_limitation,False,
1263_off_tag_eval,5050665024519,Oven Roasted Garlic & Onion Pasta Sauce,milk,en,"Tomatoes (90%)(Puree, Chopped), Onion (44%), Roasted Garlic (2%), Sugar, Salt, Herbs, Spices, Food Acid (Citric), Spice.",off_reference_label_limitation,False,
1263_off_tag_eval,5050665024519,Oven Roasted Garlic & Onion Pasta Sauce,sesame,en,"Tomatoes (90%)(Puree, Chopped), Onion (44%), Roasted Garlic (2%), Sugar, Salt, Herbs, Spices, Food Acid (Citric), Spice.",off_reference_label_limitation,False,
1263_off_tag_eval,27096765,Lait crème,tree_nut,fr,"sucre, beurre de cacao, crème en poudre (lait) (15,9%), pâte de cacao, lait entier en poudre (5,5%), lait écrémé en poudre, lactose, émulsifiant : lécithine (soja), extrait de vanille,",off_reference_label_limitation,False,
1263_off_tag_eval,27096765,Lait crème,peanut,fr,"sucre, beurre de cacao, crème en poudre (lait) (15,9%), pâte de cacao, lait entier en poudre (5,5%), lait écrémé en poudre, lactose, émulsifiant : lécithine (soja), extrait de vanille,",off_reference_label_limitation,False,
1263_off_tag_eval,8001665704182,Grand ravioli cepes fromage et champignons,shellfish,fr,"Gran CÈPES, FROMAGE & C PATES FRAICHES AUX CEUFS FARCIES A ngrédients: arce 57%: cèpes (Boletus edulis et son genre) 13%, champignon de Paris (Agaricus bisporus) 13%, ricotta (sérum de lait, lait, sel), fibres végétales (contient du gluten), fromage maigre, huile de tournesol, amidon, fromage rape 5%, oignon, chapelure (contient du gluten), sérum de lait en poudre, ciboulette, farine de riz, sel, pommes c terre deshydratées, vin blanc, arômes naturels (contiennent gluten et lait), lait écré poudre, persil, ai, poivre, épices. Pâte 43% farine de blé tendre, oeufs 30%, sema de ble dur Produit dans une usine qui utilise aussi crustacés, poissons,fruits à coque, celeri et mollusques. Allergenes: voir ingrédients en gras.",trace_marker_detection_gap,False,
1263_off_tag_eval,8001665704182,Grand ravioli cepes fromage et champignons,tree_nut,fr,"Gran CÈPES, FROMAGE & C PATES FRAICHES AUX CEUFS FARCIES A ngrédients: arce 57%: cèpes (Boletus edulis et son genre) 13%, champignon de Paris (Agaricus bisporus) 13%, ricotta (sérum de lait, lait, sel), fibres végétales (contient du gluten), fromage maigre, huile de tournesol, amidon, fromage rape 5%, oignon, chapelure (contient du gluten), sérum de lait en poudre, ciboulette, farine de riz, sel, pommes c terre deshydratées, vin blanc, arômes naturels (contiennent gluten et lait), lait écré poudre, persil, ai, poivre, épices. Pâte 43% farine de blé tendre, oeufs 30%, sema de ble dur Produit dans une usine qui utilise aussi crustacés, poissons,fruits à coque, celeri et mollusques. Allergenes: voir ingrédients en gras.",trace_marker_detection_gap,False,
1263_off_tag_eval,8001665704182,Grand ravioli cepes fromage et champignons,fish,fr,"Gran CÈPES, FROMAGE & C PATES FRAICHES AUX CEUFS FARCIES A ngrédients: arce 57%: cèpes (Boletus edulis et son genre) 13%, champignon de Paris (Agaricus bisporus) 13%, ricotta (sérum de lait, lait, sel), fibres végétales (contient du gluten), fromage maigre, huile de tournesol, amidon, fromage rape 5%, oignon, chapelure (contient du gluten), sérum de lait en poudre, ciboulette, farine de riz, sel, pommes c terre deshydratées, vin blanc, arômes naturels (contiennent gluten et lait), lait écré poudre, persil, ai, poivre, épices. Pâte 43% farine de blé tendre, oeufs 30%, sema de ble dur Produit dans une usine qui utilise aussi crustacés, poissons,fruits à coque, celeri et mollusques. Allergenes: voir ingrédients en gras.",trace_marker_detection_gap,False,
1263_off_tag_eval,5410358464778,Haribo Chamallows Hearts,milk,pt,"Xarope de glicose, açúcar, dextrose, água, humidificante, xarope de sorbitol, gelatina, concentrados de frutos e plantas: beterrabe, cártano, aroma, Pode conter vestígios de _leite_ e _soja_,",ontology_dictionary_gap,False,
1263_off_tag_eval,5410358464778,Haribo Chamallows Hearts,soy,pt,"Xarope de glicose, açúcar, dextrose, água, humidificante, xarope de sorbitol, gelatina, concentrados de frutos e plantas: beterrabe, cártano, aroma, Pode conter vestígios de _leite_ e _soja_,",ontology_dictionary_gap,False,
1263_off_tag_eval,3250392332105,Thon à la catalane - 2 x 135g,wheat_gluten,fr,"Thon* (Euthynnus pelamis) 28,8%, eau, concentré de tomates 15%, carottes 11,1%, cornichons saumurés 10,7% (cornichons, eau, vinaigre d'alcool, sel, affermissant : chlorure de calcium), oignons 4,7%, huile de colza, vinaigre d'alcool, sucre, sel, épaississants : gomme xanthane - gomme guar, amidon de riz, poivre, arôme naturel, colorant : extrait de paprika. *poisson.",off_reference_label_limitation,False,
1263_off_tag_eval,3250392332105,Thon à la catalane - 2 x 135g,egg,fr,"Thon* (Euthynnus pelamis) 28,8%, eau, concentré de tomates 15%, carottes 11,1%, cornichons saumurés 10,7% (cornichons, eau, vinaigre d'alcool, sel, affermissant : chlorure de calcium), oignons 4,7%, huile de colza, vinaigre d'alcool, sucre, sel, épaississants : gomme xanthane - gomme guar, amidon de riz, poivre, arôme naturel, colorant : extrait de paprika. *poisson.",off_reference_label_limitation,False,
1263_off_tag_eval,3250392332105,Thon à la catalane - 2 x 135g,milk,fr,"Thon* (Euthynnus pelamis) 28,8%, eau, concentré de tomates 15%, carottes 11,1%, cornichons saumurés 10,7% (cornichons, eau, vinaigre d'alcool, sel, affermissant : chlorure de calcium), oignons 4,7%, huile de colza, vinaigre d'alcool, sucre, sel, épaississants : gomme xanthane - gomme guar, amidon de riz, poivre, arôme naturel, colorant : extrait de paprika. *poisson.",off_reference_label_limitation,False,
1263_off_tag_eval,5900020023025,Cini Minis Riegel,tree_nut,fr,"28,1% _Vollkornweizenmehl_, Glukosesirup, 10,2% _Magermilchpulver_, Zucker, 7,9% _Vollkornhaferflocken_, Feuchthaltemittel (Sorbit, Glycerin), Invertzuckersirup, 5,9% Reismehl, Sonnenblumenöl, Kokosnussfett, Calciumcarbonat, Maltodextrin, Maisstärke, Salz 0,4% Maisgrieß, Kakaobutter, Emulgator (Lecithine), natürliche Aromen, Antioxidationsmittel (stark tocopherolhaltige Extrakte), Zimt, Farbstoff (Carotin), Nadin, Pantothensäure, Folsäure, Vit. B6, Riboflavin (Vit. B2). Kann _Nüsse_ enthalten.",trace_marker_detection_gap,False,
1263_off_tag_eval,4006894518207,12 Köstlichkeiten Premium,sesame,de,"Weizenmehl, 16% weiße Schokolade (Zucker, Kakaobutter, Vollmilchpulver, Magermilchpulver, Süßmolkenpulver, Emulgatoren: Sojalecithine, Sonnenblumenlecithine), 13% Edel-Zartbitterschokolade (Kakaomasse, Zucker, Kakaobutter, Butterreinfett, Emulgator: Sojalecithine), Zucker, Butterreinfett, 3% Mandeln, Erdnüsse, 2% Schokoladenstückchen (Zucker, Kakaomasse, Vollmilchpulver, Kakaobutter, Emulgatore: Sonnenblumenlecithine, Sojalecithine), 1,5% Vollmilchschokolade (Zucker, Kakaobutter, Magermilchpulver, Süßmolkenpulver, Butterreinfett, Kakaomasse, Emulgator: Sonnenblumenlecithine), Kakaokerne, Glukosesirup, Pistazien, Invertzuckersirup, Kokoasraspeln, Weizenstärke, fettarmes Kakaopulver, 0,5% Cranberries, 0,2% Zartbitterschokolade (Zucker, Kakaomasse, Kakaobutter, Butterreinfett, Emulgator: Sojalecithine, Sonnenblumenlecithine), Kokosnussmark, Marzipan (Mandeln, Zucker, Invertzuckersirup), Backtriebmittel: Natriumhydrogencarbonat; Ammoniumcarbonate, Dinatriumdiphosphat; natürliches Aroma, Süßmolkenpulver, Salz, Volleipulver, Emulgatoren: Sojalecithine, Mono - und Diglyceride von Speisefettsäuren, 0,1% Honig, Vollmilchpulver, Brombeerenpulver, Gerstenmalzextrakt, Gelatine, Verdickungsmittel: Guarkernmehl; Eigelbpulver, Kakaobutter, Sahnepulver, Kakaomasse, färbendes Lebensmittel: Holunderbeersaftkonzentrat; Säureregulator: Citronensäure.",off_reference_label_limitation,False,
1263_off_tag_eval,4006894518207,12 Köstlichkeiten Premium,tree_nut,de,"Weizenmehl, 16% weiße Schokolade (Zucker, Kakaobutter, Vollmilchpulver, Magermilchpulver, Süßmolkenpulver, Emulgatoren: Sojalecithine, Sonnenblumenlecithine), 13% Edel-Zartbitterschokolade (Kakaomasse, Zucker, Kakaobutter, Butterreinfett, Emulgator: Sojalecithine), Zucker, Butterreinfett, 3% Mandeln, Erdnüsse, 2% Schokoladenstückchen (Zucker, Kakaomasse, Vollmilchpulver, Kakaobutter, Emulgatore: Sonnenblumenlecithine, Sojalecithine), 1,5% Vollmilchschokolade (Zucker, Kakaobutter, Magermilchpulver, Süßmolkenpulver, Butterreinfett, Kakaomasse, Emulgator: Sonnenblumenlecithine), Kakaokerne, Glukosesirup, Pistazien, Invertzuckersirup, Kokoasraspeln, Weizenstärke, fettarmes Kakaopulver, 0,5% Cranberries, 0,2% Zartbitterschokolade (Zucker, Kakaomasse, Kakaobutter, Butterreinfett, Emulgator: Sojalecithine, Sonnenblumenlecithine), Kokosnussmark, Marzipan (Mandeln, Zucker, Invertzuckersirup), Backtriebmittel: Natriumhydrogencarbonat; Ammoniumcarbonate, Dinatriumdiphosphat; natürliches Aroma, Süßmolkenpulver, Salz, Volleipulver, Emulgatoren: Sojalecithine, Mono - und Diglyceride von Speisefettsäuren, 0,1% Honig, Vollmilchpulver, Brombeerenpulver, Gerstenmalzextrakt, Gelatine, Verdickungsmittel: Guarkernmehl; Eigelbpulver, Kakaobutter, Sahnepulver, Kakaomasse, färbendes Lebensmittel: Holunderbeersaftkonzentrat; Säureregulator: Citronensäure.",off_reference_label_limitation,False,
1263_off_tag_eval,8480024819697,Bombon blanco,egg,es,"Helado vainilla 73,7%: Leche desnatada rehidratada; agua; grasa vegetal (copra); azúcar; jarabe de glucosa y fructosa; jarabe de glucosa; lactosa y proteínas de leche; emulgente: mono y diglicéridos de ácidos grasos; gelificantes: goma garrofín y goma guar; aroma natural de vainilla; vainas de vainilla machacadas; colorantes: E160b, E100. Cobertura chocolate blanco 26,3%: azúcar; manteca de cacao; lactosuero en polvo; materia grasa láctea anhidra; leche desnatada en polvo; emulgentes: E322 (soja), E476; aroma natural de vainilla. Puede contener trazas de gluten, huevo, cacahuetes y frutos de cáscara.",ontology_dictionary_gap,False,
1263_off_tag_eval,8480024819697,Bombon blanco,tree_nut,es,"Helado vainilla 73,7%: Leche desnatada rehidratada; agua; grasa vegetal (copra); azúcar; jarabe de glucosa y fructosa; jarabe de glucosa; lactosa y proteínas de leche; emulgente: mono y diglicéridos de ácidos grasos; gelificantes: goma garrofín y goma guar; aroma natural de vainilla; vainas de vainilla machacadas; colorantes: E160b, E100. Cobertura chocolate blanco 26,3%: azúcar; manteca de cacao; lactosuero en polvo; materia grasa láctea anhidra; leche desnatada en polvo; emulgentes: E322 (soja), E476; aroma natural de vainilla. Puede contener trazas de gluten, huevo, cacahuetes y frutos de cáscara.",matcher_logic_edge_case,False,
1263_off_tag_eval,8431876158243,Hojaldradas mini,sesame,es,"Harina de trigo, manteca de cerdo (con antioxidantes: D-mezcla-tocoferoles, Ascorbil palmitato) , azúcar, vino, sal, aroma de limón.",off_reference_label_limitation,False,
1263_off_tag_eval,8431876158243,Hojaldradas mini,peanut,es,"Harina de trigo, manteca de cerdo (con antioxidantes: D-mezcla-tocoferoles, Ascorbil palmitato) , azúcar, vino, sal, aroma de limón.",off_reference_label_limitation,False,
1263_off_tag_eval,8431876158243,Hojaldradas mini,tree_nut,es,"Harina de trigo, manteca de cerdo (con antioxidantes: D-mezcla-tocoferoles, Ascorbil palmitato) , azúcar, vino, sal, aroma de limón.",off_reference_label_limitation,False,
1263_off_tag_eval,8595564517665,Musli forest fruit crunchy,soy,cs,"Celozrnné ovesné vločky 51,1%, cukr, palmový olej, celozrnné pšeničné vločky, glukózový sirup, extrudát z obilovin (pšeničná mouka celozrnná, pšeničná mouka, kukuřičná krupice, cukr, kukuřičný škrob), směs mrazem sušeného ovoce 2,4 % (malina, klikva, borůvka). aroma, jedlá sůl, rostlinný extrakt (z Origanum Vulgare).",off_reference_label_limitation,True,
1263_off_tag_eval,8595564517665,Musli forest fruit crunchy,milk,cs,"Celozrnné ovesné vločky 51,1%, cukr, palmový olej, celozrnné pšeničné vločky, glukózový sirup, extrudát z obilovin (pšeničná mouka celozrnná, pšeničná mouka, kukuřičná krupice, cukr, kukuřičný škrob), směs mrazem sušeného ovoce 2,4 % (malina, klikva, borůvka). aroma, jedlá sůl, rostlinný extrakt (z Origanum Vulgare).",off_reference_label_limitation,True,
1263_off_tag_eval,8595564517665,Musli forest fruit crunchy,sesame,cs,"Celozrnné ovesné vločky 51,1%, cukr, palmový olej, celozrnné pšeničné vločky, glukózový sirup, extrudát z obilovin (pšeničná mouka celozrnná, pšeničná mouka, kukuřičná krupice, cukr, kukuřičný škrob), směs mrazem sušeného ovoce 2,4 % (malina, klikva, borůvka). aroma, jedlá sůl, rostlinný extrakt (z Origanum Vulgare).",off_reference_label_limitation,True,
1263_off_tag_eval,8595564517665,Musli forest fruit crunchy,tree_nut,cs,"Celozrnné ovesné vločky 51,1%, cukr, palmový olej, celozrnné pšeničné vločky, glukózový sirup, extrudát z obilovin (pšeničná mouka celozrnná, pšeničná mouka, kukuřičná krupice, cukr, kukuřičný škrob), směs mrazem sušeného ovoce 2,4 % (malina, klikva, borůvka). aroma, jedlá sůl, rostlinný extrakt (z Origanum Vulgare).",off_reference_label_limitation,True,
1263_off_tag_eval,8595564517665,Musli forest fruit crunchy,peanut,cs,"Celozrnné ovesné vločky 51,1%, cukr, palmový olej, celozrnné pšeničné vločky, glukózový sirup, extrudát z obilovin (pšeničná mouka celozrnná, pšeničná mouka, kukuřičná krupice, cukr, kukuřičný škrob), směs mrazem sušeného ovoce 2,4 % (malina, klikva, borůvka). aroma, jedlá sůl, rostlinný extrakt (z Origanum Vulgare).",off_reference_label_limitation,True,
1263_off_tag_eval,2486777044085,SARCIVE DE POULET,tree_nut,fr,"Cuisse de poulet 74%, Eau, Sucre de canne, Miel, Sirop d'anis, Extraits de SOJA, Fibre de bambou, Sel, Epices et aromates, Antioxydant (E316). Ce produit est susceptible de contenir des traces de : céréales (gluten), Lait et dérivés, moutarde, oeuf, fruit à coques, arachides. Origine viande : Réunion",matcher_logic_edge_case,False,
1263_off_tag_eval,8480017245670,Cóctel de encurtidos,shellfish,es,"agua, aceitunas verdes, hortalizas en
proporción variable (pepinillo, cebollita, ,zanahoria) (contiere
sulfitos), sal, vinagre de alcohol, potenciadores del sabor
(glutamato de monosodio, 5-ribonucleótidos de disodiol
acidulante (ácido citrico), , antioxidante (ácido
Puede contener trazas de leche, crustáceos, pescado y
frutos de cáscara, mostaza.",ontology_dictionary_gap,False,
1263_off_tag_eval,6413467524905,Runebergin torttu,sesame,fi,"Vehnäjauho, sokeri, laktoositon voi, vesi, vadelmahillo (10 %) [sokeri, vadelma, vesi, sakeuttamisaine (E440), happamuudensäätöaine (E330), säilöntäaine (E202)], kananmuna, mantelirouhe (1 %), glukoosisiirappi, rypsiöljy, nostatusaine (E503), aromit (mm. karvasmanteli, arrakki), suola, väri (E150c), emulgointiaine (E471), vitamiinit (A, D). Saattaa sisältää pieniä määriä muita pähkinöitä ja seesaminsiemeniä.",off_reference_label_limitation,True,
1263_off_tag_eval,6413467524905,Runebergin torttu,tree_nut,fi,"Vehnäjauho, sokeri, laktoositon voi, vesi, vadelmahillo (10 %) [sokeri, vadelma, vesi, sakeuttamisaine (E440), happamuudensäätöaine (E330), säilöntäaine (E202)], kananmuna, mantelirouhe (1 %), glukoosisiirappi, rypsiöljy, nostatusaine (E503), aromit (mm. karvasmanteli, arrakki), suola, väri (E150c), emulgointiaine (E471), vitamiinit (A, D). Saattaa sisältää pieniä määriä muita pähkinöitä ja seesaminsiemeniä.",off_reference_label_limitation,True,
1263_off_tag_eval,3800230300720,,tree_nut,bg,"Фъстъци 98,5% ,сол, пшенично брашно, може да съдържа следи от други ядки",off_reference_label_limitation,True,
1263_off_tag_eval,3033491993138,Kéfir Doux Nature,wheat_gluten,fr,"LAIT demi-écrémé (94%), crème (LAIT), LAIT écrémé en poudre, levures de kefir et ferments (dont ferments du yaourt et Bifidobacterium (LAIT)",off_reference_label_limitation,False,
1263_off_tag_eval,3033491993138,Kéfir Doux Nature,sesame,fr,"LAIT demi-écrémé (94%), crème (LAIT), LAIT écrémé en poudre, levures de kefir et ferments (dont ferments du yaourt et Bifidobacterium (LAIT)",off_reference_label_limitation,False,
1263_off_tag_eval,5411188128311,Coco Sans Sucres,tree_nut,fr,"Eau, lait de coco (14,1%) (eau, crème de noix de coco (5,3%), eau de noix de coco (2,6%)), calcium (phosphate tricalcique), arôme naturel de noix de coco, stabilisants (gomme guar, gomme xanthane, gomme gellane), sel marin, vitamines B12, D2.",off_reference_label_limitation,False,
1263_off_tag_eval,8480000239266,Bebida de almendra 0% azúcares,tree_nut,es,"Agua, _almendras_ (3%), estabilizantes (goma gellan, fosfato tripotásico y polifosfatos), sal, aromas y emulgente (sucroésteres de ácidos grasos).",off_reference_label_limitation,False,
1263_off_tag_eval,8480000239266,Bebida de almendra 0% azúcares,soy,es,"Agua, _almendras_ (3%), estabilizantes (goma gellan, fosfato tripotásico y polifosfatos), sal, aromas y emulgente (sucroésteres de ácidos grasos).",off_reference_label_limitation,False,
1263_off_tag_eval,5449000008046,Coca-Cola slim 25cl,tree_nut,en,"water, sugar, carbon dioxide, color (caramel E150d), phosphoric acid, caffeine, natural flavors",off_reference_label_limitation,False,
1263_off_tag_eval,8019428000105,Boisson avoine naturel,soy,fr,"Eau de source, avoine* (14%), huile de tournesol*, huile de carthame*, sel marin. *= biologique. Sans sucres ajoutés. Contient des sucres naturels.",off_reference_label_limitation,False,
1263_off_tag_eval,8402001014581,Bebida de avena 0% azúcar,wheat_gluten,es,"Agua, avena (gluten) (8%), aceite de girasol alto oleico, estabilizante (goma gellan), sal.",off_reference_label_limitation,False,
1263_off_tag_eval,8402001014581,Bebida de avena 0% azúcar,tree_nut,es,"Agua, avena (gluten) (8%), aceite de girasol alto oleico, estabilizante (goma gellan), sal.",off_reference_label_limitation,False,
1263_off_tag_eval,8402001014581,Bebida de avena 0% azúcar,soy,es,"Agua, avena (gluten) (8%), aceite de girasol alto oleico, estabilizante (goma gellan), sal.",off_reference_label_limitation,False,
1263_off_tag_eval,3033710071005,"Chicorée & Café, RICORÉ® Au Lait, Boîte de 400g",milk,fr,"LAIT entier en poudre 31,8%, PETIT-LAIT filtré en poudre, LACTOSE, café soluble 8%, fibres de chicorée (oligofructose) 8%, chicorée soluble 7,3%, stabilisant : E331, correcteur d'acidité : E340, sulfate de magnésium.",off_reference_label_limitation,False,
1263_off_tag_eval,8423352861402,Bebida de Avena,tree_nut,es,"Agua, _avena _(15%).",off_reference_label_limitation,False,
1263_off_tag_eval,8423352861402,Bebida de Avena,soy,es,"Agua, _avena _(15%).",off_reference_label_limitation,False,
1263_off_tag_eval,3229820784946,Amande chocolat,tree_nut,fr,"Lait d'amandes* (eau, amandes* 2,2%), Sucre de canne*, Amidon de riz*, Cacao* dégraissé en poudre, Chocolat* 1% (sucre de canne*, pâte de cacao*, beurre de cacao*, extrait de vanille*), Stabilisants: gomme guar*, gomme xanthane, Sel marin. 

*Ingrédients biologiques.",off_reference_label_limitation,False,
1263_off_tag_eval,6111179003847,Nectar Orange,tree_nut,en,"Jus d'orange, Eau Purifiée, Sucre, acidifiant: Acide Citrique, antioxydant : Vitamine C, Arômes Orange. Teneur en fruits min. 50%,",off_reference_label_limitation,False,
1263_off_tag_eval,5411188122661,"Alpro Mandeldrink Weiß Ungesüßt, Ungeröstet 1 LT",tree_nut,de,"Wasser, MANDELN (2,3%), Calcium (Tricalciumphosphat), Meersalz, Stabilisatoren (Johannisbrotkernmehl, Gellan), Emulgator (Lecithine), natürliches Aroma, Vitamine (B2, B12, E, D2). Mandeln aus Italien und Spanien. Kann Spuren von Schalenfrüchten (keine Erdnüsse) enthalten.",ontology_dictionary_gap,False,
1263_off_tag_eval,3229820793689,Soja vanille,wheat_gluten,fr,"Tonyu* (eau, fèves de soja* décortiquées 7%), sucre de canne* non raffiné, arôme naturel de vanille*, sel marin.
*Ingrédients biologiques.",off_reference_label_limitation,False,
1263_off_tag_eval,3229820793689,Soja vanille,tree_nut,fr,"Tonyu* (eau, fèves de soja* décortiquées 7%), sucre de canne* non raffiné, arôme naturel de vanille*, sel marin.
*Ingrédients biologiques.",off_reference_label_limitation,False,
1263_off_tag_eval,3033491485763,Hipro saveur vanille-cookie,wheat_gluten,fr,"LAIT écrémé (86%), protéines de LAIT, épaississants (amidon transformé de maïs: E1422, pectine de fruits: E440), arômes, correcteurs d'acidité (acide lactique: E270, citrate de sodium: E331), ferments lactiques (LAIT), édulcorants (acésulfame-k: E950, sucralose: E955)",off_reference_label_limitation,False,
1263_off_tag_eval,6111126000424,Raib banan sghir,milk,fr,"Lait partiellement écrémé, sucre, arômes et ferments lactiques. المكونات : حليب جزئي الذهن، السكر، نكهة، خمائر حليبية. Date limite de consommation sur la bouteille التاريخ المحد د على الفنينة Préservons l'environnement",off_reference_label_limitation,False,
1263_off_tag_eval,6111126000424,Raib banan sghir,tree_nut,fr,"Lait partiellement écrémé, sucre, arômes et ferments lactiques. المكونات : حليب جزئي الذهن، السكر، نكهة، خمائر حليبية. Date limite de consommation sur la bouteille التاريخ المحد د على الفنينة Préservons l'environnement",off_reference_label_limitation,False,
1263_off_tag_eval,4056489346364,Coconut And Rice Milk,tree_nut,en,"water, 5.3% coconut milk (coconut cream, water), 3.3% rice, sea salt, natural coconut flavor, stabilizers: guar gum, gellan gum, xanthan gum,",off_reference_label_limitation,False,
300_heldout_manual_eval,20713713,Chocolat noir Equateur Bio,wheat_gluten,fr,"Pâte de cacao 50%, beurre de cacao 35%, sucre, extrait de vanille",off_reference_label_limitation,False,
300_heldout_manual_eval,20713713,Chocolat noir Equateur Bio,milk,fr,"Pâte de cacao 50%, beurre de cacao 35%, sucre, extrait de vanille",off_reference_label_limitation,False,
300_heldout_manual_eval,20713713,Chocolat noir Equateur Bio,tree_nut,fr,"Pâte de cacao 50%, beurre de cacao 35%, sucre, extrait de vanille",off_reference_label_limitation,False,
300_heldout_manual_eval,6111021090049,Concentré de tomates Aicha,tree_nut,fr,"tomate, sel,",off_reference_label_limitation,False,
300_heldout_manual_eval,3229820794648,GALETTES EXTRA-FINES MAΪS,sesame,en,"corn* 99,7%, salt, * organic ingredient,",off_reference_label_limitation,False,
300_heldout_manual_eval,4008713713411,Copos de Avena extra suaves,wheat_gluten,es,Copos de avena.,off_reference_label_limitation,False,
300_heldout_manual_eval,3229820787008,Lait d'amande,tree_nut,fr,"Lait d'amande* (eau, amandes* 2,8%), sucre de canne non raffiné, amidon de riz*, sel marin.

*ingrédients biologiques",off_reference_label_limitation,False,
300_heldout_manual_eval,8410076801180,Crunchy oats&honey,wheat_gluten,en,"whole grain oat flakes (60%),sugar, refined sunflower oil, honey (3%), salt, cane molasses, emulsifier (sunflower lecithin), gasifier (sodium acid carbonate),",off_reference_label_limitation,False,
300_heldout_manual_eval,8410076801180,Crunchy oats&honey,tree_nut,en,"whole grain oat flakes (60%),sugar, refined sunflower oil, honey (3%), salt, cane molasses, emulsifier (sunflower lecithin), gasifier (sodium acid carbonate),",off_reference_label_limitation,False,
300_heldout_manual_eval,8410076801180,Crunchy oats&honey,peanut,en,"whole grain oat flakes (60%),sugar, refined sunflower oil, honey (3%), salt, cane molasses, emulsifier (sunflower lecithin), gasifier (sodium acid carbonate),",off_reference_label_limitation,False,
300_heldout_manual_eval,8410076801180,Crunchy oats&honey,soy,en,"whole grain oat flakes (60%),sugar, refined sunflower oil, honey (3%), salt, cane molasses, emulsifier (sunflower lecithin), gasifier (sodium acid carbonate),",off_reference_label_limitation,False,
300_heldout_manual_eval,3168930163480,Alvalle Gazpacho l'original,wheat_gluten,fr,"Tomate,poivron,concombre,oignon, huile d'olive vierge extra (2,2%),vinaigre de vin,sel,ail,jus de citron,teneur en légumes: 94%",off_reference_label_limitation,False,
300_heldout_manual_eval,5449000008046,Coca-Cola slim 25cl,tree_nut,en,"water, sugar, carbon dioxide, color (caramel E150d), phosphoric acid, caffeine, natural flavors",off_reference_label_limitation,False,
300_heldout_manual_eval,3760091726650,Haïti Grand cru Cap haïtien 72% cacaoté et fruité,wheat_gluten,fr,"Pâte de cacao°* d'Haïti 66%, sucre de canneº*, beurre de cacao°*. Cacao: 72% minimum dans le chocolat",off_reference_label_limitation,False,
300_heldout_manual_eval,3760091726650,Haïti Grand cru Cap haïtien 72% cacaoté et fruité,milk,fr,"Pâte de cacao°* d'Haïti 66%, sucre de canneº*, beurre de cacao°*. Cacao: 72% minimum dans le chocolat",off_reference_label_limitation,False,
300_heldout_manual_eval,3760091726650,Haïti Grand cru Cap haïtien 72% cacaoté et fruité,sesame,fr,"Pâte de cacao°* d'Haïti 66%, sucre de canneº*, beurre de cacao°*. Cacao: 72% minimum dans le chocolat",off_reference_label_limitation,False,
300_heldout_manual_eval,3760091726650,Haïti Grand cru Cap haïtien 72% cacaoté et fruité,tree_nut,fr,"Pâte de cacao°* d'Haïti 66%, sucre de canneº*, beurre de cacao°*. Cacao: 72% minimum dans le chocolat",off_reference_label_limitation,False,
300_heldout_manual_eval,3608580890898,Gourmand & Végétal Brassé Nature,tree_nut,fr,"Lait de coco allégé 89% (eau, extrait de noix de coco), amidon modifié, protéines de pois, citrates de calcium, sel, ferments.",off_reference_label_limitation,False,
300_heldout_manual_eval,3608580890898,Gourmand & Végétal Brassé Nature,soy,fr,"Lait de coco allégé 89% (eau, extrait de noix de coco), amidon modifié, protéines de pois, citrates de calcium, sel, ferments.",off_reference_label_limitation,False,
300_heldout_manual_eval,3023470020016,Roudor,sesame,fr,"Farine de blé 52%, beurre 30%, sucre, œufs, sel, poudres à lever: carbonates d'ammonium et de sodium et acide citrique.",off_reference_label_limitation,False,
300_heldout_manual_eval,3023470020016,Roudor,tree_nut,fr,"Farine de blé 52%, beurre 30%, sucre, œufs, sel, poudres à lever: carbonates d'ammonium et de sodium et acide citrique.",off_reference_label_limitation,False,
300_heldout_manual_eval,3023470020016,Roudor,soy,fr,"Farine de blé 52%, beurre 30%, sucre, œufs, sel, poudres à lever: carbonates d'ammonium et de sodium et acide citrique.",off_reference_label_limitation,False,
300_heldout_manual_eval,3168930009078,Flocons d'avoine complète,wheat_gluten,fr,100% Flocons d'avoine.,off_reference_label_limitation,False,
300_heldout_manual_eval,5411188119098,Natur mit Kokosnuss,tree_nut,de,"_Sojabasis_ (Wasser, geschälte _Sojabohnen_ (10,4%)], Kokosmilch (4,3%) (Kokosceme, Wasser), Zucker, Tricalciumcitrat, Säureregulatoren (Natriumcitrate, Citronensäure), Stabilisator (Pektine), natürliches Aroma, Meersalz, Antioxidationsmitel (stark tocopherol-tatige Extract, Fettsäureester der Ascorbinsäure), Vitamine (B12, D2), Joghurtkulturen (Str,thermophilus, L, bulgaricus).",off_reference_label_limitation,False,
300_heldout_manual_eval,42104964,Ciel 33cl,tree_nut,en,ماء مصفى (معالج ومنضح) وأملاح معدنية (ماغنسيوم),off_reference_label_limitation,False,
300_heldout_manual_eval,3770018078038,Rostlinná slanina,egg,cs,"Rehydratovaná _SÓJOVÁ bílkovina_ 82%, slunečnicový olej, sůl, přírodní aromata a barviva: antokyan, lykopen, regulátor kyselosti: octan draselný.",off_reference_label_limitation,True,
300_heldout_manual_eval,3770018078038,Rostlinná slanina,fish,cs,"Rehydratovaná _SÓJOVÁ bílkovina_ 82%, slunečnicový olej, sůl, přírodní aromata a barviva: antokyan, lykopen, regulátor kyselosti: octan draselný.",off_reference_label_limitation,True,
300_heldout_manual_eval,3770018078038,Rostlinná slanina,shellfish,cs,"Rehydratovaná _SÓJOVÁ bílkovina_ 82%, slunečnicový olej, sůl, přírodní aromata a barviva: antokyan, lykopen, regulátor kyselosti: octan draselný.",off_reference_label_limitation,True,
300_heldout_manual_eval,3770018078038,Rostlinná slanina,milk,cs,"Rehydratovaná _SÓJOVÁ bílkovina_ 82%, slunečnicový olej, sůl, přírodní aromata a barviva: antokyan, lykopen, regulátor kyselosti: octan draselný.",off_reference_label_limitation,True,
300_heldout_manual_eval,3770018078038,Rostlinná slanina,wheat_gluten,cs,"Rehydratovaná _SÓJOVÁ bílkovina_ 82%, slunečnicový olej, sůl, přírodní aromata a barviva: antokyan, lykopen, regulátor kyselosti: octan draselný.",off_reference_label_limitation,True,
300_heldout_manual_eval,6111246950845,,milk,ar,"Lait entier, 30g/L de matière grasse, المكونات: حليب كامل الدسم، 30غ ل من المادة الدسمة,",off_reference_label_limitation,False,
300_heldout_manual_eval,6111246950845,,tree_nut,ar,"Lait entier, 30g/L de matière grasse, المكونات: حليب كامل الدسم، 30غ ل من المادة الدسمة,",off_reference_label_limitation,False,
300_heldout_manual_eval,5411188116592,Coconut,tree_nut,nl,"Water, kokosnootmelk (5,3%) (kokosroom, water), rijst (3,3%), tricalciumfosfaat, stabilisatoren (guarpitmeel, gellangom, xanthaangom), zeezout, aroma's, vitaminen (B12, D2).",off_reference_label_limitation,False,
300_heldout_manual_eval,6111179003847,Nectar Orange,tree_nut,en,"Jus d'orange, Eau Purifiée, Sucre, acidifiant: Acide Citrique, antioxydant : Vitamine C, Arômes Orange. Teneur en fruits min. 50%,",off_reference_label_limitation,False,
300_heldout_manual_eval,6111024002186,Wilor,tree_nut,fr,"*** AJR : apport journalier recommandé, d0méga 6 que notre organisme ne peut fabriquer, 100g",off_reference_label_limitation,False,
300_heldout_manual_eval,3182180002542,Grilletine Sans sucres ajoutés Blé complet,egg,fr,"Farine de BLÉ 58% - Céréales complètes 19% (farine de BLÉ complet 18%, farine de SEIGLE complète 1%) - Huile de tournesol - Fibre soluble de maïs - Son de BLÉ - Levure boulangère - GLUTEN de blé - Farine de sarrasin - Farine de BLÉ malté - Sel - Agent de traitement de la farine (acide ascorbique).",off_reference_label_limitation,False,
300_heldout_manual_eval,3182180002542,Grilletine Sans sucres ajoutés Blé complet,soy,fr,"Farine de BLÉ 58% - Céréales complètes 19% (farine de BLÉ complet 18%, farine de SEIGLE complète 1%) - Huile de tournesol - Fibre soluble de maïs - Son de BLÉ - Levure boulangère - GLUTEN de blé - Farine de sarrasin - Farine de BLÉ malté - Sel - Agent de traitement de la farine (acide ascorbique).",off_reference_label_limitation,False,
300_heldout_manual_eval,3182180002542,Grilletine Sans sucres ajoutés Blé complet,milk,fr,"Farine de BLÉ 58% - Céréales complètes 19% (farine de BLÉ complet 18%, farine de SEIGLE complète 1%) - Huile de tournesol - Fibre soluble de maïs - Son de BLÉ - Levure boulangère - GLUTEN de blé - Farine de sarrasin - Farine de BLÉ malté - Sel - Agent de traitement de la farine (acide ascorbique).",off_reference_label_limitation,False,
300_heldout_manual_eval,3182180002542,Grilletine Sans sucres ajoutés Blé complet,sesame,fr,"Farine de BLÉ 58% - Céréales complètes 19% (farine de BLÉ complet 18%, farine de SEIGLE complète 1%) - Huile de tournesol - Fibre soluble de maïs - Son de BLÉ - Levure boulangère - GLUTEN de blé - Farine de sarrasin - Farine de BLÉ malté - Sel - Agent de traitement de la farine (acide ascorbique).",off_reference_label_limitation,False,
300_heldout_manual_eval,3182180002542,Grilletine Sans sucres ajoutés Blé complet,tree_nut,fr,"Farine de BLÉ 58% - Céréales complètes 19% (farine de BLÉ complet 18%, farine de SEIGLE complète 1%) - Huile de tournesol - Fibre soluble de maïs - Son de BLÉ - Levure boulangère - GLUTEN de blé - Farine de sarrasin - Farine de BLÉ malté - Sel - Agent de traitement de la farine (acide ascorbique).",off_reference_label_limitation,False,
300_heldout_manual_eval,8423352861402,Bebida de Avena,tree_nut,es,"Agua, _avena _(15%).",off_reference_label_limitation,False,
300_heldout_manual_eval,8423352861402,Bebida de Avena,soy,es,"Agua, _avena _(15%).",off_reference_label_limitation,False,
300_heldout_manual_eval,3270190127765,Chocolate negro,milk,es,"Pasta de cacao*, azúcar*, manteca de cacao*, emulgente: lecitinas* (girasol), extracto de vainilla*.",off_reference_label_limitation,False,
300_heldout_manual_eval,3270190127765,Chocolate negro,tree_nut,es,"Pasta de cacao*, azúcar*, manteca de cacao*, emulgente: lecitinas* (girasol), extracto de vainilla*.",off_reference_label_limitation,False,
300_heldout_manual_eval,20283360,Fiocchi di avena integrali,wheat_gluten,it,Fiocchi d'avena,off_reference_label_limitation,True,
300_heldout_manual_eval,6111242102002,غلال القمح,milk,fr,"Ingré&lents : lait entier enrichi en crème, sucre, poudre de lait écrémé, texturant : amidon, préparation de céréales, fibres, arômes, ferments ladiques et colorant naturel. Matière grasse : 3,4 % Poids net : 110 g",off_reference_label_limitation,False,
300_heldout_manual_eval,6111024001202,Huile de tournesol,tree_nut,fr,"Uhuale de tournesol content une guari *Uhe cuillerée à soupe dhule équaut a مق كبير من الزيت تعادل ما يقارب 0غ أو 90 كبلوكيالوري في على كمية مهمة من الأوميكا6 الأساسية ABRS UTNTONNELLES 100 Lipides i Acides gras saturés Acides gras monoinsaturés 27 IA Acdes gras polyinsaturés (e Oméga 6 e Fbres almentaires Viamine E mg Cholesterd Proteines g Guoides Sodum 100 11,3 613 liilia 61,15 0. الجسم إنتاجها۔ portated",off_reference_label_limitation,False,
300_heldout_manual_eval,3362600011228,Sable coco Henry s 42g,soy,fr,"Farine de _froment_, sucre, graisse végétale, noix de coco râpée, poudre de _lait_, poudre de _lactosérum_, sucre inverti, agents levants (bicarbonate d'ammonium - bicarbonate de Sodium), sel, arômes.",off_reference_label_limitation,False,
300_heldout_manual_eval,6111259347861,Pauz,tree_nut,fr,"Sucre, Farine de blé, Graisses végétales (palmiste, palme, tournesol), Poudre de lait de vache écrémé, Poudre de cacao, Poudre de lait de vache entier, Amidon de maïs, Emulsifiants d'origine végétale (lécithine de soja E322, Polyricinoléate de polyglycérol E476), Poudre levante (Bicarbonate de sodium E500ii), Sel et Arome (vanilline). Contient : Blé (céréales contenant du gluten), lait et soja; peut contenir des traces de fruits à coques et des arachides.",off_reference_label_limitation,False,
300_heldout_manual_eval,3760091726667,Chocolat noir 80% Équateur intense et floral,wheat_gluten,fr,"pâte de cacao  70%, sucre de canne , beurre de cacao, Cacao : 80% minimum dans le chocolat,

° Issus de l'agriculture biologique (100%)
* Issus du commerce équitable (100% du poids total avec 89% SPP)",off_reference_label_limitation,False,
300_heldout_manual_eval,3760091726667,Chocolat noir 80% Équateur intense et floral,milk,fr,"pâte de cacao  70%, sucre de canne , beurre de cacao, Cacao : 80% minimum dans le chocolat,

° Issus de l'agriculture biologique (100%)
* Issus du commerce équitable (100% du poids total avec 89% SPP)",off_reference_label_limitation,False,
300_heldout_manual_eval,3760091726667,Chocolat noir 80% Équateur intense et floral,sesame,fr,"pâte de cacao  70%, sucre de canne , beurre de cacao, Cacao : 80% minimum dans le chocolat,

° Issus de l'agriculture biologique (100%)
* Issus du commerce équitable (100% du poids total avec 89% SPP)",off_reference_label_limitation,False,
300_heldout_manual_eval,3760091726667,Chocolat noir 80% Équateur intense et floral,tree_nut,fr,"pâte de cacao  70%, sucre de canne , beurre de cacao, Cacao : 80% minimum dans le chocolat,

° Issus de l'agriculture biologique (100%)
* Issus du commerce équitable (100% du poids total avec 89% SPP)",off_reference_label_limitation,False,
300_heldout_manual_eval,5449000036872,Hawai Tropical,tree_nut,ar,"ماء غازي, سكر, مركز عصير البرتقال, محليات, مواد حافظة, مثبت, نكهات طبيعية",off_reference_label_limitation,False,
300_heldout_manual_eval,5060042641420,Chips sel de mer et poivre noir,milk,fr,"Pomme de terre, huile de tournesol, farine de riz, sel de mer, épices (poivre noir concassé, poivre noir moulu), sucre, extrait de levure, arôme naturel.",off_reference_label_limitation,False,
300_heldout_manual_eval,8410076481597,Tortilla Nachos Original,milk,en,"whole corn kernels, high oleic sunflower oil, salt.",off_reference_label_limitation,False,
300_heldout_manual_eval,8410076481597,Tortilla Nachos Original,sesame,en,"whole corn kernels, high oleic sunflower oil, salt.",off_reference_label_limitation,False,
300_heldout_manual_eval,8410076481597,Tortilla Nachos Original,soy,en,"whole corn kernels, high oleic sunflower oil, salt.",off_reference_label_limitation,False,
300_heldout_manual_eval,6111242102019,flan caram jao dan,tree_nut,fr,"في 460 على قصر Ingre La Bonne Recette Jaouda Flan au Coulis de Carame TRAVA 6 111242102019 te entier, amidon, sucre, nappage caramel, carrach يستهلك قبل DF=DLC-30 jours 85g",off_reference_label_limitation,False,
300_heldout_manual_eval,8076809529433,Whole Wheat Penne Rigate,soy,en,"Fuldkorns _durumhvede_, Vand",off_reference_label_limitation,False,
300_heldout_manual_eval,3161711000622,Caprice des Dieux,milk,fr,"Lait de vache , crème , sel, ferments lactiques (lait).",off_reference_label_limitation,False,
300_heldout_manual_eval,5411188122661,"Alpro Mandeldrink Weiß Ungesüßt, Ungeröstet 1 LT",tree_nut,de,"Wasser, MANDELN (2,3%), Calcium (Tricalciumphosphat), Meersalz, Stabilisatoren (Johannisbrotkernmehl, Gellan), Emulgator (Lecithine), natürliches Aroma, Vitamine (B2, B12, E, D2). Mandeln aus Italien und Spanien. Kann Spuren von Schalenfrüchten (keine Erdnüsse) enthalten.",ontology_dictionary_gap,False,
300_heldout_manual_eval,6111246721261,Fromage Blanc Nature,milk,fr,"Lait de vache pasteurisé, Protéines de lait de vache, Crème de lait de vache, Ferment lactique, Amidon, Epaississant, Sorbate de potassium",off_reference_label_limitation,False,
300_heldout_manual_eval,5411188128311,Coco Sans Sucres,tree_nut,fr,"Eau, lait de coco (14,1%) (eau, crème de noix de coco (5,3%), eau de noix de coco (2,6%)), calcium (phosphate tricalcique), arôme naturel de noix de coco, stabilisants (gomme guar, gomme xanthane, gomme gellane), sel marin, vitamines B12, D2.",off_reference_label_limitation,False,
300_heldout_manual_eval,4056489346364,Coconut And Rice Milk,tree_nut,en,"water, 5.3% coconut milk (coconut cream, water), 3.3% rice, sea salt, natural coconut flavor, stabilizers: guar gum, gellan gum, xanthan gum,",off_reference_label_limitation,False,
300_heldout_manual_eval,3760091724632,Chocolat noir PEROU GRAND CRU AMAZONAS 70%,wheat_gluten,fr,"Pâte de cacao°* du Pérou 65%, sucre de canne°*, beurre de cacao°*. Cacao: 70% minimum dans le chocolat.",off_reference_label_limitation,False,
300_heldout_manual_eval,3760091724632,Chocolat noir PEROU GRAND CRU AMAZONAS 70%,milk,fr,"Pâte de cacao°* du Pérou 65%, sucre de canne°*, beurre de cacao°*. Cacao: 70% minimum dans le chocolat.",off_reference_label_limitation,False,
300_heldout_manual_eval,3760091724632,Chocolat noir PEROU GRAND CRU AMAZONAS 70%,sesame,fr,"Pâte de cacao°* du Pérou 65%, sucre de canne°*, beurre de cacao°*. Cacao: 70% minimum dans le chocolat.",off_reference_label_limitation,False,
300_heldout_manual_eval,3760091724632,Chocolat noir PEROU GRAND CRU AMAZONAS 70%,tree_nut,fr,"Pâte de cacao°* du Pérou 65%, sucre de canne°*, beurre de cacao°*. Cacao: 70% minimum dans le chocolat.",off_reference_label_limitation,False,
300_heldout_manual_eval,6111099000247,Hule D'olive,tree_nut,fr,Huiled'olive vierge,off_reference_label_limitation,False,
300_heldout_manual_eval,3046920029759,Excellence Noir Prodigieux 90% Cacao,tree_nut,fr,"Pâte de cacao, beurre de cacao, cacao maigre, sucre, vanille.",off_reference_label_limitation,False,
300_heldout_manual_eval,7622210584724,Dark chocolate,milk,fr,"pâte de cacao*, beurre de cacao*, cacao maigre en poudre*, sucre de canne*, extrait de vanille*, * ingrédients issus de l'agriculture biologique",off_reference_label_limitation,False,
300_heldout_manual_eval,7622210584724,Dark chocolate,tree_nut,fr,"pâte de cacao*, beurre de cacao*, cacao maigre en poudre*, sucre de canne*, extrait de vanille*, * ingrédients issus de l'agriculture biologique",off_reference_label_limitation,False,
300_heldout_manual_eval,6111180007650,Cacao,tree_nut,fr,Poudre de Cacao,off_reference_label_limitation,False,
300_heldout_manual_eval,5060088700112,Protein Bars Cocoa Hazelnut,tree_nut,en,"Dates (38%), Peanuts (35%), Chicory fibre (10%), Peanut flour (8%), Hazelnuts (5%), Fat-reduced cocoa powder (3%), natural flavouring.",off_reference_label_limitation,False,
300_heldout_manual_eval,5060088700112,Protein Bars Cocoa Hazelnut,soy,en,"Dates (38%), Peanuts (35%), Chicory fibre (10%), Peanut flour (8%), Hazelnuts (5%), Fat-reduced cocoa powder (3%), natural flavouring.",off_reference_label_limitation,False,
300_heldout_manual_eval,6111242100206,Le nature,milk,fr,"lait frais entier, poudre de lait écrémé, amidon, ferment lactique sélectionné",off_reference_label_limitation,False,
300_heldout_manual_eval,20022471,Čokoláda na vaření,soy,en,"sugar, cocoa mass, cocoa butter, emulsifier: lecithins, vanilla extract,",off_reference_label_limitation,False,
300_heldout_manual_eval,20022471,Čokoláda na vaření,wheat_gluten,en,"sugar, cocoa mass, cocoa butter, emulsifier: lecithins, vanilla extract,",off_reference_label_limitation,False,
300_heldout_manual_eval,20022471,Čokoláda na vaření,milk,en,"sugar, cocoa mass, cocoa butter, emulsifier: lecithins, vanilla extract,",off_reference_label_limitation,False,
300_heldout_manual_eval,20022471,Čokoláda na vaření,tree_nut,en,"sugar, cocoa mass, cocoa butter, emulsifier: lecithins, vanilla extract,",off_reference_label_limitation,False,
300_heldout_manual_eval,20022471,Čokoláda na vaření,peanut,en,"sugar, cocoa mass, cocoa butter, emulsifier: lecithins, vanilla extract,",off_reference_label_limitation,False,
300_heldout_manual_eval,3600900021050,Tipiak Graine Parfumé,fish,fr,"Semoule de blé dur précuite (gluten) (93%), épices (dont céleri) (1,8%), sel, arômes naturels, poivron rouge déshydraté, huile de tournesol, graines de cumin, oignon en poudre, ail en poudre, tomate en poudre.",off_reference_label_limitation,False,
300_heldout_manual_eval,3600900021050,Tipiak Graine Parfumé,shellfish,fr,"Semoule de blé dur précuite (gluten) (93%), épices (dont céleri) (1,8%), sel, arômes naturels, poivron rouge déshydraté, huile de tournesol, graines de cumin, oignon en poudre, ail en poudre, tomate en poudre.",off_reference_label_limitation,False,
300_heldout_manual_eval,3600900021050,Tipiak Graine Parfumé,soy,fr,"Semoule de blé dur précuite (gluten) (93%), épices (dont céleri) (1,8%), sel, arômes naturels, poivron rouge déshydraté, huile de tournesol, graines de cumin, oignon en poudre, ail en poudre, tomate en poudre.",off_reference_label_limitation,False,
300_heldout_manual_eval,3600900021050,Tipiak Graine Parfumé,tree_nut,fr,"Semoule de blé dur précuite (gluten) (93%), épices (dont céleri) (1,8%), sel, arômes naturels, poivron rouge déshydraté, huile de tournesol, graines de cumin, oignon en poudre, ail en poudre, tomate en poudre.",off_reference_label_limitation,False,
300_heldout_manual_eval,3600900021050,Tipiak Graine Parfumé,peanut,fr,"Semoule de blé dur précuite (gluten) (93%), épices (dont céleri) (1,8%), sel, arômes naturels, poivron rouge déshydraté, huile de tournesol, graines de cumin, oignon en poudre, ail en poudre, tomate en poudre.",off_reference_label_limitation,False,
300_heldout_manual_eval,3600900021050,Tipiak Graine Parfumé,egg,fr,"Semoule de blé dur précuite (gluten) (93%), épices (dont céleri) (1,8%), sel, arômes naturels, poivron rouge déshydraté, huile de tournesol, graines de cumin, oignon en poudre, ail en poudre, tomate en poudre.",off_reference_label_limitation,False,
300_heldout_manual_eval,3600900021050,Tipiak Graine Parfumé,milk,fr,"Semoule de blé dur précuite (gluten) (93%), épices (dont céleri) (1,8%), sel, arômes naturels, poivron rouge déshydraté, huile de tournesol, graines de cumin, oignon en poudre, ail en poudre, tomate en poudre.",off_reference_label_limitation,False,
300_heldout_manual_eval,3600900021050,Tipiak Graine Parfumé,sesame,fr,"Semoule de blé dur précuite (gluten) (93%), épices (dont céleri) (1,8%), sel, arômes naturels, poivron rouge déshydraté, huile de tournesol, graines de cumin, oignon en poudre, ail en poudre, tomate en poudre.",off_reference_label_limitation,False,
300_heldout_manual_eval,3272770016131,Chavroux Pur Chèvre,milk,fr,"Lait de chèvre, crème de chèvre , sel, arôme naturel de chèvre.",off_reference_label_limitation,False,
300_heldout_manual_eval,3336972109104,Chips de lentilles saveur oignons caramelisés,wheat_gluten,fr,"Farine de lentilles (36%), huiles végétales (tournesol, colza), farine de riz, farine de maïs, amidons, oignons, sel, sucre, arôme naturel, poivre vert, régulateur d'acidité (acide citrique, acide lactique) chlorure de potassium.",off_reference_label_limitation,False,
300_heldout_manual_eval,3336972109104,Chips de lentilles saveur oignons caramelisés,milk,fr,"Farine de lentilles (36%), huiles végétales (tournesol, colza), farine de riz, farine de maïs, amidons, oignons, sel, sucre, arôme naturel, poivre vert, régulateur d'acidité (acide citrique, acide lactique) chlorure de potassium.",off_reference_label_limitation,False,
300_heldout_manual_eval,3336972109104,Chips de lentilles saveur oignons caramelisés,peanut,fr,"Farine de lentilles (36%), huiles végétales (tournesol, colza), farine de riz, farine de maïs, amidons, oignons, sel, sucre, arôme naturel, poivre vert, régulateur d'acidité (acide citrique, acide lactique) chlorure de potassium.",off_reference_label_limitation,False,
300_heldout_manual_eval,3336972109104,Chips de lentilles saveur oignons caramelisés,soy,fr,"Farine de lentilles (36%), huiles végétales (tournesol, colza), farine de riz, farine de maïs, amidons, oignons, sel, sucre, arôme naturel, poivre vert, régulateur d'acidité (acide citrique, acide lactique) chlorure de potassium.",off_reference_label_limitation,False,
300_heldout_manual_eval,8480017245670,Cóctel de encurtidos,shellfish,es,"agua, aceitunas verdes, hortalizas en
proporción variable (pepinillo, cebollita, ,zanahoria) (contiere
sulfitos), sal, vinagre de alcohol, potenciadores del sabor
(glutamato de monosodio, 5-ribonucleótidos de disodiol
acidulante (ácido citrico), , antioxidante (ácido
Puede contener trazas de leche, crustáceos, pescado y
frutos de cáscara, mostaza.",ontology_dictionary_gap,False,
300_heldout_manual_eval,3229820021027,P'tit Nature Complet,egg,fr,"Farine complète de blé* 76,8%, Sucre de canne* roux, Huile de colza*, Amidon de blé*, Poudre à lever (carbonates d'ammonium), Sel marin, Arôme naturel de vanille, Antioxydant (extraits de romarin).",off_reference_label_limitation,False,
300_heldout_manual_eval,3229820021027,P'tit Nature Complet,sesame,fr,"Farine complète de blé* 76,8%, Sucre de canne* roux, Huile de colza*, Amidon de blé*, Poudre à lever (carbonates d'ammonium), Sel marin, Arôme naturel de vanille, Antioxydant (extraits de romarin).",off_reference_label_limitation,False,
300_heldout_manual_eval,3229820021027,P'tit Nature Complet,milk,fr,"Farine complète de blé* 76,8%, Sucre de canne* roux, Huile de colza*, Amidon de blé*, Poudre à lever (carbonates d'ammonium), Sel marin, Arôme naturel de vanille, Antioxydant (extraits de romarin).",off_reference_label_limitation,False,
300_heldout_manual_eval,3229820021027,P'tit Nature Complet,soy,fr,"Farine complète de blé* 76,8%, Sucre de canne* roux, Huile de colza*, Amidon de blé*, Poudre à lever (carbonates d'ammonium), Sel marin, Arôme naturel de vanille, Antioxydant (extraits de romarin).",off_reference_label_limitation,False,
300_heldout_manual_eval,3664346305983,Poulain,milk,en,"sugar, lean cocoa (11 % cocoa butter) powder, aroma,",off_reference_label_limitation,False,
300_heldout_manual_eval,3664346305983,Poulain,soy,en,"sugar, lean cocoa (11 % cocoa butter) powder, aroma,",off_reference_label_limitation,False,
300_heldout_manual_eval,3046920028363,Excellence 85% Cacao Rich Dark,milk,nl,"Cacaomassa, magere cacao, cacaoboter, bruine suiker, vanille.",off_reference_label_limitation,False,
300_heldout_manual_eval,3046920028363,Excellence 85% Cacao Rich Dark,sesame,nl,"Cacaomassa, magere cacao, cacaoboter, bruine suiker, vanille.",off_reference_label_limitation,False,
300_heldout_manual_eval,3046920028363,Excellence 85% Cacao Rich Dark,tree_nut,nl,"Cacaomassa, magere cacao, cacaoboter, bruine suiker, vanille.",off_reference_label_limitation,False,
300_heldout_manual_eval,3046920028363,Excellence 85% Cacao Rich Dark,soy,nl,"Cacaomassa, magere cacao, cacaoboter, bruine suiker, vanille.",off_reference_label_limitation,False,
300_heldout_manual_eval,5449000206770,Eau de table,tree_nut,fr,Eau de Table,off_reference_label_limitation,False,
300_heldout_manual_eval,3760324300015,2 Steaks végétaux et gourmands,wheat_gluten,en,"rehydrated textured pea protein (water, pea protein (9,5%), pea extract), water, sunflower oil, faba bean protein (2,5%), pea protein (2%), potato starch, plant fiber (bamboo, plantain, potato), natural flavors, salt, beet juice concentrate, barley malt extract, maltodextrin, acidity regulators: buffered vinegar and citric acid,  antioxidant: rosemary extract, stabilizer: methylcellulose",off_reference_label_limitation,False,
300_heldout_manual_eval,3760324300015,2 Steaks végétaux et gourmands,sesame,en,"rehydrated textured pea protein (water, pea protein (9,5%), pea extract), water, sunflower oil, faba bean protein (2,5%), pea protein (2%), potato starch, plant fiber (bamboo, plantain, potato), natural flavors, salt, beet juice concentrate, barley malt extract, maltodextrin, acidity regulators: buffered vinegar and citric acid,  antioxidant: rosemary extract, stabilizer: methylcellulose",off_reference_label_limitation,False,
300_heldout_manual_eval,3760324300015,2 Steaks végétaux et gourmands,soy,en,"rehydrated textured pea protein (water, pea protein (9,5%), pea extract), water, sunflower oil, faba bean protein (2,5%), pea protein (2%), potato starch, plant fiber (bamboo, plantain, potato), natural flavors, salt, beet juice concentrate, barley malt extract, maltodextrin, acidity regulators: buffered vinegar and citric acid,  antioxidant: rosemary extract, stabilizer: methylcellulose",off_reference_label_limitation,False,
300_heldout_manual_eval,5050665024519,Oven Roasted Garlic & Onion Pasta Sauce,fish,en,"Tomatoes (90%)(Puree, Chopped), Onion (44%), Roasted Garlic (2%), Sugar, Salt, Herbs, Spices, Food Acid (Citric), Spice.",off_reference_label_limitation,False,
300_heldout_manual_eval,5050665024519,Oven Roasted Garlic & Onion Pasta Sauce,shellfish,en,"Tomatoes (90%)(Puree, Chopped), Onion (44%), Roasted Garlic (2%), Sugar, Salt, Herbs, Spices, Food Acid (Citric), Spice.",off_reference_label_limitation,False,
300_heldout_manual_eval,5050665024519,Oven Roasted Garlic & Onion Pasta Sauce,soy,en,"Tomatoes (90%)(Puree, Chopped), Onion (44%), Roasted Garlic (2%), Sugar, Salt, Herbs, Spices, Food Acid (Citric), Spice.",off_reference_label_limitation,False,
300_heldout_manual_eval,5050665024519,Oven Roasted Garlic & Onion Pasta Sauce,tree_nut,en,"Tomatoes (90%)(Puree, Chopped), Onion (44%), Roasted Garlic (2%), Sugar, Salt, Herbs, Spices, Food Acid (Citric), Spice.",off_reference_label_limitation,False,
300_heldout_manual_eval,5050665024519,Oven Roasted Garlic & Onion Pasta Sauce,peanut,en,"Tomatoes (90%)(Puree, Chopped), Onion (44%), Roasted Garlic (2%), Sugar, Salt, Herbs, Spices, Food Acid (Citric), Spice.",off_reference_label_limitation,False,
300_heldout_manual_eval,5050665024519,Oven Roasted Garlic & Onion Pasta Sauce,egg,en,"Tomatoes (90%)(Puree, Chopped), Onion (44%), Roasted Garlic (2%), Sugar, Salt, Herbs, Spices, Food Acid (Citric), Spice.",off_reference_label_limitation,False,
300_heldout_manual_eval,5050665024519,Oven Roasted Garlic & Onion Pasta Sauce,milk,en,"Tomatoes (90%)(Puree, Chopped), Onion (44%), Roasted Garlic (2%), Sugar, Salt, Herbs, Spices, Food Acid (Citric), Spice.",off_reference_label_limitation,False,
300_heldout_manual_eval,5050665024519,Oven Roasted Garlic & Onion Pasta Sauce,sesame,en,"Tomatoes (90%)(Puree, Chopped), Onion (44%), Roasted Garlic (2%), Sugar, Salt, Herbs, Spices, Food Acid (Citric), Spice.",off_reference_label_limitation,False,
300_heldout_manual_eval,8076809573252,Baiocchi nocciola 260g,sesame,fr,"Biscuit: Farine de BLÉ 51,6%*, sucre, huile de tournesol, OEUFS, LAIT en poudre écrémé, LAIT entier pasteurisé, sel, poudres à lever (carbonate acide de sodium, tartrate monopotassique, carbonate acide d'ammonium), amidon de BLÉ, arôme. Fourrage aux NOISETTES et au cacao 28%*: sucre, graisses et huiles végétales (karité, tournesol), NOISETTES 7,1%*, cacao 2,6%*, LAIT en poudre écrémé, amidon de BLÉ, arôme. *% exprimé sur le produit fini. Peut contenir des traces d'autres FRUITS A COQUE, MOUTARDE et SOJA.",off_reference_label_limitation,False,
300_heldout_manual_eval,8076809573252,Baiocchi nocciola 260g,peanut,fr,"Biscuit: Farine de BLÉ 51,6%*, sucre, huile de tournesol, OEUFS, LAIT en poudre écrémé, LAIT entier pasteurisé, sel, poudres à lever (carbonate acide de sodium, tartrate monopotassique, carbonate acide d'ammonium), amidon de BLÉ, arôme. Fourrage aux NOISETTES et au cacao 28%*: sucre, graisses et huiles végétales (karité, tournesol), NOISETTES 7,1%*, cacao 2,6%*, LAIT en poudre écrémé, amidon de BLÉ, arôme. *% exprimé sur le produit fini. Peut contenir des traces d'autres FRUITS A COQUE, MOUTARDE et SOJA.",off_reference_label_limitation,False,
300_heldout_manual_eval,3760091722508,Chocolat noir 85% Madagascar,wheat_gluten,fr,"Pâte de cacao de Madagascar 75%, sucre de canne, beurre de cacao 10%",off_reference_label_limitation,False,
300_heldout_manual_eval,3760091722508,Chocolat noir 85% Madagascar,milk,fr,"Pâte de cacao de Madagascar 75%, sucre de canne, beurre de cacao 10%",off_reference_label_limitation,False,
300_heldout_manual_eval,3760091722508,Chocolat noir 85% Madagascar,sesame,fr,"Pâte de cacao de Madagascar 75%, sucre de canne, beurre de cacao 10%",off_reference_label_limitation,False,
300_heldout_manual_eval,3760091722508,Chocolat noir 85% Madagascar,tree_nut,fr,"Pâte de cacao de Madagascar 75%, sucre de canne, beurre de cacao 10%",off_reference_label_limitation,False,
300_heldout_manual_eval,3497917002451,La Chips de Sarrasin au Sel de Guérande,wheat_gluten,fr,"Farine de sarrasin (France) (60,9%), huile de tournesol (38%), sel de Guérande (1,1%).",off_reference_label_limitation,False,
300_heldout_manual_eval,3497917002451,La Chips de Sarrasin au Sel de Guérande,egg,fr,"Farine de sarrasin (France) (60,9%), huile de tournesol (38%), sel de Guérande (1,1%).",off_reference_label_limitation,False,
300_heldout_manual_eval,3497917002451,La Chips de Sarrasin au Sel de Guérande,milk,fr,"Farine de sarrasin (France) (60,9%), huile de tournesol (38%), sel de Guérande (1,1%).",off_reference_label_limitation,False,
300_heldout_manual_eval,3175681851856,Biscuit raisins,milk,fr,"Farine de blé 60,4%, huile de colza, sucre non raffiné, pâte de raisins 6,9%, germe de blé 5,1%, amidon de blé, raisins secs 2,8%, fibres de blé, magnésium, émulsifiant lécithines, poudres à lever (tartrates de potassium, carbonates de sodium), arôme naturel, vitamines (B1, B6, B9, D, E).",off_reference_label_limitation,False,
300_heldout_manual_eval,3175681851856,Biscuit raisins,sesame,fr,"Farine de blé 60,4%, huile de colza, sucre non raffiné, pâte de raisins 6,9%, germe de blé 5,1%, amidon de blé, raisins secs 2,8%, fibres de blé, magnésium, émulsifiant lécithines, poudres à lever (tartrates de potassium, carbonates de sodium), arôme naturel, vitamines (B1, B6, B9, D, E).",off_reference_label_limitation,False,
300_heldout_manual_eval,3175681851856,Biscuit raisins,tree_nut,fr,"Farine de blé 60,4%, huile de colza, sucre non raffiné, pâte de raisins 6,9%, germe de blé 5,1%, amidon de blé, raisins secs 2,8%, fibres de blé, magnésium, émulsifiant lécithines, poudres à lever (tartrates de potassium, carbonates de sodium), arôme naturel, vitamines (B1, B6, B9, D, E).",off_reference_label_limitation,False,
300_heldout_manual_eval,3175681851856,Biscuit raisins,soy,fr,"Farine de blé 60,4%, huile de colza, sucre non raffiné, pâte de raisins 6,9%, germe de blé 5,1%, amidon de blé, raisins secs 2,8%, fibres de blé, magnésium, émulsifiant lécithines, poudres à lever (tartrates de potassium, carbonates de sodium), arôme naturel, vitamines (B1, B6, B9, D, E).",off_reference_label_limitation,False,
300_heldout_manual_eval,3229820116716,Muesli aux fruits,milk,fr,"Flocons d'avoine complète, flocons de seigle, flocons d'orge, flocons d'épeautre (blé), raisins 7% (raisins, huile de tournesol), flocons de blé, dattes 4% (dattes, farine de riz), pommes 3,5%, lamelles de bananes 3,5% (bananes, sucre de canne brut, huile de coco), copeaux de noix de coco 1.5%.",off_reference_label_limitation,False,
300_heldout_manual_eval,3229820116716,Muesli aux fruits,sesame,fr,"Flocons d'avoine complète, flocons de seigle, flocons d'orge, flocons d'épeautre (blé), raisins 7% (raisins, huile de tournesol), flocons de blé, dattes 4% (dattes, farine de riz), pommes 3,5%, lamelles de bananes 3,5% (bananes, sucre de canne brut, huile de coco), copeaux de noix de coco 1.5%.",off_reference_label_limitation,False,
300_heldout_manual_eval,3229820116716,Muesli aux fruits,tree_nut,fr,"Flocons d'avoine complète, flocons de seigle, flocons d'orge, flocons d'épeautre (blé), raisins 7% (raisins, huile de tournesol), flocons de blé, dattes 4% (dattes, farine de riz), pommes 3,5%, lamelles de bananes 3,5% (bananes, sucre de canne brut, huile de coco), copeaux de noix de coco 1.5%.",off_reference_label_limitation,False,
300_heldout_manual_eval,3229820116716,Muesli aux fruits,soy,fr,"Flocons d'avoine complète, flocons de seigle, flocons d'orge, flocons d'épeautre (blé), raisins 7% (raisins, huile de tournesol), flocons de blé, dattes 4% (dattes, farine de riz), pommes 3,5%, lamelles de bananes 3,5% (bananes, sucre de canne brut, huile de coco), copeaux de noix de coco 1.5%.",off_reference_label_limitation,False,
300_heldout_manual_eval,3229820787985,Crème de coco légère,wheat_gluten,fr,"Noix de coco* 55%, eau, maltodextrine de maïs*, épaississant: gomme guar*. *Ingrédients biologiques,",off_reference_label_limitation,False,
300_heldout_manual_eval,3229820787985,Crème de coco légère,tree_nut,fr,"Noix de coco* 55%, eau, maltodextrine de maïs*, épaississant: gomme guar*. *Ingrédients biologiques,",off_reference_label_limitation,False,
300_heldout_manual_eval,3229820787985,Crème de coco légère,soy,fr,"Noix de coco* 55%, eau, maltodextrine de maïs*, épaississant: gomme guar*. *Ingrédients biologiques,",off_reference_label_limitation,False,
300_heldout_manual_eval,8434165466333,Krit krititas galletas saladas,egg,es,"Harina de _trigo_, aceite de girasol alto oleico (26%), azúcar, jarabe de glucosa y fructosa, extracto de malta de _cebada_, sal, gasificantes (carbonatos de amonio, carbonatos sodio), corrector de acidez (fosfatos de calcio), sal mineral de potasio, levadura, agente de tratamiento de la harina (_metabisulfito_ sódico). Puede contener _sésamo, leche, mostaza, soja,huevo._",ontology_dictionary_gap,False,
300_heldout_manual_eval,8434165466333,Krit krititas galletas saladas,sesame,es,"Harina de _trigo_, aceite de girasol alto oleico (26%), azúcar, jarabe de glucosa y fructosa, extracto de malta de _cebada_, sal, gasificantes (carbonatos de amonio, carbonatos sodio), corrector de acidez (fosfatos de calcio), sal mineral de potasio, levadura, agente de tratamiento de la harina (_metabisulfito_ sódico). Puede contener _sésamo, leche, mostaza, soja,huevo._",ontology_dictionary_gap,False,
300_heldout_manual_eval,5449000147417,Cappy PULPY,wheat_gluten,fr,"D 1Le BG: Негазирана напитка със сок от портокал от концентрат, с пулп от портокал, с добавен витамин С. Със захари и подсладители. Плодово съдържание 7%. Пастьоризирана. Съставки: вода, фруктозо-глюкозен сироп, пулп от портокал (4%), сок от портокал от концентрат (3%), киселина (лимонена киселина), витамин С (L-аскорбинова киселина), регулатор на киселинност (натриеви цитрати), ароматизанти, стабилизатори (акациева гума, глицеролови естери на дървесни смоли, алфа-токоферол), подсладители (цикламати, стевиолови гликозиди от стевия, ацесулфам К), оцветител (каротини). MD: Băuturà răcoritoare necarbogazoasă cu suc de portocale din concentrat (3%) si pulpă de portocale (4%), cu zaharuri si indulcitori. Produs pasteurizat. Ingrediente: apã, sirop de glucozã-fructozã, pulpã de portocale (4%), suc de portocale din concentrat (3%), acidifiant (acid citric), vitamina C (acid L-ascorbic), corector de aciditate (citrati de sodiu), arome, stabilizatori (guma de acacia, esteri glicerici ai rasinilor din lemn, alfa-tocoferol), indulcitori (ciclamati, glicozide steviolice din stevia, acesulfam-K), colorant (caroteni).",off_reference_label_limitation,False,
300_heldout_manual_eval,6111099000582,Lio huile de table,soy,ar,"lio Huile de table A ingredients: Huiles vegetales (Soja), Vitamine A, Vitamine 9 Valeurs nutritionnelles 1999 Veleur Energétique (Koa) 999 100 Acides gras saturés (g) 14 Acides gras monoinsaturés (g) 24 Acides gras polyinsaturés (g) 62 0 Glucide 0 3099 Vitamine 03 (1) 300 Lio Produit: HSB التنقية في : رقم Raffinée à : Agadi MAHGO 26.522.19 ليو منتوج التوضيب في : Conditionnée : MAHCO 25.84 19 2 Litres القيمة الغذائية FEE R",off_reference_label_limitation,False,
300_heldout_manual_eval,6111032001010,DANONE ASSIL BANANE,tree_nut,fr,"يوغورت عاقد - ا سکر. قشدة، زبدة، نكهة، خمائر حليبية لليوغورت. م. د: %1.80 مصنوع ف خط قد يمكن أن يحتوي على الكلوتين و الفستوه رقم الاعتماد الصحي 0NSSA ؛ 2.1,13 LPL الوزن الصافي : 10 لمكونات حليب بدون قشدة، مسحوق الحليب بدون قشدة تصنوع خط قد 4e ستطرال - دانون - طريق قنيطردره تارية الإفتاج - تاريخ ادتهاء انعز وع 6با علي لا عو ر ek TT10322 OO TO",off_reference_label_limitation,False,
300_heldout_manual_eval,20022464,Extra Dark 74% Cocoa,wheat_gluten,en,"cocoa mass, sugar, cocoa butter, fat reduced cocoa powder, emulsifier: lecithins (soya), natural vanilla flavouring, dark chocolate contains: cocoa solids 74% minimum,",off_reference_label_limitation,False,
300_heldout_manual_eval,8410076601131,Crunchy avoine et miel,wheat_gluten,fr,"Avoine complète (60%), sucre, huiles végétales, miel (3%), sel de cuisine (0,8%), mélasse (0,8%), lécithines, bicarbonate de sodium.",off_reference_label_limitation,False,
300_heldout_manual_eval,8410076601131,Crunchy avoine et miel,tree_nut,fr,"Avoine complète (60%), sucre, huiles végétales, miel (3%), sel de cuisine (0,8%), mélasse (0,8%), lécithines, bicarbonate de sodium.",off_reference_label_limitation,False,
300_heldout_manual_eval,8410076601131,Crunchy avoine et miel,peanut,fr,"Avoine complète (60%), sucre, huiles végétales, miel (3%), sel de cuisine (0,8%), mélasse (0,8%), lécithines, bicarbonate de sodium.",off_reference_label_limitation,False,
300_heldout_manual_eval,8410076601131,Crunchy avoine et miel,soy,fr,"Avoine complète (60%), sucre, huiles végétales, miel (3%), sel de cuisine (0,8%), mélasse (0,8%), lécithines, bicarbonate de sodium.",off_reference_label_limitation,False,
300_heldout_manual_eval,6111021013208,Confiture De Fraises Aicha,tree_nut,fr,"Fraises, sucre, pectine de fruits, acidifiant : acide citrique",off_reference_label_limitation,False,
300_heldout_manual_eval,20150907,Cranberries,tree_nut,de,"66% Cranberries, 33,5 % Zucker, Sonnenblumenöl. Kann Spuren von Schalenfrüchten und Erdnüssen enthalten.",ontology_dictionary_gap,False,
300_heldout_manual_eval,20150907,Cranberries,peanut,de,"66% Cranberries, 33,5 % Zucker, Sonnenblumenöl. Kann Spuren von Schalenfrüchten und Erdnüssen enthalten.",ontology_dictionary_gap,False,
300_heldout_manual_eval,5010477348517,Country Crisp 4 Baies,wheat_gluten,fr,"Céréales complètes (54%) (flocons d’avoine, farine d’avoine), sucre, flocons d’orge, huile végétale (huile de colza et de tournesol en proportions variables), farine de riz, baies lyophilisées (2,5%) (groseilles entières, cassis entiers, myrtilles entières, cranberries en tranches), noix de coco séchée, arôme naturel.",off_reference_label_limitation,False,
300_heldout_manual_eval,5010477348517,Country Crisp 4 Baies,tree_nut,fr,"Céréales complètes (54%) (flocons d’avoine, farine d’avoine), sucre, flocons d’orge, huile végétale (huile de colza et de tournesol en proportions variables), farine de riz, baies lyophilisées (2,5%) (groseilles entières, cassis entiers, myrtilles entières, cranberries en tranches), noix de coco séchée, arôme naturel.",off_reference_label_limitation,False,
300_heldout_manual_eval,7622210724519,Chocolat noir Bio 70%,milk,fr,"Pâte de cacao, sucre de canne, beurre de cacao, extrait de vanille.",off_reference_label_limitation,False,
300_heldout_manual_eval,7622210724519,Chocolat noir Bio 70%,tree_nut,fr,"Pâte de cacao, sucre de canne, beurre de cacao, extrait de vanille.",off_reference_label_limitation,False,
300_heldout_manual_eval,8008698011065,MAESTRO VITAL - Pain aux graines tranché,soy,en,"maize starch, sourdough 20% (rice flour, water), water, rice flour, sunflower seeds 6.6%, flax seeds 6.6%, vegetable fiber (psyllium), quinoa flour 2.9%, apple extract, sorghum flour 2.6%, yeast, sunflower oil, thickener: hydroxypropyl methylcellulose, chestnut flour 1.0%, iodized salt (salt, potassium iodide), natural flavor",off_reference_label_limitation,False,
300_heldout_manual_eval,6111032001003,Assil vanille,milk,fr,"ليوغور م.د,%2. مصنوع إخط قد يمكن أن يحتوي على الگلوتين، الجوز والبندق. 2.",off_reference_label_limitation,False,
300_heldout_manual_eval,3175681257566,Gerble Buscuit Citron Gingembre,egg,fr,"farine complète de blé* 55,4%, farine de blé* semi-complète 19,4%, sucre de canne*, huile de tournesol oléique*, acide citrique, carbonates de sodium, huile essentielle de citron*, gingembre* en poudre.",off_reference_label_limitation,False,
300_heldout_manual_eval,3175681257566,Gerble Buscuit Citron Gingembre,soy,fr,"farine complète de blé* 55,4%, farine de blé* semi-complète 19,4%, sucre de canne*, huile de tournesol oléique*, acide citrique, carbonates de sodium, huile essentielle de citron*, gingembre* en poudre.",off_reference_label_limitation,False,
300_heldout_manual_eval,3175681257566,Gerble Buscuit Citron Gingembre,milk,fr,"farine complète de blé* 55,4%, farine de blé* semi-complète 19,4%, sucre de canne*, huile de tournesol oléique*, acide citrique, carbonates de sodium, huile essentielle de citron*, gingembre* en poudre.",off_reference_label_limitation,False,
300_heldout_manual_eval,3175681257566,Gerble Buscuit Citron Gingembre,sesame,fr,"farine complète de blé* 55,4%, farine de blé* semi-complète 19,4%, sucre de canne*, huile de tournesol oléique*, acide citrique, carbonates de sodium, huile essentielle de citron*, gingembre* en poudre.",off_reference_label_limitation,False,
300_heldout_manual_eval,3175681257566,Gerble Buscuit Citron Gingembre,tree_nut,fr,"farine complète de blé* 55,4%, farine de blé* semi-complète 19,4%, sucre de canne*, huile de tournesol oléique*, acide citrique, carbonates de sodium, huile essentielle de citron*, gingembre* en poudre.",off_reference_label_limitation,False,
300_heldout_manual_eval,4056489346357,"Boisson à l'amande, sans sucres",tree_nut,en,"water, 2,3% almonds', maltodextrins', sea salt, stabilizers: carob seed flour, gellanic gum, emulsifier: sunflower lecithin', natural aroma, 'from organic farming",off_reference_label_limitation,False,
300_heldout_manual_eval,3229820784946,Amande chocolat,tree_nut,fr,"Lait d'amandes* (eau, amandes* 2,2%), Sucre de canne*, Amidon de riz*, Cacao* dégraissé en poudre, Chocolat* 1% (sucre de canne*, pâte de cacao*, beurre de cacao*, extrait de vanille*), Stabilisants: gomme guar*, gomme xanthane, Sel marin. 

*Ingrédients biologiques.",off_reference_label_limitation,False,
300_heldout_manual_eval,3664346305990,Grand Arôme 32% de Cacao,milk,fr,"Sucre, cacao maigre en poudre 32% minimum (11% de beurre de cacao), arôme.",off_reference_label_limitation,False,
300_heldout_manual_eval,3229820787015,Amande sans sucres,tree_nut,fr,"Lait d'amandes (eau, amandes 2,8%), amidon de riz, arôme naturel d'amande, sel marin, stabilisants (gomme guar, gomme xanthane).",off_reference_label_limitation,False,
300_heldout_manual_eval,3272770096942,Le goût primeur - Ligne & plaisir,milk,fr,"Lait et crème pasteurisés (Origine : France), protéines du lait, sel,",off_reference_label_limitation,False,
300_heldout_manual_eval,3272770096942,Le goût primeur - Ligne & plaisir,tree_nut,fr,"Lait et crème pasteurisés (Origine : France), protéines du lait, sel,",off_reference_label_limitation,False,
300_heldout_manual_eval,3664346315371,Grand Arôme moins de sucres,milk,en,"Sugar, fat-reduced cocoa powder (11 % cocoa butter) 47%, natural flavouring.",off_reference_label_limitation,False,
300_heldout_manual_eval,5411188110835,"Alpro Mandeldrink, Original 1L",tree_nut,de,"Wasser, MANDELN (2,3%), Zucker, Calcium (Tricalciumphosphat), Meersalz, Stabilisatoren (Johannisbrotkernmehl, Gellan), Emulgator (Lecithine), natürliches Aroma, Vitamine (B2, B12, E, D2). Mandeln aus Spanien. Kann Spuren von Schalenfrüchten (keine Erdnüsse) enthalten.",ontology_dictionary_gap,False,
300_heldout_manual_eval,6111242102781,Tendre nature,milk,fr,"Lait frais, crème, sucre, poudre de lait écrémé, ferments lactiques,",off_reference_label_limitation,False,
