code,product_name,ingredients_text,ingredients_tags,allergens_tags,traces_tags,lang
6111246721261,Fromage Blanc Nature,"Lait de vache pasteurisé, Protéines de lait de vache, Crème de lait de vache, Ferment lactique, Amidon, Epaississant, Sorbate de potassium","['en:cow-s-milk', 'en:dairy', 'en:milk', 'fr:Protéines de lait de vache', 'fr:Crème de lait de vache', 'en:lactic-ferments', 'en:ferment', 'en:microbial-culture', 'en:starch', 'en:thickener', 'en:e202']",['en:milk'],['en:milk'],fr
6111035000430,Sidi Ali,OBD1 999 999 1112606 266963207 mb,['es:OBD1 999 999 1112606 266963207 mb'],[],[],es
6111242100992,Perly,"milk cream, cream, sugar, banana, bacteria","['en:cream', 'en:dairy', 'en:sugar', 'en:added-sugar', 'en:disaccharide', 'en:banana', 'en:fruit', 'en:bacteria']","['en:banana', 'en:milk']",[],en
6111035000058,Eau minérale naturelle,100% mineral water,"['en:mineral-water', 'en:water']",[],[],en
6111035002175,Sidi Ali,"Sodium, Calcium, Magnésium, Potassium, Bicarbonates, Sulfates, Chlorures,","['en:sodium', 'en:minerals', 'en:calcium', 'en:magnesium', 'en:potassium', 'fr:Bicarbonates', 'en:sulfates', 'fr:Chlorures']",[],[],fr
6111266962187,Lait de la ferme jaouda,Lait frais pasteurisé demi écrémé à 15g/l de matière grasse,"['en:milk', 'en:dairy', 'en:fat', 'en:oil-and-fat']",['en:milk'],[],fr
6111242106949,Jben,"lait frais entier, crème, stabilisants, amidon, carraghénane, sel, ferments lactiques
matière grasse 21%","['en:milk', 'en:dairy', 'en:cream', 'en:stabiliser', 'en:starch', 'en:e407', 'en:salt', 'fr:ferments lactiques matière grasse']",['en:milk'],[],fr
3274080005003,isabelle,Eau de source,"['en:spring-water', 'en:water']",['en:none'],['en:none'],fr
7622210449283,Prince,"Céréale 50 % (Farine de blé 34,8 %, farine de blé complet 15,2 %), sucre, huiles végétales (palme, colza), cacao maigre en poudre 4,5 %, sirop de glucose, amidon de blé, poudres à lever (carbonates d'ammonium, carbonates de sodium), émulsifiant (lécithines de soja), sel, lait écrémé en poudre, perméat de lactosérum (de lait), arômes. Peut contenir œuf.","['en:cereal', 'en:sugar', 'en:added-sugar', 'en:disaccharide', 'en:vegetable-oil', 'en:oil-and-fat', 'en:vegetable-oil-and-fat', 'en:fat-reduced-cocoa-powder', 'en:plant', 'en:cocoa', 'en:cocoa-powder', 'en:fat-reduced-cocoa', 'en:glucose-syrup', 'en:monosaccharide', 'en:glucose', 'en:wheat-starch', 'en:starch', 'en:e503', 'en:e500', 'en:soya-lecithin', 'en:e322', 'en:e322i', 'en:salt', 'en:skimmed-milk-powder', 'en:dairy', 'en:milk-powder', 'en:whey-permeate', 'en:whey', 'en:flavouring', 'en:wheat-flour', 'en:flour', 'en:wheat', 'en:cereal-flour', 'en:whole-wheat-flour', 'en:wholemeal-flour', 'en:palm-oil', 'en:palm-oil-and-fat', 'en:colza-oil', 'en:rapeseed-oil']","['en:eggs', 'en:gluten', 'en:milk', 'en:soybeans']",['en:eggs'],fr
6111242101180,uht jaouda 1L,Lait entier,"['en:whole-milk', 'en:dairy', 'en:milk']",['en:milk'],['en:nuts'],fr
6111128000071,Ain Saïss,Eau minérale naturelle,"['en:natural-mineral-water', 'en:water', 'en:mineral-water']",[],[],fr
6111252421568,اكوافينا,ouverture et avant le : Voir bouteille. après مياه مصفاة بتقنية اكوافينا هايدرو - 7 Eau purifiée par la technique Aquafina HydRO-7,"['fr:ouverture et avant le', 'fr:7 Eau purifiée par la technique Aquafina HydRO-7', 'fr:Voir bouteille', 'fr:après مياه مصفاة بتقنية اكوافينا هايدرو']",[],[],ar
6111242100985,,"lait ecremé, créme, ferments lactiques. Matière grasse: 6% Poids net:90g","['en:skimmed-milk', 'en:dairy', 'en:milk', 'en:cream', 'en:lactic-ferments', 'en:ferment', 'en:microbial-culture', 'en:fat', 'en:oil-and-fat', 'fr:Poids net']","['en:milk', 'ar:créme', 'ar:ferments lactiques', 'ar:lait ecremé']",[],ar
6111035000027,6111035000027,"Composition minérale en mg/
Résidu sec à 110°C: 186
12 t S Sodium 26 tCalciumMagnésium9 tiiSulfates 42 i3 t H Chiorures 14Potassium
Bicarbonates 104 i Nitrates","['fr:composition-minerale-en-mg', 'fr:residu-sec-a-110-c', 'fr:186-12-t-s-sodium-26-tcalciummagnesium9-tiisulfates-42-i3-t-h-chiorures-14potassium-bicarbonates-104-i-nitrates']",[],['en:agua'],fr
3760049790214,Pain De Mie Bio,"wheat flour* 44%, water, whole wheat flour* 13%, brown cane sugar*, yeast, rapeseed oil*, apple cider vinegar*, wheat bran*, salt, wheat gluten*, ascorbic acid, possible traces of soy","['en:wheat-flour', 'en:cereal', 'en:flour', 'en:wheat', 'en:cereal-flour', 'en:water', 'en:whole-wheat-flour', 'en:wholemeal-flour', 'en:brown-cane-sugar', 'en:added-sugar', 'en:disaccharide', 'en:sugar', 'en:cane-sugar', 'en:brown-sugar', 'en:yeast', 'en:rapeseed-oil', 'en:oil-and-fat', 'en:vegetable-oil-and-fat', 'en:cider-vinegar', 'en:vinegar', 'en:wheat-bran', 'en:salt', 'en:wheat-gluten', 'en:gluten', 'en:e300']",['en:gluten'],['en:soybeans'],en
6111246721278,Cream cheese,"Lait de Vache pasteurisé, Crème fraiche pasteurisée
ferments lactiques, Présure,Sel.","['en:cow-s-milk', 'en:dairy', 'en:milk', 'fr:creme-fraiche-pasteurisee-ferments-lactiques', 'en:rennet', 'en:enzyme', 'en:coagulating-enzyme', 'en:salt']",['en:milk'],[],fr
6111035502828,Eau minéral naturelle,Aïn Atlas EAU MINERALE NATURELLE $5 VOTRE CAFÉ POUR ACCOMPAGNER An Atlas,['fr:Aïn Atlas EAU MINERALE NATURELLE $5 VOTRE CAFÉ POUR ACCOMPAGNER An Atlas'],[],[],fr
3046920029759,Excellence Noir Prodigieux 90% Cacao,"Pâte de cacao, beurre de cacao, cacao maigre, sucre, vanille.","['en:cocoa-paste', 'en:plant', 'en:cocoa', 'en:cocoa-butter', 'en:oil-and-fat', 'en:vegetable-oil-and-fat', 'en:vegetable-fat', 'en:fat-reduced-cocoa', 'en:sugar', 'en:added-sugar', 'en:disaccharide', 'en:vanilla']",[],['en:nuts'],fr
5449000054227,Coca-Cola Original Taste,"Water, fructose - glucose syrup, carbon dioxide, colorant: e150d, acid: phosphoric acid, natural flavorings (including caffeine).","['en:water', 'en:glucose-fructose-syrup', 'en:added-sugar', 'en:monosaccharide', 'en:fructose', 'en:glucose', 'en:e290', 'en:e150d', 'en:e338', 'en:natural-flavouring', 'en:flavouring', 'en:caffeine']",[],[],en
6111032009665,,حليب نصف دسم، 15 غ/ل من المواد الدسمة,"['ar:حليب نصف دسم', 'ar:15 غ', 'ar:ل من المواد الدسمة']",['en:milk'],[],en
3329770077003,Skyr nature 0%,Lait écrémé - Lait concentré écrémé - Ferments lactiques.,"['en:skimmed-milk', 'en:dairy', 'en:milk', 'en:lactic-ferments', 'en:ferment', 'en:microbial-culture']",['en:milk'],['en:none'],fr
6111242100206,Le nature,"lait frais entier, poudre de lait écrémé, amidon, ferment lactique sélectionné","['en:milk', 'en:dairy', 'en:skimmed-milk-powder', 'en:milk-powder', 'en:starch', 'en:selected-lactic-ferments', 'en:ferment', 'en:microbial-culture', 'en:lactic-ferments']",['en:milk'],['en:milk'],fr
6111252421582,اكوافينا,Aqua,['en:water'],[],[],ar
3760049798609,Pain de mie grandes tranches Seigle & Graines 500g,"Farine de BLÉ* 41 % , eau, graines de lin brun 6,1 %, graines de lin jaune 6,1 %, graines de tournesol décortiquées 6 %, farine de SEIGLE 5,1 %, gluten de BLÉ, farine d'ORGE maltée torréfiée, levure, extrait de malt d'ORGE, sel, vinaigre, arôme naturel (contient alcool), conservateur : propionate de calcium, jus d'acérola déshydraté. Traces éventuelles de graines de sésame, soja, moutarde et fruits à coque. * Ingrédient issu du commerce équitable français.","['en:wheat-flour', 'en:cereal', 'en:flour', 'en:wheat', 'en:cereal-flour', 'en:water', 'en:brown-flax-seeds', 'en:seed', 'en:flax', 'en:flax-seed', 'en:golden-flax-seeds', 'en:sunflower-seed', 'en:rye-flour', 'en:wheat-gluten', 'en:gluten', 'fr:farine-d-orge-malte-toaste', 'en:barley', 'en:barley-flour', 'en:yeast', 'en:barley-malt-extract', 'en:malt', 'en:malted-barley', 'en:salt', 'en:vinegar', 'en:natural-flavouring', 'en:flavouring', 'en:e282', 'en:acerola', 'en:fruit', 'fr:français']",['en:gluten'],"['en:eggs', 'en:milk', 'en:mustard', 'en:nuts', 'en:sesame-seeds', 'en:soybeans']",fr
3168930010265,cruesly mélange de noix,"_avoine_ complète (32%), _blé_ complet (18%), sirop de glucose, huile de tournesol, sucre, _amandes_ grillées (4,2%), _noisettes_ (4%), oligofructose, _noix de Pécan_ (1,5%), farine de _blé_, farine de riz, _noix du Brésil_ (1%), miel, arômes naturels, antioxydant (tocophérol).","['en:wholemeal-oat', 'en:cereal', 'en:oat', 'en:whole-wheat', 'en:wheat', 'en:glucose-syrup', 'en:added-sugar', 'en:monosaccharide', 'en:glucose', 'en:sunflower-oil', 'en:oil-and-fat', 'en:vegetable-oil-and-fat', 'en:vegetable-oil', 'en:sugar', 'en:disaccharide', 'en:roasted-almonds', 'en:nut', 'en:tree-nut', 'en:almond', 'en:hazelnut', 'en:oligofructose', 'en:pecan-nut', 'en:wheat-flour', 'en:flour', 'en:cereal-flour', 'en:rice-flour', 'en:rice', 'en:brazil-nut', 'en:honey', 'en:natural-flavouring', 'en:flavouring', 'en:vitamin-e', 'en:vitamins']","['en:gluten', 'en:nuts', 'fr:avoine']","['en:milk', 'en:sesame-seeds', 'en:soybeans']",fr
06175700,Tartines craquantes au sarrasin imp,Farine de sarrasin.,"['en:buckwheat-flour', 'en:cereal', 'en:flour', 'en:buckwheat']",['en:none'],['en:none'],fr
3175680011480,Sésame,"Farine de blé 57%, sucre de canne roux, huile de colza, sésame toasté 10,6%, germe de blé 5,4%, farine complète de blé 5,4%, arôme naturel, magnésium, émulsifiant : lécithines, poudres à lever (tartrates de potassium, carbonates de sodium, carbonates d'ammonium), sel de mer, amidon de blé, vitamines (E, PP, B6, B1, B9).

Fabriqué dans un atelier qui utilise des fruits à coque, du lait, du lupin, de la moutarde, des oeufs et du soja","['en:wheat-flour', 'en:cereal', 'en:flour', 'en:wheat', 'en:cereal-flour', 'en:unrefined-cane-sugar', 'en:added-sugar', 'en:disaccharide', 'en:sugar', 'en:cane-sugar', 'en:unrefined-sugar', 'en:colza-oil', 'en:oil-and-fat', 'en:vegetable-oil-and-fat', 'en:rapeseed-oil', 'en:sesame', 'en:seed', 'en:wheat-germ', 'en:whole-wheat-flour', 'en:wholemeal-flour', 'en:natural-flavouring', 'en:flavouring', 'en:magnesium', 'en:minerals', 'en:e322', 'en:e336', 'en:e500', 'en:e503', 'en:sea-salt', 'en:salt', 'en:wheat-starch', 'en:starch', 'en:vitamins', 'en:vitamin-e', 'en:e375', 'en:vitamin-b6', 'en:thiamin', 'en:folic-acid', 'en:folate']","['en:gluten', 'en:sesame-seeds']","['en:eggs', 'en:lupin', 'en:milk', 'en:mustard', 'en:nuts', 'en:soybeans']",fr
3046920022651,Noir Intense,"Pâte de cacao, sucre, beurre de cacao, vanille.

Peut contenir des fruits à coque, du lait, du soja et des graines de sésame.","['en:cocoa-paste', 'en:plant', 'en:cocoa', 'en:sugar', 'en:added-sugar', 'en:disaccharide', 'en:cocoa-butter', 'en:oil-and-fat', 'en:vegetable-oil-and-fat', 'en:vegetable-fat', 'en:vanilla']",[],"['en:milk', 'en:nuts', 'en:sesame-seeds', 'en:soybeans']",fr
3017620422003,Nutella,"Sucre, huile de palme, NOISETTES 13%, cacao maigre 7,4%, LAIT écrémé en poudre 6,6%, LACTOSERUM en poudre, émulsifiants: lécithines [SOJA), vanilline. Sans gluten.","['en:sugar', 'en:added-sugar', 'en:disaccharide', 'en:palm-oil', 'en:oil-and-fat', 'en:vegetable-oil-and-fat', 'en:palm-oil-and-fat', 'en:hazelnut', 'en:nut', 'en:tree-nut', 'en:fat-reduced-cocoa', 'en:plant', 'en:cocoa', 'en:skimmed-milk-powder', 'en:dairy', 'en:milk-powder', 'en:whey-powder', 'en:whey', 'en:e322', 'en:vanillin', 'en:soya-lecithin', 'en:e322i']","['en:milk', 'en:nuts', 'en:soybeans']",[],fr
3046920022606,Excellence 85% cacao,"Pâte de cacao, cacao maigre, beurre de cacao, cassonade, vanille. Peut contenir du lait, des fruits à coque, du soja et des graines de sésame. 3 046920 022606","['en:cocoa-paste', 'en:plant', 'en:cocoa', 'en:fat-reduced-cocoa', 'en:cocoa-butter', 'en:oil-and-fat', 'en:vegetable-oil-and-fat', 'en:vegetable-fat', 'en:brown-sugar', 'en:added-sugar', 'en:disaccharide', 'en:sugar', 'en:vanilla', 'fr:3 046920 022606']",[],"['en:milk', 'en:nuts', 'en:sesame-seeds', 'en:soybeans']",fr
3760020507350,Pur beurre de cacahuète,CACAHUETES issues de l'agriculture biologique. Peut contenir des traces de FRUITS A COQUE et de graines de SESAME.,"['en:peanut', 'en:nut']",['en:peanuts'],"['en:nuts', 'en:sesame-seeds']",fr
6111203006653,La Hollandaise Cheddar,"حليب خالي من الدسم مشكل، شيدر 25%، زبدة، أملاح مستحلبة (E452، E341، E450)، بروتينات الحليب، ملح، مادة حافظة: سوربات البوتاسيوم، الكالسيوم، فيتامين E,D,A","['ar:حليب خالي من الدسم مشكل', 'ar:شيدر', 'en:butter', 'en:dairy', 'ar:أملاح مستحلبة', 'ar:بروتينات الحليب', 'en:salt', 'ar:مادة حافظة', 'ar:الكالسيوم', 'ar:vitamins', 'ar:vitamin E', 'ar:vitamin D', 'en:vitamin-a', 'en:vitamins', 'en:e452', 'en:e341', 'en:e450', 'ar:سوربات البوتاسيوم']",['en:milk'],[],ar
8052575090254,Rigoni di Asiago - Nocciolata bio,"Sucre*, pâte de noisettes* 18,5%, huile de tournesol*, lait écrémé en poudre*, cacao maigre en poudre* 6,5%, beurre de cacao*, émulsifiant: lécithine de soja*, extrait de vanille*, *Biologique","['en:sugar', 'en:added-sugar', 'en:disaccharide', 'en:hazelnut-paste', 'en:nut', 'en:tree-nut', 'en:hazelnut', 'en:sunflower-oil', 'en:oil-and-fat', 'en:vegetable-oil-and-fat', 'en:vegetable-oil', 'en:skimmed-milk-powder', 'en:dairy', 'en:milk-powder', 'en:fat-reduced-cocoa-powder', 'en:plant', 'en:cocoa', 'en:cocoa-powder', 'en:fat-reduced-cocoa', 'en:cocoa-butter', 'en:vegetable-fat', 'en:soya-lecithin', 'en:e322', 'en:e322i', 'en:vanilla-extract', 'en:extract', 'en:vanilla', 'en:vegetable-extract']","['en:milk', 'en:nuts', 'en:soybeans']",['en:nuts'],fr
3017620425035,Nutella,"Sucre, huile de palme, NOISETTES 13%, LAIT écrémé en poudre 8,7%, cacao maigre 7,4%, émulsifiants: lécithines [SOJA]; vanilline. Sans gluten","['en:sugar', 'en:added-sugar', 'en:disaccharide', 'en:palm-oil', 'en:oil-and-fat', 'en:vegetable-oil-and-fat', 'en:palm-oil-and-fat', 'en:hazelnut', 'en:nut', 'en:tree-nut', 'en:skimmed-milk-powder', 'en:dairy', 'en:milk-powder', 'en:fat-reduced-cocoa', 'en:plant', 'en:cocoa', 'en:e322', 'en:vanillin', 'en:soya-lecithin', 'en:e322i']","['en:milk', 'en:nuts', 'en:soybeans']",[],fr
6111035003035,Oulmes natural carbonated water,Natural carbonated water 100%,['en:Natural carbonated water'],[],[],en
6111031005064,Tonik,"Farine de Blé, Sucre, Huile Végétale Non-Hydrogénée (Palme), Perméat de Lactosérum (De Lait), Cacao Maigre en Poudre, Emulsifiant (E322-Lécithine de Soja), Poudre à Lever (E500ii), Arôme Artificiel (Vanilline), Sel. Contient: Lait, Blé (Gluten), Soja.","['en:wheat-flour', 'en:cereal', 'en:flour', 'en:wheat', 'en:cereal-flour', 'en:sugar', 'en:added-sugar', 'en:disaccharide', 'en:non-hydrogenated-vegetable-oils', 'en:oil-and-fat', 'en:vegetable-oil-and-fat', 'en:vegetable-oil', 'en:whey-permeate', 'en:dairy', 'en:whey', 'en:fat-reduced-cocoa-powder', 'en:plant', 'en:cocoa', 'en:cocoa-powder', 'en:fat-reduced-cocoa', 'fr:e322-Lécithine de Soja', 'en:e500ii', 'en:e500', 'en:artificial-flavouring', 'en:flavouring', 'en:salt', 'en:soya', 'en:palm-oil', 'en:palm-oil-and-fat', 'en:vanillin']","['en:gluten', 'en:milk', 'en:soybeans']",[],fr
3229820100234,Fourrés Chocolat Noir,"Farine de blé* 41%, Chocolat noir* 22% (pâte de cacao*, sucre de canne&quot;, beurre de cacao&quot;), Sucre de canne* roux non raffiné, Farine complète de blé* 16%, Huile de tournesol oléique*, Arôme naturel de vanille, Lait écrémé en poudre, Sel de mer, carbonates d'ammonium, carbonates de sodium, gomme d'acacia*, extraits de romarin* Peut contenir du soja, des œufs, des fruits à coque, des graines de sésame et de la moutarde. *Ingrédients biologiques.","['en:wheat-flour', 'en:cereal', 'en:flour', 'en:wheat', 'en:cereal-flour', 'en:dark-chocolate', 'en:chocolate', 'en:unrefined-cane-sugar', 'en:added-sugar', 'en:disaccharide', 'en:sugar', 'en:cane-sugar', 'en:unrefined-sugar', 'en:whole-wheat-flour', 'en:wholemeal-flour', 'en:high-oleic-sunflower-oil', 'en:oil-and-fat', 'en:vegetable-oil-and-fat', 'en:vegetable-oil', 'en:sunflower-oil', 'en:natural-vanilla-flavouring', 'en:flavouring', 'en:natural-flavouring', 'en:vanilla-flavouring', 'en:skimmed-milk-powder', 'en:dairy', 'en:milk-powder', 'en:sea-salt', 'en:salt', 'en:e503', 'en:e500', 'en:e414', 'en:cocoa-paste', 'en:plant', 'en:cocoa', 'en:cocoa-butter', 'en:vegetable-fat']","['en:gluten', 'en:milk', 'en:soybeans']","['en:eggs', 'en:mustard', 'en:nuts', 'en:sesame-seeds', 'en:soybeans']",fr
3228857002344,Pain de mie american sandwich complet sans sucres ajoutés 600g,"Farine complète de BLÉ 39,3%, eau, farine de BLÉ 26,7%, huile de colza, fibre de chicorée, arôme (contient alcool), sel, vinaigre, farine de SEIGLE maltée, levure, gluten de BLÉ, levure désactivée, extrait d'acérola. Peut contenir des traces d'OEUFS, SOJA, LAIT, FRUITS À COQUE et GRAINES DE SÉSAME.","['en:whole-wheat-flour', 'en:cereal', 'en:flour', 'en:wheat', 'en:cereal-flour', 'en:wholemeal-flour', 'en:wheat-flour', 'en:water', 'en:colza-oil', 'en:oil-and-fat', 'en:vegetable-oil-and-fat', 'en:rapeseed-oil', 'en:chicory-fibre', 'en:vegetable', 'en:fiber', 'en:shoot-vegetable', 'en:vegetable-fiber', 'en:chicory', 'en:flavouring', 'en:salt', 'en:vinegar', 'en:rye-malt-flour', 'en:rye-flour', 'en:yeast', 'en:wheat-gluten', 'en:gluten', 'en:deactivated-yeast', 'en:acerola-juice', 'en:fruit', 'en:juice', 'en:fruit-juice']",['en:gluten'],"['en:eggs', 'en:milk', 'en:nuts', 'en:sesame-seeds', 'en:soybeans']",fr
7311070032611,KRISPROLLS Complets,"Farine de blé complet* (62%), farine de blé*, huile de colza*, huile de colza totalement hydrogénée, malt d'orge, levure, sel.","['en:whole-wheat-flour', 'en:cereal', 'en:flour', 'en:wheat', 'en:cereal-flour', 'en:wholemeal-flour', 'en:wheat-flour', 'en:colza-oil', 'en:oil-and-fat', 'en:vegetable-oil-and-fat', 'en:rapeseed-oil', 'en:malted-barley', 'en:malt', 'en:yeast', 'en:salt']","['en:gluten', 'en:blé complet*', 'en:blé*', ""en:malt d'orge""]",[],en
3284230006408,Brioche Tranchée Bio 400g,"Farine de BLÉ*/** 54%, ŒUFS entiers*/** 14%, sucre de canne roux*, huile de tournesol*/** 8%, levain* (eau, farines de BLÉ*/** 2% et de SEIGLE*, levures), GLUTEN DE BLÉ*, sel, levure, arôme naturel de vanille* (contient alcool*), extrait de vanille*, levure désactivée. Traces éventuelles de lait, moutarde et soja. *Ingrédients issus de l'Agriculture Biologique. **Ingrédients issus du commerce équitable français.","['en:wheat-flour', 'en:cereal', 'en:flour', 'en:wheat', 'en:cereal-flour', 'en:whole-egg', 'en:egg', 'en:unrefined-cane-sugar', 'en:added-sugar', 'en:disaccharide', 'en:sugar', 'en:cane-sugar', 'en:unrefined-sugar', 'en:sunflower-oil', 'en:oil-and-fat', 'en:vegetable-oil-and-fat', 'en:vegetable-oil', 'en:sourdough', 'en:dough', 'en:wheat-gluten', 'en:gluten', 'en:salt', 'en:yeast', 'en:natural-vanilla-flavouring', 'en:flavouring', 'en:natural-flavouring', 'en:vanilla-flavouring', 'en:vanilla-extract', 'en:plant', 'en:extract', 'en:vanilla', 'en:vegetable-extract', 'en:deactivated-yeast', 'fr:français', 'en:water', 'en:rye-sourdough', 'en:rye', 'en:alcohol']","['en:eggs', 'en:gluten']","['en:milk', 'en:mustard', 'en:soybeans']",fr
5449000147417,Cappy PULPY,"D 1Le BG: Негазирана напитка със сок от портокал от концентрат, с пулп от портокал, с добавен витамин С. Със захари и подсладители. Плодово съдържание 7%. Пастьоризирана. Съставки: вода, фруктозо-глюкозен сироп, пулп от портокал (4%), сок от портокал от концентрат (3%), киселина (лимонена киселина), витамин С (L-аскорбинова киселина), регулатор на киселинност (натриеви цитрати), ароматизанти, стабилизатори (акациева гума, глицеролови естери на дървесни смоли, алфа-токоферол), подсладители (цикламати, стевиолови гликозиди от стевия, ацесулфам К), оцветител (каротини). MD: Băuturà răcoritoare necarbogazoasă cu suc de portocale din concentrat (3%) si pulpă de portocale (4%), cu zaharuri si indulcitori. Produs pasteurizat. Ingrediente: apã, sirop de glucozã-fructozã, pulpã de portocale (4%), suc de portocale din concentrat (3%), acidifiant (acid citric), vitamina C (acid L-ascorbic), corector de aciditate (citrati de sodiu), arome, stabilizatori (guma de acacia, esteri glicerici ai rasinilor din lemn, alfa-tocoferol), indulcitori (ciclamati, glicozide steviolice din stevia, acesulfam-K), colorant (caroteni).","['fr:D 1Le BG', 'fr:с пулп от портокал', 'fr:с добавен витамин С', 'fr:Със захари и подсладители', 'fr:Плодово съдържание', 'fr:Пастьоризирана', 'fr:Съставки', 'fr:фруктозо-глюкозен сироп', 'fr:пулп от портокал', 'fr:сок от портокал от концентрат', 'fr:киселина', 'fr:витамин С', 'fr:регулатор на киселинност', 'fr:ароматизанти', 'fr:стабилизатори', 'fr:подсладители', 'fr:оцветител', 'fr:MD', 'fr:cu zaharuri si indulcitori', 'fr:Produs pasteurizat', 'fr:Ingrediente', 'fr:sirop de glucozã-fructozã', 'fr:pulpã de portocale', 'fr:suc de portocale din concentrat', 'fr:acid citric', 'fr:vitamina C', 'fr:corector de aciditate', 'en:flavouring', 'fr:stabilizatori', 'fr:indulcitori', 'fr:caroteni', 'fr:Негазирана напитка със сок от портокал от концентрат', 'fr:вода', 'fr:лимонена киселина', 'fr:L-аскорбинова киселина', 'fr:натриеви цитрати', 'fr:акациева гума', 'fr:глицеролови естери на дървесни смоли', 'fr:алфа-токоферол', 'fr:цикламати', 'fr:стевиолови гликозиди от стевия', 'fr:ацесулфам К', 'fr:каротини', 'fr:Băuturà răcoritoare necarbogazoasă cu suc de portocale din concentrat', 'fr:si pulpă de portocale', 'fr:apã', 'fr:acid L-ascorbic', 'fr:citrati de sodiu', 'fr:guma de acacia', 'fr:esteri glicerici ai rasinilor din lemn', 'fr:alfa-tocoferol', 'fr:ciclamati', 'fr:glicozide steviolice din stevia', 'fr:acesulfam-K']",[],['en:gluten'],fr
5411188112709,Geröstete Mandel Ohne Zucker,"Wasser, _Mandeln_ (2,3%), Calcium (Calciumcarbonat), Meersalz, Stabilisatoren (Guarkernmehl, Gellan), Emulgator (Lecithine), natürliches Aroma, Vitamine B12, D2, E.","['en:water', 'en:almond', 'en:nut', 'en:tree-nut', 'en:calcium', 'en:minerals', 'en:sea-salt', 'en:salt', 'en:e412', 'en:e418', 'en:e322', 'en:natural-flavouring', 'en:flavouring', 'en:vitamins', 'en:vitamin-b12', 'en:ergocalciferol', 'en:vitamin-d', 'en:vitamin-e', 'en:e170i', 'en:e170']",['en:nuts'],['de:Schalenfrüchte (keine Erdnüsse)'],de
3168930163480,Alvalle Gazpacho l'original,"Tomate,poivron,concombre,oignon, huile d'olive vierge extra (2,2%),vinaigre de vin,sel,ail,jus de citron,teneur en légumes: 94%","['en:tomato', 'en:vegetable', 'en:fruit-vegetable', 'en:bell-pepper', 'en:capsicum-annuum', 'en:cucumber', 'en:onion', 'en:root-vegetable', 'en:onion-family-vegetable', 'en:extra-virgin-olive-oil', 'en:oil-and-fat', 'en:vegetable-oil-and-fat', 'en:vegetable-oil', 'en:olive-oil', 'en:virgin-olive-oil', 'en:wine-vinegar', 'en:vinegar', 'en:salt', 'en:garlic', 'en:lemon-juice', 'en:fruit', 'en:juice', 'en:fruit-juice']",[],['en:gluten'],fr
6111180000231,levure pâtisserie,"Bicarbonate de sodium, amidon de maïs, pyrophosphate de sodium","['en:e500ii', 'en:e500', 'en:corn-starch', 'en:starch', 'en:e450i', 'en:e450']",[],[],fr
3029330022428,14 Maxi Tranches complet sans sucres ajoutés,"Farine complète de blé (63%), eau, farine de blé (2,2%), huile de colga, Levure, arôme naturel (contient alcool), sel, farine de maïs fermentée, gluten de blé, jus d'acérola en poudre. Contient des sucres naturellement présents. Une recette sans huile de palme pour des pains de mie moelleux. Con vient à un régime végétalien. pour 1 portion %AR* pour (1 tranche ÉTIQUETAGE NUTRITIONNEL 100 g par =39,3g) portion 410 97 f Valeur 1020 kJ énergétique","['en:whole-wheat-flour', 'en:cereal', 'en:flour', 'en:wheat', 'en:cereal-flour', 'en:wholemeal-flour', 'en:wheat-flour', 'en:water', 'fr:huile-de-colga', 'en:yeast', 'en:natural-flavouring', 'en:flavouring', 'en:salt', 'en:corn', 'en:wheat-gluten', 'en:gluten', 'en:acerola', 'en:fruit', 'fr:contient-des-sucres-naturellement-presents', 'fr:une-recette-sans-huile-de-palme-pour-des-pains-de-mie-moelleux', 'fr:con-vient-a', 'fr:pour-1-portion-ar-pour', 'fr:portion-410-97-f-valeur-1020-kj-energetique', 'fr:1-tranche-etiquetage-nutritionnel-100-g-par']",['en:gluten'],"['en:eggs', 'en:milk', 'en:sesame-seeds']",fr
6111259092495,Goldium crémeux,"Fromage blanc, protéine de lait, crème fraîche, lait écrémé, ferment lactique, présure Halal, goût, huile végétale, conservateur","['en:fromage-blanc', 'en:dairy', 'en:cheese', 'en:milk-proteins', 'en:protein', 'en:animal-protein', 'en:fresh-cream', 'en:cream', 'en:skimmed-milk', 'en:milk', 'en:lactic-ferments', 'en:ferment', 'en:microbial-culture', 'en:rennet', 'en:enzyme', 'en:coagulating-enzyme', 'fr:gout', 'en:vegetable-oil', 'en:oil-and-fat', 'en:vegetable-oil-and-fat', 'en:preservative']",['en:milk'],[],fr
42104964,Ciel 33cl,ماء مصفى (معالج ومنضح) وأملاح معدنية (ماغنسيوم),"['ar:ماء مصفى', 'ar:وأملاح معدنية', 'ar:معالج ومنضح', 'ar:ماغنسيوم']",[],['en:nuts'],en
3760049794298,Pain de mie Bio grandes tranches céréales & graines 500g,"Farine de BLE*/** 51%, eau, levain de BLE */** et de SEIGLE * 9,6%, huile de tournesol*/** 4,4%, sucre de canne roux*, levure, graines de tournesol décortiquées* 3,3%, graines de lin brun* 2,7%, flocons de BLE* 2,7%, farine de SEIGLE* 1,6%, graines de millet décortiquées* 1,6%, gluten de BLE*, sel, arôme naturel* (contient alcool*), farine d'ORGE maltée torréfiée* 0,2%. Traces éventuelles de soja, moutarde et graines de sésame. * Ingrédients issus de l'Agriculture Biologique.","['en:wheat-flour', 'en:cereal', 'en:flour', 'en:wheat', 'en:cereal-flour', 'en:water', 'en:wheat-sourdough', 'en:dough', 'en:sourdough', 'en:rye', 'en:sunflower-oil', 'en:oil-and-fat', 'en:vegetable-oil-and-fat', 'en:vegetable-oil', 'en:unrefined-cane-sugar', 'en:added-sugar', 'en:disaccharide', 'en:sugar', 'en:cane-sugar', 'en:unrefined-sugar', 'en:yeast', 'en:sunflower-seed', 'en:seed', 'en:brown-flax-seeds', 'en:flax', 'en:flax-seed', 'en:wheat-flakes', 'en:rye-flour', 'en:millet-seed', 'en:millet', 'en:wheat-gluten', 'en:gluten', 'en:salt', 'en:natural-flavouring', 'en:flavouring', 'fr:farine-d-orge-malte-toaste', 'en:barley', 'en:barley-flour', 'en:alcohol']",['en:gluten'],"['en:eggs', 'en:milk', 'en:mustard', 'en:sesame-seeds', 'en:soybeans']",fr
7300400481595,AUTHENTIQUE,"Farine complète de SEIGLE (77 g*), farine de SEIGLE (28 g*), levure, sel. Peut contenir des traces de LUPIN, LAIT, MOUTARDE, GRAINES DE SÉSAME et SOJA. *en g pour 100 g de produit.","['en:wholemeal-rye-flour', 'en:flour', 'en:cereal-flour', 'en:rye-flour', 'en:wholemeal-flour', 'en:yeast', 'en:salt']",['en:gluten'],"['en:lupin', 'en:milk', 'en:mustard', 'en:sesame-seeds', 'en:soybeans']",fr
6111035001659,Ain Atlas,"Composition Minérale en mg/L 
Résidu Sec à 110°C: 249 en mg/L 
- Sodium 48 
- Calcium 18 
- Magnésium 13 
- Potassium
- Bicarbonates 217 
- Chlorures 12 
- Sulfates 8 
- Nitrates 4","['fr:Composition Minérale en mg', 'fr:L Résidu Sec à 110°C', 'fr:Sodium 48', 'fr:Calcium 18', 'fr:Magnésium 13', 'en:potassium', 'en:minerals', 'fr:Bicarbonates 217', 'fr:Chlorures 12', 'fr:Sulfates 8', 'fr:Nitrates 4', 'fr:249 en mg', 'fr:L']",[],[],fr
7300400481588,Fibres,"Farine complète de SEIGLE 59 g*, son de BLÉ 27 g*, flocons d'AVOINE 12 g*, GRAINES DE SÉSAME 7,0 g*, germe de BLÉ, sel. *en g pour 100 g de produit fini. Peut contenir des traces de LUPIN, LAIT, MOUTARDE et SOJA.","['en:wholemeal-rye-flour', 'en:flour', 'en:cereal-flour', 'en:rye-flour', 'en:wholemeal-flour', 'en:wheat-bran', 'en:cereal', 'en:wheat', 'en:oat-flakes', 'en:oat', 'en:sesame-seeds', 'en:seed', 'en:sesame', 'en:wheat-germ', 'en:salt']","['en:gluten', 'en:sesame-seeds']","['en:lupin', 'en:milk', 'en:mustard', 'en:soybeans']",fr
8052575090230,Nocciolata,"raw sugar, hazelnut paste 18,5%, sunflower oil, skimmed milk powder, low-fat cocoa powder 6,5%, cocoa butter, emulsifier: soy lecithin, vanilla extract","['en:unrefined-sugar', 'en:added-sugar', 'en:disaccharide', 'en:sugar', 'en:hazelnut-paste', 'en:nut', 'en:tree-nut', 'en:hazelnut', 'en:sunflower-oil', 'en:oil-and-fat', 'en:vegetable-oil-and-fat', 'en:vegetable-oil', 'en:skimmed-milk-powder', 'en:dairy', 'en:milk-powder', 'en:fat-reduced-cocoa-powder', 'en:plant', 'en:cocoa', 'en:cocoa-powder', 'en:cocoa-butter', 'en:emulsifier', 'en:vanilla-extract', 'en:extract', 'en:vanilla', 'en:vegetable-extract', 'en:soya-lecithin', 'en:e322', 'en:e322i']","['en:milk', 'en:nuts', 'en:soybeans']",['en:nuts'],en
6111242100817,Le Lait demi écrémé,"جودة حليب طبيعي نصف الدسم معقم يحتوي على 15 ال من المواد الدهنية المكونات حليب نصف الدسم حليب من مزرعة جودة حليب UHT جودة خالص لا يحتوي على مواد حافظة. يتم الإحتفاظ به 6 أشهر خارج الثلاجة لأنه : يخضع لمعالجة حرارية UHT (درجة حرارة جد مرتفعة) و التي تقضي على الكائنات المجهرية. يعبأ في علبة معقمة مكونة من 6 طبقات تحميه من كل تلوث خارجي. Le lait UHT Jaouda ne contient pas de conservateurs. Si le lait UHT se conserve à température ambiante pendagt 6 mois, c'est parce que: - 1l subit un traitement thermique UHT (Ultra Haute Température) qui détruit tous les micro-organismes. - Il est conditionné dans un emballage aseptique de ó couches le protégeant de toute contamination extérieure.","['ar:جودة-حليب-طبيعي-نصف-الدسم-معقم-يحتوي-على-15-ال-من-المواد-الدهنية-المكونات-حليب-نصف-الدسم-حليب-من-مزرعة-جودة-حليب-uht-جودة-خالص-لا-يحتوي-على-مواد-حافظة', 'ar:يتم-الإحتفاظ-به-6-أشهر-خارج-الثلاجة-لأنه', 'ar:c-est-parce-que', 'ar:subit-un-traitement-thermique-uht', 'ar:qui-détruit-tous-les-micro-organismes', 'ar:il-est-conditionné-dans-un-emballage-aseptique-de-ó-couches-le-protégeant-de-toute-contamination-extérieure', 'ar:يخضع-لمعالجة-حرارية-uht', 'ar:و-التي-تقضي-على-الكائنات-المجهرية', 'ar:يعبأ-في-علبة-معقمة-مكونة-من-6-طبقات-تحميه-من-كل-تلوث-خارجي', 'ar:le-lait-uht-jaouda-ne-contient-pas-de-conservateurs', 'ar:si-le-lait-uht-se-conserve-à-température-ambiante-pendagt-6-mois', 'ar:ultra-haute-température', 'ar:درجة-حرارة-جد-مرتفعة']",[],[],en
3327272107969,Menguy's Peanut 100%,Cacahuetes 100%,"['en:peanut', 'en:nut']",['en:peanuts'],"['en:gluten', 'en:nuts', 'en:soybeans']",fr
6111128000460,,eau,['en:water'],[],[],en
3229820160672,Croustillant Chocolat,"Flocons d'avoine complète, Flocons de blé complet, Riz extrudé (farine de riz), Sucre de canne non raffiné, Chocolat noir (pâte de cacao, sucre de canne non raffiné, inuline), Farine de blé, Huile de tournesol, Miel, Stabilisant: gomme d'acacia, Mélasses, Flocons de noix de coco, Sel marin, Cannelle, Antioxydant: extrait riche en tocopherols. 

Peut contenir du lait, des fruits à coque, des graines de sésame et du soja. 

*Ingrédients biologiques.","['en:whole-grain-oat-flakes', 'en:cereal', 'en:oat', 'en:oat-flakes', 'en:wholemeal-oat', 'en:whole-wheat-flakes', 'en:wheat', 'en:whole-wheat', 'en:wheat-flakes', 'en:extruded-rice', 'en:rice', 'en:unrefined-cane-sugar', 'en:added-sugar', 'en:disaccharide', 'en:sugar', 'en:cane-sugar', 'en:unrefined-sugar', 'en:dark-chocolate', 'en:chocolate', 'en:wheat-flour', 'en:flour', 'en:cereal-flour', 'en:sunflower-oil', 'en:oil-and-fat', 'en:vegetable-oil-and-fat', 'en:vegetable-oil', 'en:honey', 'en:e414', 'en:molasses', 'en:coconut-flakes', 'en:fruit', 'en:coconut', 'en:sea-salt', 'en:salt', 'en:cinnamon', 'en:condiment', 'en:spice', 'en:e306', 'en:rice-flour', 'en:cocoa-paste', 'en:plant', 'en:cocoa', 'en:inulin', 'en:fiber', 'en:vegetable-fiber']",['en:gluten'],"['en:milk', 'en:nuts', 'en:sesame-seeds', 'en:soybeans']",fr
8076809513753,PESTO alla GENOVESE,"sunflower oil, fresh basil 30%, cashew nuts, parmigiano reggiano pdo cheese 5%, (milk), maize fibre, whey powder (milk), salt, milk protein, extra virgin olive oil, sugar, basil extract, natural flavourings (milk), acidity regulator: lactic acid, garlic","['en:sunflower-oil', 'en:oil-and-fat', 'en:vegetable-oil-and-fat', 'en:vegetable-oil', 'en:fresh-basil', 'en:herb', 'en:basil', 'en:cashew-nuts', 'en:nut', 'en:tree-nut', 'en:parmigiano-reggiano', 'en:dairy', 'en:cheese', 'en:corn-fiber', 'en:fiber', 'en:vegetable-fiber', 'en:whey-powder', 'en:whey', 'en:salt', 'en:milk-proteins', 'en:protein', 'en:animal-protein', 'en:extra-virgin-olive-oil', 'en:olive-oil', 'en:virgin-olive-oil', 'en:sugar', 'en:added-sugar', 'en:disaccharide', 'en:basil-extract', 'en:natural-flavouring', 'en:flavouring', 'en:e270', 'en:garlic', 'en:vegetable', 'en:root-vegetable', 'en:onion-family-vegetable', 'en:milk']","['en:milk', 'en:nuts']",['en:nuts'],en
6111246722107,Frommage fondu,"Lait de Vache pasteurisé, Crème fraiche pasteurisée, ferments lactiques, Présure, Sel","['en:cow-s-milk', 'en:dairy', 'en:milk', 'en:pasteurized-creme-fraiche', 'en:cream', 'en:lactic-ferments', 'en:ferment', 'en:microbial-culture', 'en:rennet', 'en:enzyme', 'en:coagulating-enzyme', 'en:salt']",['en:milk'],[],fr
3155250358788,Margarine bio doux tartine & cuisson,"Huiles végétales biologiques non hydrogénées 54.5% (colza*, palme*), eau, émulsifiant (lécithine de tournesol biologique*), sel, arôme naturel de noix de coco , jus de citron concentré biologique*","['en:non-hydrogenated-vegetable-oils', 'en:oil-and-fat', 'en:vegetable-oil-and-fat', 'en:vegetable-oil', 'en:water', 'en:sunflower-lecithin', 'en:e322', 'en:e322i', 'en:salt', 'en:natural-coconut-flavouring', 'en:flavouring', 'en:natural-flavouring', 'en:coconut-flavouring', 'en:concentrated-lemon-juice', 'en:fruit', 'en:juice', 'en:fruit-juice', 'en:lemon-juice', 'en:rapeseed', 'en:vegetable', 'en:root-vegetable', 'en:palm', 'en:palm-oil-and-fat', 'en:palm-oil']",[],[],fr
3175681851849,Pomme Noisette,"Farine de blé 68,6%, huile de colza, sirop de sucres issu de fruits, jus de pomme concentré 5,3%, noisettes torréfiées 5,3%, germe de blé 5,2%, fibres de chicorée, extrait de malt d'orge, arôme naturel de pomme, émulsifiant : lécithines, poudres à lever (carbonates de potassium, tartrates de potassium), amidon de blé, vitamines (E, PP, B2, B6, B1, B9).","['en:wheat-flour', 'en:cereal', 'en:flour', 'en:wheat', 'en:cereal-flour', 'en:colza-oil', 'en:oil-and-fat', 'en:vegetable-oil-and-fat', 'en:rapeseed-oil', 'fr:sirop-de-sucres-issus-de-fruits', 'en:added-sugar', 'en:disaccharide', 'en:syrup', 'en:sugar-syrup', 'en:concentrated-apple-juice', 'en:fruit', 'en:juice', 'en:fruit-juice', 'en:apple-juice', 'en:hazelnut', 'en:nut', 'en:tree-nut', 'en:wheat-germ', 'en:chicory-fibre', 'en:vegetable', 'en:fiber', 'en:shoot-vegetable', 'en:vegetable-fiber', 'en:chicory', 'en:barley-malt-extract', 'en:malt', 'en:malted-barley', 'en:natural-apple-flavouring', 'en:flavouring', 'en:natural-flavouring', 'en:emulsifier', 'en:raising-agent', 'en:wheat-starch', 'en:starch', 'en:vitamins', 'en:vitamin-e', 'en:e375', 'en:e101', 'en:vitamin-b6', 'en:thiamin', 'en:folic-acid', 'en:folate', 'en:e322', 'en:e501', 'en:e336']","['en:gluten', 'en:nuts']","['en:lupin', 'en:milk', 'en:nuts', 'en:sesame-seeds', 'en:soybeans']",fr
5449000061515,Ciel,"eau minérale, calcium, magnésium, sodium, potassium, bicarbonates, chlorures, sulfates, nitrates","['en:mineral-water', 'en:water', 'en:calcium', 'en:minerals', 'en:magnesium', 'en:sodium', 'en:potassium', 'fr:bicarbonates', 'fr:chlorures', 'en:sulfates', 'fr:nitrates']",[],[],fr
6111242100305,jaouda Cremy,"Lait frais, sucre, poudre de lait écrémé, texturant : amidon, crème, arôme, ferments lactiques sélectionnés, matière grasse 3%","['en:milk', 'en:dairy', 'en:sugar', 'en:added-sugar', 'en:disaccharide', 'en:skimmed-milk-powder', 'en:milk-powder', 'fr:texturant', 'en:cream', 'en:flavouring', 'en:selected-lactic-ferments', 'en:ferment', 'en:microbial-culture', 'en:lactic-ferments', 'en:fat', 'en:oil-and-fat', 'en:starch']",['en:milk'],[],fr
3251490332080,Figue & son,"Farine complète de blé 26,5%, farine de blé 26,1%, son de blé 20%, huile de colza, sucre non raffiné, pâte de figues 5,1%, arôme naturel de figue, poudres à lever (carbonates de potassium, carbonates de sodium, acide citrique), arôme naturel, émulsifiant: lécithines.","['en:whole-wheat-flour', 'en:cereal', 'en:flour', 'en:wheat', 'en:cereal-flour', 'en:wholemeal-flour', 'en:wheat-flour', 'en:wheat-bran', 'en:colza-oil', 'en:oil-and-fat', 'en:vegetable-oil-and-fat', 'en:rapeseed-oil', 'en:unrefined-sugar', 'en:added-sugar', 'en:disaccharide', 'en:sugar', 'fr:pâte de figues', 'en:natural-fig-flavouring', 'en:flavouring', 'en:natural-flavouring', 'en:e501', 'en:e500', 'en:e330', 'en:e322']",['en:gluten'],"['en:lupin', 'en:milk', 'en:nuts', 'en:sesame-seeds', 'en:soybeans']",fr
3155251205296,Tartine Doux,"Huiles végétales non hydrogénées 54% (de colza&quot; origine France, coco, palme*, palmiste, lin&quot;), eau, émulsifiant (lécithines de tournesol&quot;), sel, arômes naturels, jus de citron concentré, antioxydant (extrait de romarin&quot;), colorant (bêta-carotène), vitamine B1. &quot;Ingrédients d'origine végétale.","['en:non-hydrogenated-vegetable-oils', 'en:oil-and-fat', 'en:vegetable-oil-and-fat', 'en:vegetable-oil', 'en:water', 'en:emulsifier', 'en:salt', 'en:natural-flavouring', 'en:flavouring', 'en:concentrated-lemon-juice', 'en:fruit', 'en:juice', 'en:fruit-juice', 'en:lemon-juice', 'en:antioxidant', 'en:colour', 'en:thiamin', 'en:vitamins', 'fr:""Ingrédients', 'en:sunflower-lecithin', 'en:e322', 'en:e322i', 'en:e392', 'en:beta-carotene-dye', 'en:e160a', 'en:e160ai']",[],[],fr
6111032001003,Assil vanille,"ليوغور م.د,%2. مصنوع إخط قد يمكن أن يحتوي على الگلوتين، الجوز والبندق. 2.","['fr:ليوغور م.د', 'fr:%2', 'fr:مصنوع إخط قد يمكن أن يحتوي على الگلوتين', 'fr:الجوز والبندق', 'fr:2']",[],['en:milk'],fr
6111128000163,Ain Saiss Eau Minerale Naturelle,"Calcium : 63,5
Magnésium : 35,5
Nitratex : 7
Sodium 8
Chlorures : 19,8
Sulfate : 3,8
Bicarbonate : 372
Potassium : 1","['en:calcium', 'en:minerals', 'fr:35-5-nitratex', 'fr:19-8-sulfate', 'fr:372-potassium', 'fr:63-5-magnesium', 'fr:7-sodium-8-chlorures', 'fr:3-8-bicarbonate', 'fr:1']",[],[],fr
6111206000733,Jebli,"جبن أبيض، قشدة ماء، بروتينات الحليب ملح، مخثرات )نشا، أغار، علكة الزتان(، مادة حافظة )سوربات البوتاسيوم(، نكهة, يحفظ في البرودة بين 4 و 6° 19 % من المواد الدسمة,","['ar:جبن أبيض', 'ar:قشدة ماء', 'ar:بروتينات الحليب ملح', 'ar:مخثرات )نشا', 'en:e406', 'ar:علكة الزتان', 'ar:سوربات البوتاسيوم', 'ar:نكهة', 'ar:يحفظ في البرودة بين 4 و 6° ١٩٪ من المواد الدسمة', 'ar:مادة حافظة']",['en:milk'],[],ar
3608580065340,Pâte à tartiner noisettes et cacao,"sucre, _noisettes_ 20%, huiles végétales (tournesol, colza), _lait_ écrémé en poudre, cacao maigre en poudre 5,5%, beurre de cacao, émulsifiant : lécithine de tournesol, extrait de vanille.

Peut contenir d'autres _fruits à coque_.","['en:sugar', 'en:added-sugar', 'en:disaccharide', 'en:hazelnut', 'en:nut', 'en:tree-nut', 'en:vegetable-oil', 'en:oil-and-fat', 'en:vegetable-oil-and-fat', 'en:skimmed-milk-powder', 'en:dairy', 'en:milk-powder', 'en:fat-reduced-cocoa-powder', 'en:plant', 'en:cocoa', 'en:cocoa-powder', 'en:fat-reduced-cocoa', 'en:cocoa-butter', 'en:vegetable-fat', 'en:sunflower-lecithin', 'en:e322', 'en:e322i', 'en:vanilla-extract', 'en:extract', 'en:vanilla', 'en:vegetable-extract', 'en:sunflower-oil', 'en:colza-oil', 'en:rapeseed-oil']","['en:milk', 'en:nuts']",['en:nuts'],fr
5449000214799,Coke Zero,"carbonated water, colouring (e150d), acidifier (phosphoric acid), sweeteners (aspartame, acesulfame-k), natural flavors, caffeine aroma, acidity regulator (sodium citrates)","['en:carbonated-water', 'en:water', 'en:e150d', 'en:e338', 'en:e951', 'en:e950', 'en:natural-flavouring', 'en:flavouring', 'en:caffeine-flavour', 'en:e331']",[],[],en
3480341000674,Carré Frais 0% - Nature,"Lait écrémé, sel, ferments lactiques.","['en:skimmed-milk', 'en:dairy', 'en:milk', 'en:salt', 'en:lactic-ferments', 'en:ferment', 'en:microbial-culture']",['en:milk'],[],fr
3760049791006,tartine de campagne,"Farine de BLÉ* 57 %, eau, huile de colza, GLUTEN DE BLÉ, levure, semoule de BLÉ dur, levains de BLÉ dévitalisés, sel, arôme naturel (contient alcool), conservateur : propionate de calcium, farine de SEIGLE, farine d'ORGE maltée torréfiée, levure désactivée, farine de BLÉ malté torréfié, antioxydant : acide ascorbique. Traces éventuelles d'œufs, soja et lait.* Ingrédient issu du commerce équitable français.","['en:wheat-flour', 'en:cereal', 'en:flour', 'en:wheat', 'en:cereal-flour', 'en:water', 'en:colza-oil', 'en:oil-and-fat', 'en:vegetable-oil-and-fat', 'en:rapeseed-oil', 'en:wheat-gluten', 'en:gluten', 'en:yeast', 'en:durum-wheat-semolina', 'en:durum-wheat', 'en:semolina', 'en:devitalised-wheat-sourdough', 'en:dough', 'en:sourdough', 'en:devitalised-sourdough', 'en:wheat-sourdough', 'en:salt', 'en:natural-flavouring', 'en:flavouring', 'en:e282', 'en:rye-flour', 'fr:farine-d-orge-malte-toaste', 'en:barley', 'en:barley-flour', 'en:deactivated-yeast', 'fr:farine-de-ble-malte-torrefie', 'en:malted-wheat-flour', 'en:e300', 'fr:français']",['en:gluten'],"['en:eggs', 'en:milk', 'en:soybeans']",fr
6111099003897,Tartine & Cuisine,"زيوت نباتية مصفاة غير مهدرجة مل طيب نشأ الفرد مستحبات (2471) و (478) تسكين الصوجا (1222) حمض السورية (200) السيتريك (2300) مضادات الأكسدة سوريات البوتاسيوم (1202) حم خليط الشوكوفيرولات)، منكم ملون (1600) وفينا , AU : يحفظ في مكان بارد درجة TERR All FRANS : Tents","['ar:زيوت نباتية مصفاة غير مهدرجة مل طيب نشأ الفرد مستحبات', 'ar:و', 'ar:تسكين الصوجا', 'ar:حمض السورية', 'ar:السيتريك', 'ar:مضادات الأكسدة سوريات البوتاسيوم', 'ar:حم خليط الشوكوفيرولات', 'ar:منكم ملون', 'ar:وفينا', 'ar:AU', 'ar:Tents', 'ar:2471', 'ar:478', 'ar:1222', 'ar:200', 'ar:2300', 'ar:1202', 'ar:1600', 'ar:يحفظ في مكان بارد درجة TERR All FRANS']",[],[],fr
6111128000088,ain saiss 50cl,Eau.,['en:water'],[],[],fr
6111266963207,كيفير,"Lait frais partiellement écrémé, ferments du kéfir et ferments du yaourt et bifidobacterium","['en:milk', 'en:dairy', 'en:kefir-ferment', 'en:ferment', 'en:yogurt-culture', 'en:microbial-culture', 'en:lactic-ferments', 'en:bifidus']",['en:milk'],[],ar
5449000214911,Coca-Cola Original,eau gazéifiée ; sucre ; colorant : E150d ; acidifiant : acide phosphorique ; arômes naturels ; arôme caféine.,"['en:carbonated-water', 'en:water', 'en:sugar', 'en:added-sugar', 'en:disaccharide', 'en:e150d', 'en:e338', 'en:natural-flavouring', 'en:flavouring', 'en:caffeine-flavour']",[],[],fr
8410376009392,Печиво zero sugar free,"whole  wheat  flour 57,5 %, sweetener (maltitol), vegetable oil 16,5 % (sunflower high oleic), vegetable fibre 3,5 %, pea fiber 3,5 %, raising agents (sodium hydrogen carbonate and ammonium hydrogen carbonate), emulsifier ( soya  lecithin), salt, flavours,","['en:whole-wheat-flour', 'en:cereal', 'en:flour', 'en:wheat', 'en:cereal-flour', 'en:wholemeal-flour', 'en:wheat-flour', 'en:e965', 'en:vegetable-oil', 'en:oil-and-fat', 'en:vegetable-oil-and-fat', 'en:vegetable-fiber', 'en:fiber', 'en:pea-fiber', 'en:e500ii', 'en:e500', 'en:e503ii', 'en:e503', 'en:soya-lecithin', 'en:e322', 'en:e322i', 'en:salt', 'en:flavouring', 'en:sunflower high oleic']","['en:gluten', 'en:soybeans']",['en:milk'],en
6111032006619,Jamila رايبي,"Lait sans crème, sucre, crème, poudre de lait sans crème, protéines du lait, matière grasse laitiere, colorant naturel","['fr:Lait sans crème', 'en:sugar', 'en:added-sugar', 'en:disaccharide', 'en:cream', 'en:dairy', 'fr:poudre de lait sans crème', 'en:milk-proteins', 'en:protein', 'en:animal-protein', 'en:milkfat', 'en:oil-and-fat', 'en:fat', 'en:natural-colours', 'en:colour']",['en:milk'],[],fr
3412290070101,Fromage à tartiner Nature fouetté MADAME LOIK - 180g,"FROMAGE frais, sel de Guérande (1.1%). Traces éventuelles de fruits à coque et de poisson Ingrédients laitiers issus de lait pasteurisé (Lait : Origine France - Régions Bretagne et Pays de la Loire)","['en:soft-white-cheese', 'en:dairy', 'en:cheese', 'en:salt-from-guerande', 'en:salt', 'en:sea-salt', 'fr:Ingrédients laitiers issus de lait pasteurisé', 'en:milk', 'fr:Régions Bretagne et Pays']",['en:milk'],"['en:fish', 'en:nuts']",fr
6111035001635,Ain Atlas,Sodium 48 Calcium 18 Magnésium 13 Potassium 8 Bicarbonates 217 Chlorures 12 Sulfates Nitrates 4,['xx:sodium-48-calcium-18-magnesium-13-potassium-8-bicarbonates-217-chlorures-12-sulfates-nitrates-4'],[],[],xx
6111184001562,Sel de table iodé,"Sel, iodate de potassium et anti-agglomérants","['en:salt', 'en:e917', 'en:anti-caking-agent']",[],[],fr
6111032008583,Gervais fromage frais nature sucré,حليب بدون قشدة ،قشدة ،مسحوق حليب بدون قشدة، سكر، كلورور الكالسيوم،  خمائر حليبية,"['ar:حليب بدون قشدة', 'en:cream', 'en:dairy', 'ar:مسحوق حليب بدون قشدة', 'en:sugar', 'en:added-sugar', 'en:disaccharide', 'ar:كلورور الكالسيوم', 'ar:خمائر حليبية']",['en:milk'],[],fr
8076809523547,PESTO ROSSO,"Tomato pulp 37%, sunflower oil, tomato concentrate 15%, Grana Padano PDO cheese (milk, lysozyme from egg), cashews, sugar, salt, basil, Balsamic Vinegar of Modena (wine vinegar, cooked grape must) 2%, whey powder (milk), Pecorino Romano PDO cheese (sheep's milk), rice starch, garlic, acidity regulator: lactic acid, natural flavouring (milk).","['en:tomato-pulp', 'en:vegetable', 'en:fruit-vegetable', 'en:tomato', 'en:chopped-tomato', 'en:sunflower-oil', 'en:oil-and-fat', 'en:vegetable-oil-and-fat', 'en:vegetable-oil', 'en:tomato-concentrate', 'en:concentrate', 'en:grana-padano', 'en:dairy', 'en:cheese', 'en:cow-cheese', 'en:cashew-nuts', 'en:nut', 'en:tree-nut', 'en:sugar', 'en:added-sugar', 'en:disaccharide', 'en:salt', 'en:basil', 'en:herb', 'en:balsamic-vinegar-of-modena', 'en:vinegar', 'en:balsamic-vinegar', 'en:whey-powder', 'en:whey', 'en:pecorino-romano', 'en:pecorino', 'en:rice-starch', 'en:starch', 'en:garlic', 'en:root-vegetable', 'en:onion-family-vegetable', 'en:e270', 'en:natural-flavouring', 'en:flavouring', 'en:milk', 'en:lysozyme-from-eggs', 'en:e1105', 'en:wine-vinegar', 'en:cooked-grape-must', 'en:fruit', 'en:must', 'en:grape-must', 'en:sheeps-milk']","['en:eggs', 'en:milk', 'en:nuts']",['en:nuts'],en
3268840001008,CRISTALINE Eau De Source 0.5L,Eau de source,"['en:spring-water', 'en:water']",[],[],fr
3760091727732,Beurre bio cacahuète,Arachide* 100%,"['en:peanut', 'en:nut']","['en:nuts', 'en:peanuts']",['en:nuts'],fr
3229820019307,Flocons d'avoine,Flocons d'_avoine_ complète issue de l'agriculture biologique.,"['en:whole-grain-oat-flakes', 'en:cereal', 'en:oat', 'en:oat-flakes', 'en:wholemeal-oat']","['en:gluten', 'fr:Avoine', 'fr:avoine']","['en:milk', 'en:nuts', 'en:sesame-seeds', 'en:soybeans']",fr
3017620429484,Nutella,"Sucre, huile de palme, NOISETTES 13%, LAIT écrémé en poudre 8,7%, cacao maigre 7,4%, émulsifiants : lécithines [ SOJA ] vanilline","['en:sugar', 'en:added-sugar', 'en:disaccharide', 'en:palm-oil', 'en:oil-and-fat', 'en:vegetable-oil-and-fat', 'en:palm-oil-and-fat', 'en:hazelnut', 'en:nut', 'en:tree-nut', 'en:skimmed-milk-powder', 'en:dairy', 'en:milk-powder', 'en:fat-reduced-cocoa', 'en:plant', 'en:cocoa', 'en:e322', 'en:vanillin', 'en:soya-lecithin', 'en:e322i']","['en:milk', 'en:nuts', 'en:soybeans']",[],fr
3608580124047,Be Nuts ! - Pâte à tartiner Cacahuète,"Cacahuètes torréfiées 81% sucre, beurre de cacao, huile de tournesol. sel, extrait de vanille, émulsifiant : lécithine de tournesol","['fr:cacahuetes-torrefiees-81-sucre', 'en:cocoa-butter', 'en:plant', 'en:cocoa', 'en:sunflower-oil', 'en:oil-and-fat', 'en:vegetable-oil-and-fat', 'en:vegetable-oil', 'en:salt', 'en:vanilla-extract', 'en:extract', 'en:vanilla', 'en:vegetable-extract', 'en:emulsifier', 'en:sunflower-lecithin', 'en:e322', 'en:e322i']",['en:peanuts'],['en:nuts'],fr
8420756010320,kéfir nature,"حليب, حليب نصف منزوع الدسم, قشطة الحليب, تخمير الكفير, الخمائر اللبنية, فيتامين B6, فيتامين B12","['en:milk', 'en:dairy', 'ar:حليب نصف منزوع الدسم', 'ar:قشطة الحليب', 'ar:تخمير الكفير', 'ar:الخمائر اللبنية', 'ar:vitamins', 'en:vitamin-b6', 'en:vitamins', 'ar:فيتامين B12']",['en:milk'],[],fr
3175681851856,Biscuit raisins,"Farine de blé 60,4%, huile de colza, sucre non raffiné, pâte de raisins 6,9%, germe de blé 5,1%, amidon de blé, raisins secs 2,8%, fibres de blé, magnésium, émulsifiant lécithines, poudres à lever (tartrates de potassium, carbonates de sodium), arôme naturel, vitamines (B1, B6, B9, D, E).","['en:wheat-flour', 'en:cereal', 'en:flour', 'en:wheat', 'en:cereal-flour', 'en:colza-oil', 'en:oil-and-fat', 'en:vegetable-oil-and-fat', 'en:rapeseed-oil', 'en:unrefined-sugar', 'en:added-sugar', 'en:disaccharide', 'en:sugar', 'fr:pâte de raisins', 'en:wheat-germ', 'en:wheat-starch', 'en:starch', 'en:raisin', 'en:fruit', 'en:berries', 'en:dried-fruit', 'en:grape', 'en:wheat-fiber', 'en:fiber', 'en:vegetable-fiber', 'en:magnesium', 'en:minerals', 'en:e322', 'en:e336', 'en:e500', 'en:natural-flavouring', 'en:flavouring', 'en:vitamins', 'en:thiamin', 'en:vitamin-b6', 'en:folic-acid', 'en:folate', 'en:vitamin-d', 'en:vitamin-e']",['en:gluten'],"['en:lupin', 'en:milk', 'en:mustard', 'en:nuts', 'en:sesame-seeds', 'en:soybeans']",fr
6111246721940,le blanc nature 900g araai,"Produit à partir de Lait de vache pasteurise, Proteinas nutritives de lait de vache, Matière grasse végétale de Soja, Epaississant, Sorbare de potassium Ingredients Produced from Pasteurized cow's milk, Nutritional cow's milk proteins, Soybean vegetable fat, Thickener, Potassium sorbate","['fr:Produit à partir de Lait de vache pasteurise', 'fr:Proteinas nutritives de lait de vache', 'fr:Matière grasse végétale de Soja', 'en:thickener', ""fr:Sorbare de potassium Ingredients Produced from Pasteurized cow's milk"", ""fr:Nutritional cow's milk proteins"", 'fr:Soybean vegetable fat', 'fr:Thickener', 'fr:Potassium sorbate']",['en:milk'],[],fr
3229820129488,"Muesli Raisin, Figue, Datte, Abricot","Flocons d'avoine* complète, Flocons de blé* complet, Raisins 8% (raisins*, huile de tournesol*), Figues* séchées 8% (figues*, farine de riz*), Flocons d'épeautre* complet, Pétales de maïs*, Dattes* 4 % (dattes*, farine de riz*), Abricots* secs 3% (abricots*, farine de riz*), Graines de tournesol*, Pétales d'épeautre* complet, Graines de lin*, Graines de courge*.
 
 *Ingrédients biologiques.","['en:whole-grain-oat-flakes', 'en:cereal', 'en:oat', 'en:oat-flakes', 'en:wholemeal-oat', 'en:whole-wheat-flakes', 'en:wheat', 'en:whole-wheat', 'en:wheat-flakes', 'en:grape', 'en:fruit', 'en:berries', 'en:dried-fig', 'en:fig', 'en:whole-grain-spelt-flakes', 'en:spelt', 'en:whole-spelt', 'en:spelt-flakes', 'en:corn-flakes', 'en:corn', 'en:date', 'en:dried-apricots', 'en:prunus-species-fruit', 'en:apricot', 'en:sunflower-seed', 'en:seed', ""fr:Pétales d'épeautre complet"", 'en:flax-seed', 'en:flax', 'en:pumpkin-seed', 'en:sunflower-oil', 'en:oil-and-fat', 'en:vegetable-oil-and-fat', 'en:vegetable-oil', 'en:rice-flour', 'en:flour', 'en:rice']",['en:gluten'],"['en:milk', 'en:nuts', 'en:sesame-seeds', 'en:soybeans']",fr
3362600011044,Henry’s,"Farine de froment, sucre, graisse végétale, sucre inverti, agents levants ( bicarbonate d'ammonium - bicarbonate de sodium), sel, arome.","['en:wheat-flour', 'en:cereal', 'en:flour', 'en:wheat', 'en:cereal-flour', 'en:sugar', 'en:added-sugar', 'en:disaccharide', 'en:vegetable-fat', 'en:oil-and-fat', 'en:vegetable-oil-and-fat', 'en:invert-sugar', 'en:monosaccharide', 'en:raising-agent', 'en:salt', 'en:flavouring', 'en:e503ii', 'en:e503', 'en:e500ii', 'en:e500']",['en:gluten'],"['en:milk', 'en:soybeans']",fr
3387390123210,Chocapic,"Farine de BLÉ complet 37,5 %, farine de BLÉ 18,5 %, chocolat en poudre 18,1 % (sucre, cacao en poudre*), semoule de maïs, sirop de glucose, extrait de malt d'ORGE (ORGE, ORGE malté), huile de tournesol, carbonate de calcium, sucre, farine d'ORGE malté, émulsifiant : lécithines ; sel, arômes naturels, fer, vitamines B3, B5, D, B6, B1, B2, B9. Peut contenir du LAIT et des FRUITS À COQUE.","['en:whole-wheat-flour', 'en:cereal', 'en:flour', 'en:wheat', 'en:cereal-flour', 'en:wholemeal-flour', 'en:wheat-flour', 'en:chocolate-powder', 'en:chocolate', 'en:cornmeal', 'en:corn', 'en:glucose-syrup', 'en:added-sugar', 'en:monosaccharide', 'en:glucose', 'en:barley-malt-extract', 'en:malt', 'en:malted-barley', 'en:sunflower-oil', 'en:oil-and-fat', 'en:vegetable-oil-and-fat', 'en:vegetable-oil', 'en:e170i', 'en:e170', 'en:sugar', 'en:disaccharide', 'en:barley-malt-flour', 'en:barley', 'en:barley-flour', 'en:e322', 'en:salt', 'en:natural-flavouring', 'en:flavouring', 'en:iron', 'en:minerals', 'en:vitamins', 'en:e375', 'en:pantothenic-acid', 'en:vitamin-d', 'en:vitamin-b6', 'en:thiamin', 'en:e101', 'en:folic-acid', 'en:folate', 'en:cocoa-powder', 'en:plant', 'en:cocoa']",['en:gluten'],"['en:milk', 'en:nuts']",fr
8000500426494,Nutella Plant-Based,"sugar, palm oil, hazelnuts 13%, chickpeas, fat-reduced cocoa powder 7,4%, rice syrup powder, lecithins [soya], salt, flavourings,","['en:sugar', 'en:added-sugar', 'en:disaccharide', 'en:palm-oil', 'en:oil-and-fat', 'en:vegetable-oil-and-fat', 'en:palm-oil-and-fat', 'en:hazelnut', 'en:nut', 'en:tree-nut', 'en:chickpea', 'en:vegetable', 'en:pod-and-seed-vegetable', 'en:legume', 'en:fat-reduced-cocoa-powder', 'en:plant', 'en:cocoa', 'en:cocoa-powder', 'en:fat-reduced-cocoa', 'en:rice-syrup', 'en:syrup', 'en:e322', 'en:salt', 'en:flavouring']","['en:nuts', 'en:soybeans']",['en:milk'],en
20724696,Amandes décortiquées,shelled almonds,"['en:almond', 'en:nut', 'en:tree-nut']",['en:nuts'],"['en:nuts', 'en:peanuts']",en
5410041001204,Tuc Original,"wheat  flour, palm oil, glucose syrup,  barley  malt extract, raising agents (ammonium carbonates, sodium carbonates), salt,  eggs , flavouring, flour treatment agent (sodium  metabisulfite ),","['en:wheat-flour', 'en:cereal', 'en:flour', 'en:wheat', 'en:cereal-flour', 'en:palm-oil', 'en:oil-and-fat', 'en:vegetable-oil-and-fat', 'en:palm-oil-and-fat', 'en:glucose-syrup', 'en:added-sugar', 'en:monosaccharide', 'en:glucose', 'en:barley-malt-extract', 'en:malt', 'en:malted-barley', 'en:e503', 'en:e500', 'en:salt', 'en:egg', 'en:flavouring', 'en:e223']","['en:eggs', 'en:gluten', 'it:Metabisolfito']","['en:milk', 'en:soybeans']",en
20995553,Шоколад 85% какаова маса,"Какаова маса, нискомаслено какао на прах, какаово масло, захар, емулгатор: лецитин (соеви), екстракт от ванилия, Може да съдържа следи от ядки и мляко,","['en:cocoa-paste', 'en:plant', 'en:cocoa', 'en:fat-reduced-cocoa-powder', 'en:cocoa-powder', 'en:fat-reduced-cocoa', 'en:cocoa-butter', 'en:oil-and-fat', 'en:vegetable-oil-and-fat', 'en:vegetable-fat', 'en:sugar', 'en:added-sugar', 'en:disaccharide', 'en:e322i', 'en:e322', 'en:vanilla-extract', 'en:extract', 'en:vanilla', 'en:vegetable-extract']",['en:soybeans'],"['en:milk', 'en:nuts']",bg
5010477348678,Special Muesli 30% fruits & noix,"Céréales complètes (59%) (flocons d'_avoine_, flocons de _blé_, flocons de _blé_ grillés), fruits secs (30%)  (raisins secs, raisins de sultane, abricots secs hachés, tranches de pommes séchées, éclats de noix de coco grillés, _noisettes_ hachées grillées, _amandes_ effilées), flocons d'_orge_, graines de tournesol.","['en:wholemeal-cereal', 'en:cereal', 'en:dried-fruit', 'en:fruit', 'en:barley-flakes', 'en:barley', 'en:sunflower-seed', 'en:seed', 'en:oat-flakes', 'en:oat', 'en:wheat-flakes', 'en:wheat', 'en:raisin', 'en:berries', 'en:grape', 'fr:raisins de sultane', 'en:dried-apricots', 'en:prunus-species-fruit', 'en:apricot', 'en:dried-apple', 'en:malaceous-fruit', 'en:apple', 'en:coconut', 'en:roasted-nibbed-hazelnuts', 'en:nut', 'en:tree-nut', 'en:hazelnut', 'en:chopped-hazelnuts', 'en:flaked-almonds', 'en:almond']","['en:gluten', 'en:nuts', 'fr:Avoine', 'fr:avoine']","['en:gluten', 'en:nuts']",fr
6111184004129,Mayonnaise recette originale,"Huile de soja, eau, vinaigre de table, jaune d’œufs, moutarde&quot;, sel, stabilisants (E412, E415), conservateur : (E202, E211) et antioxydant : E330. * contient des sulfites","['en:soya-oil', 'en:oil-and-fat', 'en:vegetable-oil-and-fat', 'en:vegetable-oil', 'en:water', 'en:table-vinegar', 'en:vinegar', 'en:egg-yolk', 'en:egg', 'en:mustard', 'en:salt', 'en:stabiliser', 'en:preservative', 'en:e211', 'en:antioxidant', 'en:e412', 'en:e415', 'en:e202', 'en:e330']","['en:eggs', 'en:mustard', 'en:soybeans', 'en:sulphur-dioxide-and-sulphites']",[],fr
8720182556738,Maille Moutarde Fine de Dijon L'Originale Bocal 360g,"Eau, graines de MOUTARDE, vinaigre d'alcool, sel, acidifiant : acide citrique, conservateur : DISULFITE de potassium.","['en:water', 'en:mustard-seed', 'en:condiment', 'en:mustard', 'en:spice', 'en:alcohol-vinegar', 'en:vinegar', 'en:salt', 'en:e330', 'en:e224']","['en:mustard', 'en:sulphur-dioxide-and-sulphites']",[],fr
3229820794525,Avoine chocolat,"Flocons d'avoine* 31%, farine de blé*, huile de colza*, sucre de canne* non raffiné, pépites de chocolat noir* 9% (sucre de canne*, pâte de cacao*, beurre de cacao*), billettes de riz soufflé (farine de riz*, sel), fibres d'acacia*, extrait de cacao*, cacao* maigre en poudre, poudres à lever (carbonates d'ammonium, carbonates de sodium), jaune d'œuf* en poudre, sel marin, antioxydant (extraits de romarin*). Ingrédients biologiques.","['en:oat-flakes', 'en:cereal', 'en:oat', 'en:wheat-flour', 'en:flour', 'en:wheat', 'en:cereal-flour', 'en:colza-oil', 'en:oil-and-fat', 'en:vegetable-oil-and-fat', 'en:rapeseed-oil', 'en:unrefined-cane-sugar', 'en:added-sugar', 'en:disaccharide', 'en:sugar', 'en:cane-sugar', 'en:unrefined-sugar', 'en:dark-chocolate-chunks', 'en:chocolate', 'en:dark-chocolate', 'fr:billettes de riz soufflé', 'en:acacia-fibre', 'en:fiber', 'en:vegetable-fiber', 'en:cocoa-extract', 'en:plant', 'en:cocoa', 'en:fat-reduced-cocoa-powder', 'en:cocoa-powder', 'en:fat-reduced-cocoa', 'en:e503', 'en:e500', 'en:egg-yolk-powder', 'en:egg', 'en:egg-yolk', 'en:sea-salt', 'en:salt', 'en:e392', 'en:cocoa-paste', 'en:cocoa-butter', 'en:vegetable-fat', 'en:rice-flour', 'en:rice']","['en:eggs', 'en:gluten']","['en:milk', 'en:nuts', 'en:peanuts', 'en:sesame-seeds', 'en:soybeans']",fr
3229820782560,"Muesli Superfruits Raisins, cassis, cranberry, myrtille","Flocons d'avoine* complète, Raisins secs* 16% (raisins secs*, huile de tournesol*), Flocons de blé* complet, Flocons d'épeautre complet* (blé), Flocons de blé, Amandes entières*, Cassis lyophilisés* 1%, Cranberries lyophilisées* 0,6%, Myrtilles lyophilisées* 0,5%. Peut contenir des traces de lait, d'autres fruits à coque, de graines de sésame, de soja. *Ingrédients biologiques.","['en:whole-grain-oat-flakes', 'en:cereal', 'en:oat', 'en:oat-flakes', 'en:wholemeal-oat', 'en:raisin', 'en:fruit', 'en:berries', 'en:dried-fruit', 'en:grape', 'en:whole-wheat-flakes', 'en:wheat', 'en:whole-wheat', 'en:wheat-flakes', 'en:whole-grain-spelt-flakes', 'en:spelt', 'en:whole-spelt', 'en:spelt-flakes', 'en:whole-almonds', 'en:nut', 'en:tree-nut', 'en:almond', 'en:blackcurrant', 'en:cranberry', 'en:blueberry', 'en:sunflower-oil', 'en:oil-and-fat', 'en:vegetable-oil-and-fat', 'en:vegetable-oil']","['en:gluten', 'en:nuts']","['en:milk', 'en:nuts', 'en:sesame-seeds', 'en:soybeans']",fr
3302740087059,Les tranches végé lentilles,"Eau, lentilles corail cuites 20%, blanc d'œuf en poudre, huile de colza, fécules, bouillon (eau, carottes, oignons, plantes aromatiques, céleri, épices, sel, huile de colza), extrait de plantes, arômes naturels, sel, conservateur (vinaigre), colorants (extrait de paprika, caramel ordinaire), poivre.","['en:water', 'en:red-lentils', 'en:vegetable', 'en:pod-and-seed-vegetable', 'en:legume', 'en:lentils', 'en:egg-white', 'en:egg', 'en:colza-oil', 'en:oil-and-fat', 'en:vegetable-oil-and-fat', 'en:rapeseed-oil', 'en:starch', 'en:broth', 'en:extract', 'en:natural-flavouring', 'en:flavouring', 'en:salt', 'en:vinegar', 'en:e160c', 'en:e150a', 'en:pepper', 'en:seed', 'en:carrot', 'en:root-vegetable', 'en:taproot-vegetable', 'en:onion', 'en:onion-family-vegetable', 'en:herb', 'en:celery', 'en:stalk-vegetable', 'en:spice', 'en:condiment']","['en:celery', 'en:eggs']",[],fr
6111035001673,Aïn Atlas 50cl,eau minerale,"['en:mineral-water', 'en:water']",[],[],fr
6111032000600,Salim,gluten free,[],[],[],en
6111018903161,Nescafé Classic,Good Food Godf Neste. تحدث إلي نستله 080 105 10 10 82 100 800 ig صنع من طرف نستله المغرب الطقة الصناعية الجديدة 2440 ONSSAN CTC 53-05-13 vasi ستورد من طرف نستله تونس لتوزيع، ب زغوان - تونس تورد من طرف نستله الجزائرش. درة الزوار - 1531 الجزائر www.nestlemaghreb.com NUTRITIONAL COMPASS علامة تجارية مسجلة لشركة,"['fr:good-food-godf-neste', 'fr:تحدث-إلي-نستله-080-105-10-10-82-100-800-ig-صنع-من-طرف-نستله-المغرب-الطقة-الصناعية-الجديدة-2440-onssan-ctc-53-05-13-vasi-ستورد-من-طرف-نستله-تونس-لتوزيع', 'fr:ب-زغوان', 'fr:تونس-تورد-من-طرف-نستله-الجزائرش', 'fr:درة-الزوار', 'fr:1531-الجزائر-www-nestlemaghreb-com-nutritional-compass-علامة-تجارية-مسجلة-لشركة']",[],[],fr
6111162000839,Confiture de fraise,"Fraises, sucre.","['en:strawberry', 'en:fruit', 'en:berries', 'en:sugar', 'en:added-sugar', 'en:disaccharide']",[],[],fr
3229820787015,Amande sans sucres,"Lait d'amandes (eau, amandes 2,8%), amidon de riz, arôme naturel d'amande, sel marin, stabilisants (gomme guar, gomme xanthane).","[""fr:Lait d'amandes"", 'en:rice-starch', 'en:starch', 'en:natural-almond-flavouring', 'en:flavouring', 'en:natural-flavouring', 'en:sea-salt', 'en:salt', 'en:stabiliser', 'en:water', 'en:almond', 'en:nut', 'en:tree-nut', 'en:e412', 'en:e415']",['en:nuts'],['en:nuts'],fr
5411188124689,Oat No Sugars,"Haverbasis (97,0%) (water, _haver_ (8,3%)), oplosbare maïsvezel, zonnebloemolie, calcium (calciumcarbonaat), zeezout, stabilisator (gellangom), vitaminen B2, B12, D2.","['en:oat-base', 'en:soluble-corn-fiber', 'en:fiber', 'en:vegetable-fiber', 'en:corn-fiber', 'en:sunflower-oil', 'en:oil-and-fat', 'en:vegetable-oil-and-fat', 'en:vegetable-oil', 'en:calcium', 'en:minerals', 'en:sea-salt', 'en:salt', 'en:e418', 'en:vitamins', 'en:e101', 'en:vitamin-b12', 'en:ergocalciferol', 'en:vitamin-d', 'en:water', 'en:oat', 'en:cereal', 'en:e170i', 'en:e170']",['en:gluten'],[],nl
6111259092525,Goldium Blanc Nature,"Fromage blanc, protéine du lait, crème fraîche, lait écrémé, ferment lactique, présure Halal, eau, huile végétale, conservateur","['en:fromage-blanc', 'en:dairy', 'en:cheese', 'en:milk-proteins', 'en:protein', 'en:animal-protein', 'en:fresh-cream', 'en:cream', 'en:skimmed-milk', 'en:milk', 'en:lactic-ferments', 'en:ferment', 'en:microbial-culture', 'en:rennet', 'en:enzyme', 'en:coagulating-enzyme', 'en:water', 'en:vegetable-oil', 'en:oil-and-fat', 'en:vegetable-oil-and-fat', 'en:preservative']",['en:milk'],[],fr
5449000000996,Coca-Cola,"Agua carbonatada, azúcar, colorante (E-150d), acidulante (ácido fosfórico), aromas naturales (contiene cafeína).","['en:carbonated-water', 'en:water', 'en:sugar', 'en:added-sugar', 'en:disaccharide', 'en:e150d', 'en:e338', 'en:natural-flavouring', 'en:flavouring', 'en:caffeine']",[],[],es
6111251420166,Eau,Eau minérale naturelle,"['en:natural-mineral-water', 'en:water', 'en:mineral-water']",[],[],fr
3229820792132,Avoine,"Eau, Avoine* 11%, Huile de tournesol*, Sel marin. *Ingrédients biologiques.","['en:water', 'en:oat', 'en:cereal', 'en:sunflower-oil', 'en:oil-and-fat', 'en:vegetable-oil-and-fat', 'en:vegetable-oil', 'en:sea-salt', 'en:salt']",['en:gluten'],['en:nuts'],fr
6111184004730,Ketchup star,نشا: مشخن المائدة، خل الطماطلخ مركز سكر، ماء، المکونات: وتوابل.حافظة (E202.E211) ملح،مواد معدل,"['en:starch', 'ar:خل الطماطلخ مركز سكر', 'en:water', 'ar:المکونات', 'ar:مواد معدل', 'ar:مشخن المائدة', 'ar:وتوابل.حافظة', 'en:salt', 'ar:e202.e211']",[],[],en
6111035003523,,ناهية 100% انتعاش صحي مصفى مرتين 22 Bahia est une eau purtties per utrafiltration smose mere Bata est soumise au procédures de controle qualite les pus strictes Balin one pollie arous باحية عله صائل بالتصفية الدفقة والتناضح العكسي اجتمع لماهية لإجراءات مراقبة الجودة الأكثر صارمة باهية الجودة في متناول الجميع Compos وديوم 2 5 3 21 22 10 el 5 لتر,['fr:ناهية 100\xa0% انتعاش صحي مصفى مرتين 22 Bahia est une eau purtties per utrafiltration smose mere Bata est soumise au procédures de controle qualite les pus strictes Balin one pollie arous باحية عله صائل بالتصفية الدفقة والتناضح العكسي اجتمع لماهية لإجراءات مراقبة الجودة الأكثر صارمة باهية الجودة في متناول الجميع Compos وديوم 2 5 3 21 22 10 el 5 لتر'],[],[],en
3256540000698,Pains au lait,"Farine de _blé_ 43%, Levain 21% (Farine de _blé_ 11%, Eau, Sel), Sucre, _Œufs_ frais 11%, _Beurre_ pâtissier, Huile de colza, Levure, _Lait_ écrémé en poudre (Équivalent à 10% de lait écrémé reconstitué), Émulsifiant: mono et diglycérides d'acides gras, Sel, Protéines de _blé_, _Gluten_ de blé, Extrait de carotte, Agent de traitement de la farine : acide ascorbique, Protéines de _lait_","['en:wheat-flour', 'en:cereal', 'en:flour', 'en:wheat', 'en:cereal-flour', 'en:sourdough', 'en:dough', 'en:sugar', 'en:added-sugar', 'en:disaccharide', 'en:fresh-egg', 'en:egg', 'en:butterfat', 'en:oil-and-fat', 'en:fat', 'en:dairy', 'en:milkfat', 'en:colza-oil', 'en:vegetable-oil-and-fat', 'en:rapeseed-oil', 'en:yeast', 'en:skimmed-milk-powder', 'en:milk-powder', 'en:e471', 'en:salt', 'en:wheat-protein', 'en:protein', 'en:plant-protein', 'en:wheat-gluten', 'en:gluten', 'en:carrot-extract', 'en:vegetable', 'en:root-vegetable', 'en:taproot-vegetable', 'en:carrot', 'en:e300', 'en:milk-proteins', 'en:animal-protein', 'en:water']","['en:eggs', 'en:gluten', 'en:milk']","['en:nuts', 'en:peanuts', 'en:soybeans']",fr
20267605,Anacardo/Castanha-de-caju natural,cashews,"['en:cashew-nuts', 'en:nut', 'en:tree-nut']",['en:nuts'],"['en:nuts', 'en:peanuts']",en
3175680015228,Levure de bière,"Levure de bière 93%, extrait de malt d'orge 7%","['en:brewer-s-yeast', 'en:yeast', 'en:barley-malt-extract', 'en:cereal', 'en:malt', 'en:malted-barley']",['en:gluten'],"['en:eggs', 'en:lupin', 'en:milk', 'en:nuts', 'en:sesame-seeds', 'en:soybeans']",fr
3480341000636,Carré Frais,"_Lait_ écrémé et crème, sel, ferments lactiques.","['en:skimmed-milk', 'en:dairy', 'en:milk', 'en:cream', 'en:salt', 'en:lactic-ferments', 'en:ferment', 'en:microbial-culture']",['en:milk'],[],fr
6111259093096,شييزلي,Fromage blanc; Protéine du lait ; Poudre de lait écrémé Huile végétale ; Amidon modifié ; Acide citrique; Conservateur (E202).,"['ar:Fromage blanc', 'ar:Protéine du lait', 'ar:Poudre de lait écrémé Huile végétale', 'ar:Amidon modifié', 'ar:Acide citrique', 'ar:Conservateur', 'en:e202']",[],[],ar
5411188110835,"Alpro Mandeldrink, Original 1L","Wasser, MANDELN (2,3%), Zucker, Calcium (Tricalciumphosphat), Meersalz, Stabilisatoren (Johannisbrotkernmehl, Gellan), Emulgator (Lecithine), natürliches Aroma, Vitamine (B2, B12, E, D2). Mandeln aus Spanien. Kann Spuren von Schalenfrüchten (keine Erdnüsse) enthalten.","['en:water', 'en:almond', 'en:nut', 'en:tree-nut', 'en:sugar', 'en:added-sugar', 'en:disaccharide', 'en:calcium', 'en:minerals', 'en:sea-salt', 'en:salt', 'en:carob-seed-flour', 'en:vegetable', 'en:pod-and-seed-vegetable', 'en:flour', 'en:legume', 'en:pulse', 'en:carob-bean', 'en:e418', 'en:e322', 'en:natural-flavouring', 'en:flavouring', 'en:vitamins', 'en:e101', 'en:vitamin-b12', 'en:vitamin-e', 'en:ergocalciferol', 'en:vitamin-d', 'de:enthalten', 'en:e341iii', 'en:e341', 'de:keine Erdnüsse']",['en:nuts'],['en:nuts'],de
3019081238643,Sardines Huile d'Olive Vierge Extra,"_Sardines_, huile d'olive vierge extra, sel","['en:sardine', 'en:fish', 'en:oily-fish', 'en:extra-virgin-olive-oil', 'en:oil-and-fat', 'en:vegetable-oil-and-fat', 'en:vegetable-oil', 'en:olive-oil', 'en:virgin-olive-oil', 'en:salt']",['en:fish'],[],fr
8445290615350,sauce tomate cuisinée,"Tomato, tomato concentrate, water, non-hydrogenated sunflower oil, sugar, modified corn starch, salt, natural onion flavor, onion, garlic, white pepper","['en:tomato', 'en:vegetable', 'en:fruit-vegetable', 'en:tomato-concentrate', 'en:concentrate', 'en:water', 'en:non-hydrogenated-sunflower-oil', 'en:oil-and-fat', 'en:vegetable-oil-and-fat', 'en:vegetable-oil', 'en:sunflower-oil', 'en:sugar', 'en:added-sugar', 'en:disaccharide', 'en:modified-corn-starch', 'en:starch', 'en:corn-starch', 'en:modified-starch', 'en:salt', 'en:natural-onion-flavouring', 'en:flavouring', 'en:natural-flavouring', 'en:onion-flavouring', 'en:onion', 'en:root-vegetable', 'en:onion-family-vegetable', 'en:garlic', 'en:white-pepper', 'en:seed', 'en:pepper']",[],[],fr
3587220002252,La gâche tranchée,"Farine de blé 52%, sucre, beurre frais 10%, œufs entiers frais 8%, eau, crème fraîche 3%, sel, arômes naturels (contient alcool), levure, gluten de blé, eau de vie, protéines de lait(E471), levure désactivée, colorant (béta carotène)","['en:wheat-flour', 'en:cereal', 'en:flour', 'en:wheat', 'en:cereal-flour', 'en:sugar', 'en:added-sugar', 'en:disaccharide', 'en:fresh-butter', 'en:dairy', 'en:butter', 'en:whole-fresh-eggs', 'en:egg', 'en:whole-egg', 'en:water', 'en:fresh-cream', 'en:cream', 'en:salt', 'en:natural-flavouring', 'en:flavouring', 'en:yeast', 'en:wheat-gluten', 'en:gluten', 'en:eau-de-vie', 'en:alcohol', 'en:milk-proteins', 'en:protein', 'en:animal-protein', 'en:deactivated-yeast', 'en:colour', 'en:e471', 'en:beta-carotene-dye', 'en:e160a', 'en:e160ai']","['en:eggs', 'en:gluten', 'en:milk']",['en:nuts'],fr
7613036669146,NESTLE CHOCAPIC BIO Céréales - Boite de 375g,"Farine de BLÉ complet* 34,8 %, chocolat en poudre 23,9 % (sucre*, cacao en poudre**), farine de BLÉ*, semoule de maïs*, sirop de glucose*, extrait de malt d'ORGE*, huile de tournesol*, sel, arôme naturel de vanille, arôme naturel de cannelle. Peut contenir du LAIT et des FRUITS À COQUE. *ingrédients issus de l'agriculture biologique. **Bilan massique certifié Rainforest Alliance. www.ra.org/fr. Nestlé achète une quantité de cacao certifié Rainforest Alliance équivalente à celle nécessaire pour ce produit.","['en:whole-wheat-flour', 'en:cereal', 'en:flour', 'en:wheat', 'en:cereal-flour', 'en:wholemeal-flour', 'en:wheat-flour', 'en:chocolate-powder', 'en:chocolate', 'en:cornmeal', 'en:corn', 'en:glucose-syrup', 'en:added-sugar', 'en:monosaccharide', 'en:glucose', 'en:barley-malt-extract', 'en:malt', 'en:malted-barley', 'en:sunflower-oil', 'en:oil-and-fat', 'en:vegetable-oil-and-fat', 'en:vegetable-oil', 'en:salt', 'en:natural-vanilla-flavouring', 'en:flavouring', 'en:natural-flavouring', 'en:vanilla-flavouring', 'en:natural-cinammon-flavouring', 'fr:Bilan massique certifié Rainforest Alliance', 'fr:www.ra.org', 'fr:fr', 'fr:Nestlé achète une quantité de cacao certifié Rainforest Alliance équivalente à celle nécessaire pour ce produit', 'en:sugar', 'en:disaccharide', 'en:cocoa-powder', 'en:plant', 'en:cocoa']",['en:gluten'],"['en:milk', 'en:nuts', 'en:peanuts']",fr
6111029000118,Cosumar Sucre En Lingot Pour Le Thé 1 kg,Sugar,['fr:sugar'],[],['ar:nothing'],fr
6111037000599,Familia 200g,"Margarine allégée (60%M.G.):Corps gras et huiles 100% végétales, eau, sel (1%), lécithine (E322), Monoglycéride (E471), Amidon, Sorbate de potassium (E202), Acide citrique (E330), Arôme, Antioxydant (E321), Colorant, Vitamines. Contient du soja.","['fr:Margarine allégée', 'en:water', 'en:salt', 'en:e322i', 'en:e322', 'fr:Monoglycérides', 'en:starch', 'en:e202', 'en:e330', 'en:flavouring', 'en:e321', 'en:colour', 'en:vitamins', 'fr:60\xa0%M.G', 'fr:Corps gras et huiles 100\xa0% végétales', 'en:e471']",['en:soybeans'],['en:nuts'],fr
3228857000166,100% mie complet 500g,"Farine complète de BLÉ 36%, eau, farine de BLÉ 24%, huile de colza, sucre, arôme (contient alcool), sel, vinaigre, farine de SEIGLE maltée, levure, gluten de BLÉ, extrait d'acérola. Peut contenir des traces d'OEUFS, SOJA, LAIT, FRUITS À COQUE et GRAINES DE SÉSAME.","['en:whole-wheat-flour', 'en:cereal', 'en:flour', 'en:wheat', 'en:cereal-flour', 'en:wholemeal-flour', 'en:wheat-flour', 'en:water', 'en:colza-oil', 'en:oil-and-fat', 'en:vegetable-oil-and-fat', 'en:rapeseed-oil', 'en:sugar', 'en:added-sugar', 'en:disaccharide', 'en:flavouring', 'en:salt', 'en:vinegar', 'en:rye-malt-flour', 'en:rye-flour', 'en:yeast', 'en:wheat-gluten', 'en:gluten', 'en:acerola-juice', 'en:fruit', 'en:juice', 'en:fruit-juice']",['en:gluten'],"['en:eggs', 'en:milk', 'en:nuts', 'en:sesame-seeds', 'en:soybeans']",fr
6111246954461,,تخصص جبن بالقشدة المكونات : حليب كامل الدسم، قشدة (40%)، نشا، مثبتات (E1442 و E1450)، ملح، خمائر حليبية، مادة حافظة : سوريات البوتاسيوم يحفظ على الأكثر في 6 درجات تاريخ الإنتاج - تاريخ انتهاء الصلاحية - 30 يوما يستهلك إلى غاية : انظر جانب العلبة,"['ar:تخصص جبن بالقشدة المكونات', 'en:cream', 'en:dairy', 'en:starch', 'ar:مثبتات', 'en:salt', 'ar:خمائر حليبية', 'ar:مادة حافظة', 'ar:تاريخ انتهاء الصلاحية', 'ar:30 يوما يستهلك إلى غاية', 'ar:حليب كامل الدسم', 'ar:e1442 و e1450', 'ar:سوريات البوتاسيوم يحفظ على الأكثر في 6 درجات تاريخ الإنتاج', 'ar:انظر جانب العلبة']",['en:milk'],[],ar
3154230809869,Jambon à l'étouffée sans nitrite,"Jambon frais de porc, Sel, Arômes naturels (présence naturelle de polyphénols), Bouillon (eau, gras et couenne de porc, os de porc, sel, extraits de carotte et d'oignon, épices et plantes aromatiques), Sucre, Chlorure de potassium, Antioxydant: Acide ascorbique, Vinaigre en poudre.","['fr:jambon-de-porc-frais', 'en:animal', 'en:meat', 'en:pork', 'en:pork-meat', 'en:ham', 'en:salt', 'en:natural-flavouring', 'en:flavouring', 'en:broth', 'en:sugar', 'en:added-sugar', 'en:disaccharide', 'en:e508', 'en:e300', 'en:vinegar', 'en:water', 'fr:gras-et-couenne-de-porc', 'en:pork-bone', 'en:pork-by-product', 'en:carrot-extract', 'en:vegetable', 'en:root-vegetable', 'en:taproot-vegetable', 'en:carrot', 'en:onion', 'en:onion-family-vegetable', 'en:herbs-and-spices', 'en:condiment', 'en:herb', 'en:spice']",[],[],fr
6111162000716,Confiture d'abricot,"Abricots, sucre, acide citrique","['en:apricot', 'en:fruit', 'en:prunus-species-fruit', 'en:sugar', 'en:added-sugar', 'en:disaccharide', 'en:e330']",[],[],fr
3033710073467,"Chicorée & Café, RICORÉ® L'Original, Boîte de 100g","Café soluble 33%, fibres de chicorée (oligofructose) 33%, chicorée soluble 30%, magnésium.","['en:instant-coffee', 'en:coffee', 'en:chicory-fibre', 'en:vegetable', 'en:fiber', 'en:shoot-vegetable', 'en:vegetable-fiber', 'en:chicory', 'fr:chicoree-soluble', 'en:magnesium', 'en:minerals', 'en:oligofructose']",[],[],fr
80176800,Nutella,"Zucker, Palmöl, HASELNÜSSE (13%), MAGERMILCHPULVER (8,7%), fettarmer Kakao (7,4%), Emulgator: Lecithine (SOJA), Vanillin.","['en:sugar', 'en:added-sugar', 'en:disaccharide', 'en:palm-oil', 'en:oil-and-fat', 'en:vegetable-oil-and-fat', 'en:palm-oil-and-fat', 'en:hazelnut', 'en:nut', 'en:tree-nut', 'en:skimmed-milk-powder', 'en:dairy', 'en:milk-powder', 'en:fat-reduced-cocoa', 'en:plant', 'en:cocoa', 'en:e322', 'en:vanillin']","['en:milk', 'en:nuts', 'en:soybeans']",[],de
8000500310427,Biscuits NUTELLA Biscuits Noisettes et Cacao x22 - 304g,"Pâte à tartiner aux NOISETTES et au cacao 40% (sucre, huile de palme, NOISETTES 13%**, LAIT écrémé en poudre 8,7%**, cacao maigre 7,4%**, émulsifiants : lécithines [SOJA]; vanilline), farine de FROMENT 32,5%, graisses végétales (palme, palmiste), sucre de canne (contient BLE) 8,5%, LACTOSE, son de BLE, LAIT en poudre, miel, poudres à lever (diphosphate disodique, carbonate acide de sodium, carbonate acide d'ammonium), farine d'ORGE malté, cacao maigre en poudre, sel, extrait en poudre de malt d'ORGE et de maïs, amidon de FROMENT, émulsifiants: lécithines [SOJA]; vanilline.","['en:hazelnut-spread', 'en:cocoa', 'en:plant', 'en:wheat-flour', 'en:cereal', 'en:flour', 'en:wheat', 'en:cereal-flour', 'en:vegetable-fat', 'en:oil-and-fat', 'en:vegetable-oil-and-fat', 'en:cane-sugar', 'en:added-sugar', 'en:disaccharide', 'en:sugar', 'en:lactose', 'en:wheat-bran', 'en:milk-powder', 'en:dairy', 'en:honey', 'en:e450i', 'en:e450', 'en:e500ii', 'en:e500', 'en:e503ii', 'en:e503', 'en:barley-malt-flour', 'en:barley', 'en:barley-flour', 'en:fat-reduced-cocoa-powder', 'en:cocoa-powder', 'en:fat-reduced-cocoa', 'en:salt', 'en:malted-barley', 'en:malt', 'en:corn', 'en:wheat-starch', 'en:starch', 'en:e322', 'en:vanillin', 'en:palm-oil', 'en:palm-oil-and-fat', 'en:hazelnut', 'en:nut', 'en:tree-nut', 'en:skimmed-milk-powder', 'en:palm-kernel-fat', 'en:palm-kernel-oil-and-fat', 'en:soya-lecithin', 'en:e322i']","['en:gluten', 'en:milk', 'en:nuts', 'en:soybeans']",['en:mustard'],fr
20005733,Cerneaux de Noix,"noix décortiquée
Traces éventuelles d'autres fruits à coque et d'arachides.","['en:walnut', 'en:nut', 'en:tree-nut']",['en:nuts'],"['en:nuts', 'en:peanuts']",fr
20047238,Nussmix,"25% Walnusskerne, 25% Haselnusskerne, 25% Cashewkerne, 25% blanchierte Mandeln. Kann Spuren von anderen Schalenfrüchten und Erdnüssen enthalten.","['en:walnut-kernel', 'en:nut', 'en:tree-nut', 'en:walnut', 'fr:noisettes-decortiquees', 'en:hazelnut', 'en:cashew-nuts', 'en:almond']",['en:nuts'],"['en:nuts', 'en:peanuts']",de
6111035003004,Oulmes Eau Gazeuse,oulmes eau gazeuse.                                      oulmes eau.                                                       oulmes.                                                                eau drink.,"['fr:oulmes-eau-gazeuse', 'fr:oulmes-eau', 'fr:oulmes', 'fr:eau-drink']",[],[],fr
5449000000439,Coca Cola Original taste,"Eau gazéifiée, sucre, colorant (caramel (E150d)), acidifiant(acide phosphorique), arômes, caféine","['en:carbonated-water', 'en:water', 'en:sugar', 'en:added-sugar', 'en:disaccharide', 'en:colour', 'en:acid', 'en:flavouring', 'en:caffeine', 'en:e150d', 'en:e338']",[],[],fr
6111246722039,fromage herbes milky food,"Lait de vache pasteurisé, crème fraîche pasteurisée, ferments lactiques, présure, sel, ail et fines herbes.","['en:cow-s-milk', 'en:dairy', 'en:milk', 'en:fresh-cream', 'en:cream', 'en:lactic-ferments', 'en:ferment', 'en:microbial-culture', 'en:rennet', 'en:enzyme', 'en:coagulating-enzyme', 'en:salt', 'en:garlic', 'en:vegetable', 'en:root-vegetable', 'en:onion-family-vegetable', 'en:herb']",['en:milk'],[],fr
5010029000023,Original,"Volkoren tarwe (95%), gerstemoutextract, suiker, zout, niacine, ijzer, vitamines B2, B1 en B9.","['en:whole-wheat', 'en:cereal', 'en:wheat', 'en:barley-malt-extract', 'en:malt', 'en:malted-barley', 'en:sugar', 'en:added-sugar', 'en:disaccharide', 'en:salt', 'en:e375', 'en:iron', 'en:minerals', 'en:vitamins', 'en:e101', 'en:thiamin', 'en:folic-acid', 'en:folate']",['en:gluten'],[],nl
3284230011884,8 Pains au lait frais Bio 280g,"Farine de BLÉ*/** 51%, ŒUFS entiers*/** 12.5%, LAIT frais écrémé pasteurisé* 8.4%, huile de tournesol*/** 8.4%, levain* (eau, farines de BLE*/** 3.3% et de SEIGLE*, levures), sucre de canne roux*, arôme naturel de vanille* (contient alcool*), GLUTEN DE BLÉ*, levure, sel, extrait de vanille*. Traces éventuelles de soja. *Ingrédients issus de l'Agriculture Biologique. **Ingrédients issus du commerce équitable français.","['en:wheat-flour', 'en:cereal', 'en:flour', 'en:wheat', 'en:cereal-flour', 'en:whole-egg', 'en:egg', 'en:milk', 'en:dairy', 'en:sunflower-oil', 'en:oil-and-fat', 'en:vegetable-oil-and-fat', 'en:vegetable-oil', 'en:sourdough', 'en:dough', 'en:unrefined-cane-sugar', 'en:added-sugar', 'en:disaccharide', 'en:sugar', 'en:cane-sugar', 'en:unrefined-sugar', 'en:natural-vanilla-flavouring', 'en:flavouring', 'en:natural-flavouring', 'en:vanilla-flavouring', 'en:wheat-gluten', 'en:gluten', 'en:yeast', 'en:salt', 'en:vanilla-extract', 'en:plant', 'en:extract', 'en:vanilla', 'en:vegetable-extract', 'fr:francais', 'en:water', 'en:rye-sourdough', 'en:rye', 'en:alcohol']","['en:eggs', 'en:gluten', 'en:milk']",['en:soybeans'],fr
3175681066632,Biscuits pavot citron,"Farine de blé 48,8%, sucre non raffiné, huile de colza, farine complète de blé 11%, germe de blé 5,6%, graines de pavot bleu 5%, fibre végétale, émulsifiant: lecithines, citrons déshydratés 0,9%, jus concentré de citron, amidon de maïs, magnésium, sucre, poudre à lever: carbonates de sodium, arôme naturel de citron, vitamines (D, B1, B9). Peut contenir des fruits à coque, du lupin, de la moutarde, du sésame, de l'œuf, du soja et du lait.","['en:wheat-flour', 'en:cereal', 'en:flour', 'en:wheat', 'en:cereal-flour', 'en:unrefined-sugar', 'en:added-sugar', 'en:disaccharide', 'en:sugar', 'en:colza-oil', 'en:oil-and-fat', 'en:vegetable-oil-and-fat', 'en:rapeseed-oil', 'en:whole-wheat-flour', 'en:wholemeal-flour', 'en:wheat-germ', 'en:blue-poppy-seed', 'en:plant', 'en:poppy', 'en:poppyseed', 'en:vegetable-fiber', 'en:fiber', 'en:emulsifier', 'en:lemon', 'en:fruit', 'en:citrus-fruit', 'en:concentrated-lemon-juice', 'en:juice', 'en:fruit-juice', 'en:lemon-juice', 'en:corn-starch', 'en:starch', 'en:magnesium', 'en:minerals', 'en:raising-agent', 'en:natural-lemon-flavouring', 'en:flavouring', 'en:natural-flavouring', 'en:vitamins', 'en:vitamin-d', 'en:thiamin', 'en:folic-acid', 'en:folate', 'en:e322', 'en:e500']","['en:gluten', 'en:milk']","['en:eggs', 'en:lupin', 'en:milk', 'en:mustard', 'en:nuts', 'en:sesame-seeds', 'en:soybeans']",fr
6111031005439,Merendina,"sugar, glucose syrup, palm fat, cocoa butter, skimmed milk powder, cocoa mass, whey permeate powder (milk), wheat flour, wheat starch, milk fat, emulsifier (soya lecithin), salt, raising agent (sodium bicarbonate), natural vanilla extract","['en:sugar', 'en:added-sugar', 'en:disaccharide', 'en:glucose-syrup', 'en:monosaccharide', 'en:glucose', 'en:palm-fat', 'en:oil-and-fat', 'en:vegetable-oil-and-fat', 'en:palm-oil-and-fat', 'en:cocoa-butter', 'en:plant', 'en:vegetable-fat', 'en:cocoa', 'en:skimmed-milk-powder', 'en:dairy', 'en:milk-powder', 'en:cocoa-paste', 'en:whey-permeate-powder', 'en:whey', 'en:whey-permeate', 'en:wheat-flour', 'en:cereal', 'en:flour', 'en:wheat', 'en:cereal-flour', 'en:wheat-starch', 'en:starch', 'en:milkfat', 'en:fat', 'en:soya-lecithin', 'en:e322', 'en:e322i', 'en:salt', 'en:e500ii', 'en:e500', 'en:natural-vanilla-extract', 'en:extract', 'en:vanilla', 'en:vegetable-extract', 'en:vanilla-extract', 'en:natural-extract']","['en:eggs', 'en:gluten', 'en:milk', 'en:soybeans']",[],ar
3046920029780,Excellence Noir Subtil Doux 70% Cacao,"Kakaomasse, Zucker, Kakaobutter, Emulgator (Sojalecithin), Vanille. Kann Haselnüsse, Mandeln, Milch enthalten.","['en:cocoa-paste', 'en:plant', 'en:cocoa', 'en:sugar', 'en:added-sugar', 'en:disaccharide', 'en:cocoa-butter', 'en:oil-and-fat', 'en:vegetable-oil-and-fat', 'en:vegetable-fat', 'en:soya-lecithin', 'en:e322', 'en:e322i', 'en:vanilla']","['en:soybeans', 'nl:Sojalecithin']","['en:milk', 'en:nuts', 'nl:Haselnüsse', 'nl:Mandeln', 'nl:Milch']",nl
3302740087042,Les Tranches Végé Pois chiches,"Eau, pois chiches 19,6%, blanc d'œuf poudre, huile de colza, fécules, bouillon (eau, carottes, oignons, plantes aromatiques, céleri, sel, huile de colza, épices), extrait de plantes, sel, arômes naturels, conservateur: vinaigre tamponné, poivre, colorant: caramel ordinaire.","['en:water', 'en:chickpea', 'en:vegetable', 'en:pod-and-seed-vegetable', 'en:legume', 'en:egg-white', 'en:egg', 'en:colza-oil', 'en:oil-and-fat', 'en:vegetable-oil-and-fat', 'en:rapeseed-oil', 'en:starch', 'en:broth', 'en:extract', 'en:salt', 'en:natural-flavouring', 'en:flavouring', 'en:e267', 'en:pepper', 'en:seed', 'en:e150a', 'en:carrot', 'en:root-vegetable', 'en:taproot-vegetable', 'en:onion', 'en:onion-family-vegetable', 'en:herb', 'en:celery', 'en:stalk-vegetable', 'en:spice', 'en:condiment']","['en:celery', 'en:eggs']",[],fr
8002270014901,S. Pellegrino Water,carbonated water 100%,"['en:carbonated-water', 'en:water']",[],[],en
6111246721964,Cream Cheese,"Ingrédients: Lait de Vache pasteurisé, Crème fraiche pasteurisée ferments lactiques, Présure, Sel. VALEURS NUTRITIONNELLES ET ENERGÉTIQUES Valeurs Nutritionnelles Moyennes pour 100g Protéines 6 g Glucides 4g Lipides 20g Valeur Energétique Moyenne pour 100g 225 Kcal/931 KJ Température de conservation A conserver entre +4°C et +6°C","['ar:ingrédients', 'ar:crème-fraiche-pasteurisée-ferments-lactiques', 'ar:présure', 'ar:sel', 'ar:valeurs-nutritionnelles-et-energétiques-valeurs-nutritionnelles-moyennes-pour-100g-protéines-6-g-glucides-4g-lipides-20g-valeur-energétique-moyenne-pour-100g-225-kcal', 'ar:931-kj-température-de-conservation-a-conserver-entre-4-c-et-6-c', 'ar:lait-de-vache-pasteurisé']",[],[],en
6111242101050,LBEN CARTON PASTEURISER,"Lait frais partiellement écrémé, ferments lactiques.matière grasse 14g/L","['en:milk', 'en:dairy', 'fr:ferments lactiques.matière grasse', 'fr:L']",['en:milk'],[],fr
6111184001074,Confiture de Fraise,"Fraises(56%), Sucre, gélifiant (E-440) et acidifiant (E-330).","['en:strawberry', 'en:fruit', 'en:berries', 'en:sugar', 'en:added-sugar', 'en:disaccharide', 'en:e440a', 'en:e330']",[],[],fr
6111184001661,Star vinaigre de table BLANC,vinaigre de table,"['en:table-vinegar', 'en:vinegar']",[],[],fr
3088542500285,Sirop d'érable,sirop d'érable.,"['en:maple-syrup', 'en:added-sugar', 'en:disaccharide']",[],[],fr
3041090063206,Cracotte Céréales Complètes,"Céréales 98,5 % (farine complète de blé 66,2 %, farine de seigle 12,1 %, farine de blé 10,1 %, farine de riz 3,2 %, farine de blé malté 2,1 %, farine de sarrasin 1,6 %, farine d'orge 1,6 %, semoule de blé 1,6 %), sucre, lactosérum en poudre (de lait), sel, huile de palme, germes de blé. Peut contenir soja, sésame.","['en:cereal', 'en:sugar', 'en:added-sugar', 'en:disaccharide', 'en:whey-powder', 'en:dairy', 'en:whey', 'en:salt', 'en:palm-oil', 'en:oil-and-fat', 'en:vegetable-oil-and-fat', 'en:palm-oil-and-fat', 'en:wheat-germ', 'en:wheat', 'en:whole-wheat-flour', 'en:flour', 'en:cereal-flour', 'en:wholemeal-flour', 'en:wheat-flour', 'en:rye-flour', 'en:rice-flour', 'en:rice', 'en:malted-wheat-flour', 'en:buckwheat-flour', 'en:buckwheat', 'en:barley-flour', 'en:barley', 'en:wheat-semolina', 'en:semolina']","['en:gluten', 'en:milk']","['en:sesame-seeds', 'en:soybeans']",fr
3175681851863,Biscuits Soja Figue,"Farine de blé 43,9%, huile de colza, sucre non raffiné, flocons de soja toastés 10,3%, farine complète de blé 9,3%, pâte de figues 6,1%, germe de blé 5,5%, fibre de blé, émulsifiant : lécithines, poudres à lever (carbonates de potassium, acide citrique), magnésium, arôme naturel, calcium, arôme naturel de figue, amidon de blé, vitamines (E, PP, B5, B1, B6, B9).","['en:wheat-flour', 'en:cereal', 'en:flour', 'en:wheat', 'en:cereal-flour', 'en:colza-oil', 'en:oil-and-fat', 'en:vegetable-oil-and-fat', 'en:rapeseed-oil', 'en:unrefined-sugar', 'en:added-sugar', 'en:disaccharide', 'en:sugar', 'en:soya', 'en:whole-wheat-flour', 'en:wholemeal-flour', 'en:fig-paste', 'en:fruit', 'en:fig', 'en:wheat-germ', 'en:wheat-fiber', 'en:fiber', 'en:vegetable-fiber', 'en:emulsifier', 'en:raising-agent', 'en:magnesium', 'en:minerals', 'en:natural-flavouring', 'en:flavouring', 'en:calcium', 'en:natural-fig-flavouring', 'en:wheat-starch', 'en:starch', 'en:vitamins', 'en:vitamin-e', 'en:e375', 'en:pantothenic-acid', 'en:thiamin', 'en:vitamin-b6', 'en:folic-acid', 'en:folate', 'en:e322', 'en:e501', 'en:e330']","['en:gluten', 'en:milk', 'en:soybeans']","['en:eggs', 'en:lupin', 'en:milk', 'en:nuts', 'en:sesame-seeds']",fr
6111252421575,Aquafina 50cl,eau,['en:water'],[],[],fr
7300400481571,wasa,"Farine complète de SEIGLE 110 g*, sel. *en g pour 100 g de produit. Peut contenir des traces de LUPIN, LAIT, MOUTARDE, GRAINES DE SÉSAME et SOJA.","['en:wholemeal-rye-flour', 'en:flour', 'en:cereal-flour', 'en:rye-flour', 'en:wholemeal-flour', 'en:salt']",['en:gluten'],"['en:lupin', 'en:milk', 'en:mustard', 'en:sesame-seeds', 'en:soybeans']",fr
4056489007180,pain de mie grandes tranches spécial sandwich complet,"Farine de _blé_ complet 60%, eau, farine de _blé_, huile de colza, sucre, levure, sel, farine de fève, correcteur d'acidité (acétates de sodium), arôme naturel, alcool","['en:whole-wheat-flour', 'en:cereal', 'en:flour', 'en:wheat', 'en:cereal-flour', 'en:wholemeal-flour', 'en:wheat-flour', 'en:water', 'en:colza-oil', 'en:oil-and-fat', 'en:vegetable-oil-and-fat', 'en:rapeseed-oil', 'en:sugar', 'en:added-sugar', 'en:disaccharide', 'en:yeast', 'en:salt', 'en:broad-bean-flour', 'en:acidity-regulator', 'en:natural-flavouring', 'en:flavouring', 'en:alcohol', 'en:e262']",['en:gluten'],"['en:lupin', 'en:milk', 'en:mustard', 'en:soybeans']",fr
3362600011228,Sable coco Henry s 42g,"Farine de _froment_, sucre, graisse végétale, noix de coco râpée, poudre de _lait_, poudre de _lactosérum_, sucre inverti, agents levants (bicarbonate d'ammonium - bicarbonate de Sodium), sel, arômes.","['en:wheat-flour', 'en:cereal', 'en:flour', 'en:wheat', 'en:cereal-flour', 'en:sugar', 'en:added-sugar', 'en:disaccharide', 'en:vegetable-fat', 'en:oil-and-fat', 'en:vegetable-oil-and-fat', 'en:coconut', 'en:fruit', 'en:milk-powder', 'en:dairy', 'en:whey-powder', 'en:whey', 'en:invert-sugar', 'en:monosaccharide', 'en:raising-agent', 'en:salt', 'en:flavouring', 'en:e503ii', 'en:e503', 'en:e500ii', 'en:e500']","['en:gluten', 'en:milk']",['en:soybeans'],fr
3068320123264,Eau minéral naturelle,"EAU MINÉRALE NATURELLE, GAZ CARBONIQUE","['en:natural-mineral-water', 'en:water', 'en:mineral-water', 'en:e290']",[],[],fr
3175680011534,Biscuit lait chocolat,"Farine de blé 53,5%, sucre non raffiné, huile de colza, pépites de chocolat 8,4% (pâte de cacao¹, sucre, beurre de cacao', émulsifiant: lécithines (soja)), germe de blé 5,5%, farine de maïs, lait fermenté écrémé pasteurisé en poudre 2,6%, poudres à lever (tartrates de potassium, carbonates de sodium, carbonates d'ammonium), fibres d'avoine, magnésium, arôme naturel, sel de mer, émulsifiant: lécithines, amidon de blé, vitamines (E, B6, B9).","['en:wheat-flour', 'en:cereal', 'en:flour', 'en:wheat', 'en:cereal-flour', 'en:unrefined-sugar', 'en:added-sugar', 'en:disaccharide', 'en:sugar', 'en:colza-oil', 'en:oil-and-fat', 'en:vegetable-oil-and-fat', 'en:rapeseed-oil', 'en:chocolate-chunk', 'en:chocolate', 'en:wheat-germ', 'en:corn-flour', 'en:corn', 'en:buttermilk', 'en:dairy', 'en:e336', 'en:e500', 'en:e503', 'en:oat-fibre', 'en:fiber', 'en:oat', 'en:vegetable-fiber', 'en:magnesium', 'en:minerals', 'en:natural-flavouring', 'en:flavouring', 'en:sea-salt', 'en:salt', 'en:e322', 'en:wheat-starch', 'en:starch', 'en:vitamins', 'en:vitamin-e', 'en:vitamin-b6', 'en:folic-acid', 'en:folate', 'en:cocoa-paste', 'en:plant', 'en:cocoa', 'en:cocoa-butter', 'en:vegetable-fat', 'en:soya-lecithin', 'en:e322i']","['en:gluten', 'en:milk', 'en:soybeans']","['en:eggs', 'en:lupin', 'en:mustard', 'en:nuts', 'en:sesame-seeds']",fr
06153153,Tartines craquantes quinoa - pois chiche sans gluten,"Farine de riz* semi-complet, farine de quinoa* 12%, farine de pois chiche* 9%, farine de maïs*, sel marin. *Produits issus de l'agriculture biologique. EN-Organic rice, quinoa, chickpeas and corn crispbread INGREDIENTS semi-whole rice flour*, quinoa flour* 12%, chickpeas flour* 9% corn flour* sag.calt","['en:semi-wholemeal-rice-flour', 'en:flour', 'en:cereal-flour', 'en:rice', 'en:rice-flour', 'en:semi-wholemeal-flour', 'en:quinoa-flour', 'en:plant', 'en:quinoa', 'en:chickpea-flour', 'en:vegetable', 'en:legume', 'en:pulse', 'en:chickpea', 'en:corn-flour', 'en:cereal', 'en:corn', 'en:sea-salt', 'en:salt', 'fr:rice', 'fr:chickpeas and corn crispbread INGREDIENTS semi-whole rice flour', 'fr:quinoa flour', 'fr:chickpeas flour* 9\xa0% corn flour* sag.calt']",[],[],fr
6111032001010,DANONE ASSIL BANANE,"يوغورت عاقد - ا سکر. قشدة، زبدة، نكهة، خمائر حليبية لليوغورت. م. د: %1.80 مصنوع ف خط قد يمكن أن يحتوي على الكلوتين و الفستوه رقم الاعتماد الصحي 0NSSA ؛ 2.1,13 LPL الوزن الصافي : 10 لمكونات حليب بدون قشدة، مسحوق الحليب بدون قشدة تصنوع خط قد 4e ستطرال - دانون - طريق قنيطردره تارية الإفتاج - تاريخ ادتهاء انعز وع 6با علي لا عو ر ek TT10322 OO TO","['fr:يوغورت عاقد', 'fr:ا سکر', 'fr:قشدة', 'fr:زبدة', 'fr:نكهة', 'fr:خمائر حليبية لليوغورت', 'fr:م', 'fr:د', 'fr:10 لمكونات حليب بدون قشدة', 'fr:مسحوق الحليب بدون قشدة تصنوع خط قد 4e ستطرال', 'fr:دانون', 'fr:طريق قنيطردره تارية الإفتاج', 'fr:تاريخ ادتهاء انعز وع 6با علي لا عو ر ek TT10322 OO TO', 'fr:%1.80 مصنوع ف خط قد يمكن أن يحتوي على الكلوتين و الفستوه رقم الاعتماد الصحي 0NSSA ؛ 2.1‚13 LPL الوزن الصافي']",[],"['en:nuts', 'en:\x1fen:gluten\x1f  \x1fen:nuts\x1f']",fr
4056489620938,Beurre de cacahuètes,"100% cacahuètes grillées, Traces éventuelles de soja,","['en:roasted-peanut', 'en:nut', 'en:peanut']",['en:peanuts'],['en:soybeans'],fr
5010477348357,Country Crisp 4 noix,"Céréales complètes (48%) (flocons d'_avoine_, farine d'_avoine_), sucre, noix (14%) (_noisettes_ grillées en morceaux et entières, _amandes_ effilées et entières, morceaux de _noix du Brésil_, éclats de _noix de pécan_), flocons d'_orge_, huile végétale (huile de colza, huile de tournesol), farine de riz, noix de coco séchée, arôme naturel.","['en:wholemeal-cereal', 'en:cereal', 'en:sugar', 'en:added-sugar', 'en:disaccharide', 'en:walnut', 'en:nut', 'en:tree-nut', 'en:barley-flakes', 'en:barley', 'en:vegetable-oil', 'en:oil-and-fat', 'en:vegetable-oil-and-fat', 'en:rice-flour', 'en:flour', 'en:rice', 'en:desiccated-coconut', 'en:fruit', 'en:coconut', 'en:natural-flavouring', 'en:flavouring', 'en:oat-flakes', 'en:oat', 'en:oat-flour', 'en:cereal-flour', 'en:hazelnut', 'en:flaked-almonds', 'en:almond', 'en:pecan-nut', 'en:colza-oil', 'en:rapeseed-oil', 'en:sunflower-oil']","['en:gluten', 'en:nuts', 'fr:avoine']","['en:gluten', 'en:nuts']",fr
8410076610737,NATURE VALLEY protein pind&choc.GV,"roasted peanuts (39%), chicory root extract, isolated soy protein, chocolate pieces (8%) (sugar, cocoa paste, emulsifier: soy lecithin), sugar, vegetable fat: palm, whey (milk), sunflower oil, fructose, glucose syrup, peanut butter (2%), lean cocoa powder, tapioca starch, humectant: glycerol, salt, emulsifiers: sunflower and soybean lecithins,  natural aromas, maltodextrin allergens: see ingredients in bold, may contain nuts and sunflower seeds, cocoa butter contains 4 servings","['en:roasted-peanut', 'en:nut', 'en:peanut', 'en:chicory-root', 'en:vegetable', 'en:shoot-vegetable', 'en:chicory', 'en:soy-protein-isolate', 'en:protein', 'en:plant-protein', 'en:soy-protein', 'en:chocolate-chunk', 'en:chocolate', 'en:sugar', 'en:added-sugar', 'en:disaccharide', 'en:vegetable-fat', 'en:oil-and-fat', 'en:vegetable-oil-and-fat', 'en:whey', 'en:dairy', 'en:sunflower-oil', 'en:vegetable-oil', 'en:fructose', 'en:monosaccharide', 'en:glucose-syrup', 'en:glucose', 'en:peanut-butter', 'en:fat-reduced-cocoa-powder', 'en:plant', 'en:cocoa', 'en:cocoa-powder', 'en:fat-reduced-cocoa', 'en:tapioca', 'en:starch', 'en:e422', 'en:salt', 'en:sunflower', 'en:soya-lecithin', 'en:e322', 'en:e322i', 'en:natural-flavouring', 'en:flavouring', 'en:maltodextrin allergens', 'en:sunflower-seed', 'en:seed', 'en:cocoa butter contains 4 servings', 'en:cocoa-paste', 'en:palm', 'en:palm-oil-and-fat', 'en:palm-oil']","['en:milk', 'en:peanuts', 'en:soybeans']",['en:nuts'],nl
8425197712024,Chocolate con leche y almendras,"Azúcar, Grasa vegetal de palmiste parcialmente hidrogenada, Leche en polvo, Almendras, Cacao desgrasado en polvo, suero lácteo en polvo, Emulgente (lecitina de soja), aroma (vainilla).","['en:sugar', 'en:added-sugar', 'en:disaccharide', 'es:grasa-vegetal-de-palmiste-parcialmente-hidrogenada', 'en:milk-powder', 'en:dairy', 'en:almond', 'en:nut', 'en:tree-nut', 'en:fat-reduced-cocoa-powder', 'en:plant', 'en:cocoa', 'en:cocoa-powder', 'en:whey-powder', 'en:whey', 'en:emulsifier', 'en:flavouring', 'en:soya-lecithin', 'en:e322', 'en:e322i', 'en:vanilla-flavouring']","['en:milk', 'en:nuts', 'en:soybeans']",[],es
5449000036872,Hawai Tropical,"ماء غازي, سكر, مركز عصير البرتقال, محليات, مواد حافظة, مثبت, نكهات طبيعية","['ar:ماء غازي', 'en:sugar', 'en:added-sugar', 'en:disaccharide', 'ar:مركز عصير البرتقال', 'ar:محليات', 'ar:مواد حافظة', 'ar:مثبت', 'ar:نكهات طبيعية']",[],['en:nuts'],ar
3229820021027,P'tit Nature Complet,"Farine complète de blé* 76,8%, Sucre de canne* roux, Huile de colza*, Amidon de blé*, Poudre à lever (carbonates d'ammonium), Sel marin, Arôme naturel de vanille, Antioxydant (extraits de romarin).","['en:whole-wheat-flour', 'en:cereal', 'en:flour', 'en:wheat', 'en:cereal-flour', 'en:wholemeal-flour', 'en:wheat-flour', 'en:unrefined-cane-sugar', 'en:added-sugar', 'en:disaccharide', 'en:sugar', 'en:cane-sugar', 'en:unrefined-sugar', 'en:colza-oil', 'en:oil-and-fat', 'en:vegetable-oil-and-fat', 'en:rapeseed-oil', 'en:wheat-starch', 'en:starch', 'en:raising-agent', 'en:sea-salt', 'en:salt', 'en:natural-vanilla-flavouring', 'en:flavouring', 'en:natural-flavouring', 'en:vanilla-flavouring', 'en:antioxidant', 'en:e503', 'en:e392']",['en:gluten'],"['en:eggs', 'en:milk', 'en:mustard', 'en:sesame-seeds', 'en:soybeans']",fr
3272770098090,St Môret,"_lait_ et _crème_ pasteurisés (Origine: France), protéines du _lait_, sel","['en:milk', 'en:dairy', 'en:cream', 'en:milk-proteins', 'en:protein', 'en:animal-protein', 'en:salt']",['en:milk'],['en:nuts'],fr
3175681105423,Cookie cacao pépites Sans Sucre,"Farine de blé 47,3%, édulcorant : maltitols, huile de colza, pépites de chocolat au maltitol 10,8% (pâte de cacao, édulcorant: maltitols, beurre de cacao, émulsifiant : lécithines), fibres de blé, cacao maigre en poudre 4,5%, son d'avoine, émulsifiant : lécithines, arôme naturel, poudres à lever (carbonates de sodium, carbonates d'ammonium), sel de mer.","['en:wheat-flour', 'en:cereal', 'en:flour', 'en:wheat', 'en:cereal-flour', 'en:e965', 'en:colza-oil', 'en:oil-and-fat', 'en:vegetable-oil-and-fat', 'en:rapeseed-oil', 'fr:pépites de chocolat au maltitol', 'en:wheat-fiber', 'en:fiber', 'en:vegetable-fiber', 'en:fat-reduced-cocoa-powder', 'en:plant', 'en:cocoa', 'en:cocoa-powder', 'en:fat-reduced-cocoa', 'en:oat-bran', 'en:oat', 'en:e322', 'en:natural-flavouring', 'en:flavouring', 'en:e500', 'en:e503', 'en:sea-salt', 'en:salt', 'en:cocoa-paste', 'en:cocoa-butter', 'en:vegetable-fat']",['en:gluten'],"['en:eggs', 'en:lupin', 'en:milk', 'en:nuts', 'en:peanuts', 'en:sesame-seeds']",fr
3228857001231,Harrys brioche tressee nature au sucre perle sans additifs 500g,"Farine de BLÉ 51,8%, eau, OEUFS frais 12,2%, sucre 11,5%, huile de colza 10,8%, sucre perlé 2,3% (sucre, graisse végétale : karité, arôme), gluten de BLÉ, arômes dont fleur d'oranger (contient alcool), extraits végétaux à pouvoir colorant (curcuma, paprika), levure, fibre de BLÉ, sel, farine d'ORGE maltée, extrait d'acérola. Peut contenir des traces de LAIT, GRAINES DE SÉSAME, FRUITS A COQUE et SOJA.","['en:wheat-flour', 'en:cereal', 'en:flour', 'en:wheat', 'en:cereal-flour', 'en:water', 'en:fresh-egg', 'en:egg', 'en:sugar', 'en:added-sugar', 'en:disaccharide', 'en:colza-oil', 'en:oil-and-fat', 'en:vegetable-oil-and-fat', 'en:rapeseed-oil', 'en:nib-sugar', 'en:wheat-gluten', 'en:gluten', 'en:orange-blossom-flavouring', 'en:flavouring', 'fr:extraits à pouvoir colorant', 'en:yeast', 'en:wheat-fiber', 'en:fiber', 'en:vegetable-fiber', 'en:salt', 'en:barley-malt-flour', 'en:barley', 'en:barley-flour', 'en:acerola-juice', 'en:fruit', 'en:juice', 'en:fruit-juice', 'en:vegetable-fat', 'en:turmeric', 'en:condiment', 'en:spice', 'en:paprika', 'en:shea-butter']","['en:eggs', 'en:gluten']","['en:milk', 'en:nuts', 'en:sesame-seeds', 'en:soybeans']",fr
3046920028363,Excellence 85% Cacao Rich Dark,"Cacaomassa, magere cacao, cacaoboter, bruine suiker, vanille.","['en:cocoa-paste', 'en:plant', 'en:cocoa', 'en:fat-reduced-cocoa', 'en:cocoa-butter', 'en:oil-and-fat', 'en:vegetable-oil-and-fat', 'en:vegetable-fat', 'en:muscovado', 'en:added-sugar', 'en:disaccharide', 'en:sugar', 'en:vanilla']",[],"['en:milk', 'en:nuts', 'en:sesame-seeds', 'en:soybeans']",nl
20022464,Extra Dark 74% Cocoa,"cocoa mass, sugar, cocoa butter, fat reduced cocoa powder, emulsifier: lecithins (soya), natural vanilla flavouring, dark chocolate contains: cocoa solids 74% minimum,","['en:cocoa-paste', 'en:plant', 'en:cocoa', 'en:sugar', 'en:added-sugar', 'en:disaccharide', 'en:cocoa-butter', 'en:oil-and-fat', 'en:vegetable-oil-and-fat', 'en:vegetable-fat', 'en:fat-reduced-cocoa-powder', 'en:cocoa-powder', 'en:fat-reduced-cocoa', 'en:e322', 'en:natural-vanilla-flavouring', 'en:flavouring', 'en:natural-flavouring', 'en:vanilla-flavouring', 'en:dark-chocolate', 'en:chocolate', 'en:cocoa-solids']",['en:soybeans'],"['en:gluten', 'en:Amande', 'en:Arachides', 'en:Avoine', 'en:Blé', 'en:Lait', 'en:Noisettes', 'en:Noix', 'en:Noix de cajou', 'en:Noix de macadamia', 'en:Noix de pécan', 'en:Noix du brésil', 'en:Orge', 'en:Pistaches', 'en:Seigle']",en
7613035040823,Nestlé dessert Noir,"Sucre, pâte de cacao¹ (Afrique de l'Ouest, Amérique du Sud), beurre de cacao¹, émulsifiant (lécithines), arôme naturel de vanille de Madagascar. Peut contenir : LAIT, FRUITS À COQUE. ¹Bilan massique certifié Rainforest Alliance. www.ra.org/fr","['en:sugar', 'en:added-sugar', 'en:disaccharide', 'en:cocoa-paste', 'en:plant', 'en:cocoa', 'en:cocoa-butter', 'en:oil-and-fat', 'en:vegetable-oil-and-fat', 'en:vegetable-fat', 'en:e322', 'fr:arome-naturel-de-vanille-de-madagascar', 'en:flavouring', 'en:natural-flavouring', 'en:vanilla-flavouring', 'en:natural-vanilla-flavouring', 'fr:Bilan massique certifié Rainforest Alliance', 'fr:www.ra.org', 'fr:fr']",[],"['en:milk', 'en:nuts', 'en:FRUITS À COQUE', 'en:LAIT']",en
3228857002245,Pain de mie seigle Sandwich Harrys sans sucres ajoutés,"Farine de BLÉ 48,9%, eau, farine complète de SEIGLE 5,1%, graines de lin doré 5,1%, graines de tournesol 5,1%, huile de colza, farine d'ORGE maltée torréfiée, gluten de BLÉ, fibre de chicorée, arôme (contient alcool), levure, sel, vinaigre, extrait d'acérola. Peut contenir des traces d'OEUF, SOJA, LAIT, FRUITS À COQUE, GRAINES DE SÉSAME, LUPIN et MOUTARDE.","['en:wheat-flour', 'en:cereal', 'en:flour', 'en:wheat', 'en:cereal-flour', 'en:water', 'en:wholemeal-rye-flour', 'en:rye-flour', 'en:wholemeal-flour', 'en:golden-flax-seeds', 'en:seed', 'en:flax', 'en:flax-seed', 'en:sunflower-seed', 'en:colza-oil', 'en:oil-and-fat', 'en:vegetable-oil-and-fat', 'en:rapeseed-oil', 'fr:farine-d-orge-malte-toaste', 'en:barley', 'en:barley-flour', 'en:wheat-gluten', 'en:gluten', 'en:chicory-fibre', 'en:vegetable', 'en:fiber', 'en:shoot-vegetable', 'en:vegetable-fiber', 'en:chicory', 'en:flavouring', 'en:yeast', 'en:salt', 'en:vinegar', 'en:acerola-juice', 'en:fruit', 'en:juice', 'en:fruit-juice']",['en:gluten'],"['en:eggs', 'en:lupin', 'en:milk', 'en:mustard', 'en:nuts', 'en:sesame-seeds', 'en:soybeans']",fr
3046920010047,LINDT EXCELLENCE Smooth Dark 78%,"Kakao 78% mindesten
kakaomasse, kakaobutter, Zucker, stark entölter Kakao, Buttereinfett.
kann Schalenfrüchte, soja, sesamsamen, Weizen enthalten","['de:Kakao 78\xa0% mindesten kakaomasse', 'en:cocoa-butter', 'en:oil-and-fat', 'en:plant', 'en:vegetable-oil-and-fat', 'en:vegetable-fat', 'en:cocoa', 'en:sugar', 'en:added-sugar', 'en:disaccharide', 'de:stark entölter Kakao', 'de:Buttereinfett']","['en:milk', 'nl:Buttereinfett']","['en:milk', 'en:nuts', 'en:soybeans', 'nl:Schalenfrüchte', 'nl:Weizen', 'nl:sesamsamen']",nl
6111242105331,Beurre Frais Pasteurisé,Beurre pasteurisé à 82% de matière grasse laitière,['fr:beurre-pasteurise-a-82-de-matiere-grasse-laitiere'],[],[],fr
16256866,1848 Chocolat en poudre,"Cacao maigre en poudre (50%) (beurre de cacao (11%)), sucre, arôme.

Peut contenir lait et soja.","['en:fat-reduced-cocoa-powder', 'en:plant', 'en:cocoa', 'en:cocoa-powder', 'en:sugar', 'en:added-sugar', 'en:disaccharide', 'en:flavouring', 'en:cocoa-butter']",[],"['en:milk', 'en:soybeans']",fr
16256163,Poulain,"Sucre, huile de tournesol, noisettes, cacao en poudre (7%), lait écrémé en poudre, lactosérum en poudre, lactose, beurre de cacao, émulsifiant (lécithines de soja), arôme naturel de vanille.

Peut contenir autres fruits à coque.","['en:sugar', 'en:added-sugar', 'en:disaccharide', 'en:sunflower-oil', 'en:oil-and-fat', 'en:vegetable-oil-and-fat', 'en:vegetable-oil', 'en:hazelnut', 'en:nut', 'en:tree-nut', 'en:cocoa-powder', 'en:plant', 'en:cocoa', 'en:skimmed-milk-powder', 'en:dairy', 'en:milk-powder', 'en:whey-powder', 'en:whey', 'en:lactose', 'en:cocoa-butter', 'en:emulsifier', 'en:natural-vanilla-flavouring', 'en:flavouring', 'en:natural-flavouring', 'en:vanilla-flavouring', 'en:soya-lecithin', 'en:e322', 'en:e322i']","['en:milk', 'en:nuts', 'en:soybeans']",['en:nuts'],fr
3159470000120,CORN FLAKES,"corn, sugar, aroma of malt of barley, salt, vitamins and minerals : vitamin b3/pp, vitamin b6, vitamin b2, vitamin b1, vitamin b9, vitamin d, vitamin b12, iron,","['en:corn', 'en:cereal', 'en:sugar', 'en:added-sugar', 'en:disaccharide', 'en:aroma of malt of barley', 'en:salt', 'en:vitamins', 'en:minerals', 'en:e375', 'en:vitamin-b6', 'en:e101', 'en:thiamin', 'en:folic-acid', 'en:folate', 'en:vitamin-d', 'en:vitamin-b12', 'en:iron']",['en:gluten'],[],en
3229820769165,Muesli avoine chocolat bio,"Flocons d'avoine* complète 37%, Flocons croustillants d'avoine* 33% (avoine complète, miel*), Flocons de blé* complet, Pétales de maïs au chocolat* 7% [pétales de maïs* (maïs*, sucre de canne* brut, sel de mer), sucre de canne* brut, beurre de cacao*, pâte de cacao*, lait* entier en poudre, agent d'enrobage : gomme arabique], Chocolat noir* 5% (pâte de cacao*, sucre de canne* brut, beurre de cacao*), Flocons d'épeautre* complet (blé), Billettes au cacao* (farine de blé*, sucre de canne* brut, farine d'avoine*, poudre de cacao* maigre, farine de malt d'orge*).","['en:whole-grain-oat-flakes', 'en:cereal', 'en:oat', 'en:oat-flakes', 'en:wholemeal-oat', ""fr:Flocons croustillants d'avoine"", 'en:whole-wheat-flakes', 'en:wheat', 'en:whole-wheat', 'en:wheat-flakes', 'de:schokolierte-cornflakes', 'en:dark-chocolate', 'en:chocolate', 'en:whole-grain-spelt-flakes', 'en:spelt', 'en:whole-spelt', 'en:spelt-flakes', 'fr:Billettes au cacao', 'en:honey', 'en:added-sugar', 'en:corn-flakes', 'en:corn', 'en:unrefined-cane-sugar', 'en:disaccharide', 'en:sugar', 'en:cane-sugar', 'en:unrefined-sugar', 'en:cocoa-butter', 'en:oil-and-fat', 'en:plant', 'en:vegetable-oil-and-fat', 'en:vegetable-fat', 'en:cocoa', 'en:cocoa-paste', 'en:whole-milk-powder', 'en:dairy', 'en:milk-powder', 'en:e414', 'en:wheat-flour', 'en:flour', 'en:cereal-flour', 'en:oat-flour', 'en:fat-reduced-cocoa-powder', 'en:cocoa-powder', 'en:fat-reduced-cocoa', 'en:barley-malt-flour', 'en:barley', 'en:barley-flour', 'en:sea-salt', 'en:salt']","['en:gluten', 'en:milk']","['en:nuts', 'en:sesame-seeds', 'en:soybeans']",fr
6111242103702,Yaourt Grec Muesli,"Lait frais, crème, poudre lait, sucre, amidon, préparation de céréales et de fruits secs (amandes, noix, miel, raisins secs, blé, avoine, seigle), ferments lactiques, arômes Matière grasse: 7%","['en:milk', 'en:dairy', 'en:cream', 'en:milk-powder', 'en:sugar', 'en:added-sugar', 'en:disaccharide', 'en:starch', 'fr:préparation de céréales', 'en:dried-fruit', 'en:fruit', 'en:lactic-ferments', 'en:ferment', 'en:microbial-culture', 'fr:arômes Matière grasse', 'en:almond', 'en:nut', 'en:tree-nut', 'en:walnut', 'en:honey', 'en:raisin', 'en:berries', 'en:grape', 'en:wheat', 'en:cereal', 'en:oat', 'en:rye']","['en:gluten', 'en:milk', 'en:nuts']","['en:nuts', 'en:\x1fen:gluten\x1f']",fr
3057640257773,Eau Minérale Naturelle,Eau minerale naturelle,"['en:natural-mineral-water', 'en:water', 'en:mineral-water']",[],[],fr
3228857001378,Brioche moins de sucre,"Farine de BLÉ 52,5%, eau, OEUFS frais 9%, huile de colza, sucre 8,5%, arôme (contient alcool), fibres (BLÉ, AVOINE), gluten de BLÉ, levure, sel, extraits végétaux à pouvoir colorant (curcuma, paprika), extrait d'acérola. Peut contenir des traces de LAIT, SOJA, FRUITS A COQUE, GRAINES DE SÉSAME.","['en:wheat-flour', 'en:cereal', 'en:flour', 'en:wheat', 'en:cereal-flour', 'en:water', 'en:fresh-egg', 'en:egg', 'en:colza-oil', 'en:oil-and-fat', 'en:vegetable-oil-and-fat', 'en:rapeseed-oil', 'en:sugar', 'en:added-sugar', 'en:disaccharide', 'en:flavouring', 'en:fiber', 'en:wheat-gluten', 'en:gluten', 'en:yeast', 'en:salt', 'fr:extraits à pouvoir colorant', 'en:acerola-juice', 'en:fruit', 'en:juice', 'en:fruit-juice', 'en:wheat-fiber', 'en:vegetable-fiber', 'en:oat-fibre', 'en:oat', 'en:turmeric', 'en:condiment', 'en:spice', 'en:paprika']","['en:eggs', 'en:gluten']","['en:milk', 'en:nuts', 'en:sesame-seeds', 'en:soybeans']",fr
3251490307002,Goûter pépites de chocolat,"Farine de blé 51,9%, pépites de chocolat 14,6% (pâte de cacao, sucre, beurre de cacao, émulsifiant lécithines (soja)), sucre non raffiné, huile de colza, farine de maïs, fibre végétale, dextrose, arôme naturel, magnésium, calcium, poudre à lever: carbonates d'ammonium, jus concentré de citron, sel de mer, protéines de lait, vitamines (D, B1, B9)","['en:wheat-flour', 'en:cereal', 'en:flour', 'en:wheat', 'en:cereal-flour', 'en:chocolate-chunk', 'en:chocolate', 'en:unrefined-sugar', 'en:added-sugar', 'en:disaccharide', 'en:sugar', 'en:colza-oil', 'en:oil-and-fat', 'en:vegetable-oil-and-fat', 'en:rapeseed-oil', 'en:corn-flour', 'en:corn', 'en:vegetable-fiber', 'en:fiber', 'en:dextrose', 'en:monosaccharide', 'en:glucose', 'en:natural-flavouring', 'en:flavouring', 'en:magnesium', 'en:minerals', 'en:calcium', 'en:e503', 'en:concentrated-lemon-juice', 'en:fruit', 'en:juice', 'en:fruit-juice', 'en:lemon-juice', 'en:sea-salt', 'en:salt', 'en:milk-proteins', 'en:protein', 'en:animal-protein', 'en:vitamins', 'en:vitamin-d', 'en:thiamin', 'en:folic-acid', 'en:folate', 'en:cocoa-paste', 'en:plant', 'en:cocoa', 'en:cocoa-butter', 'en:vegetable-fat', 'en:e322', 'en:soya-lecithin', 'en:e322i']","['en:gluten', 'en:milk', 'en:soybeans']","['en:lupin', 'en:nuts', 'en:sesame-seeds']",fr
5411188115366,Alpro smooth subtle creamy oat,"_Ovesná složka_ (pitná voda, oves (9,8%)]], rozpustná kukuřičná vláknina, slunečnicový olej, fosforečnan vápenatý, mořská sůl, stabilizátor (guma gellan), vitaminy (B2, B12, D2).","['cs:_Ovesná složka_', 'en:water', 'en:oat', 'en:cereal', 'cs:rozpustná kukuřičná vláknina', 'en:sunflower-oil', 'en:oil-and-fat', 'en:vegetable-oil-and-fat', 'en:vegetable-oil', 'en:e341iii', 'en:e341', 'en:sea-salt', 'en:salt', 'en:e418', 'cs:vitamíny', 'en:e101']","['en:gluten', 'fr:Ovesná složka', 'fr:oves']",[],fr
6923818812082,Green Tea,100% soluble coffee,"['en:instant-coffee', 'en:coffee']",[],[],fr
6111099000247,Hule D'olive,Huiled'olive vierge,['fr:huiled-olive-vierge'],[],['en:nuts'],fr
5000168198491,Sablés Anglais L'Original,"Farine (55%) (farine de blé, calcium, fer, niacine, thiamine), huile de palme, farine de blé complète (16%), sucre, poudres à lever (carbonates de sodium, acide malique, carbonates d'ammonium), sirop de sucre inverti, sel.

Peut aussi contenir du lait.","['en:flour', 'en:palm-oil', 'en:oil-and-fat', 'en:vegetable-oil-and-fat', 'en:palm-oil-and-fat', 'en:whole-wheat-flour', 'en:cereal', 'en:wheat', 'en:cereal-flour', 'en:wholemeal-flour', 'en:wheat-flour', 'en:sugar', 'en:added-sugar', 'en:disaccharide', 'en:e500', 'en:e296', 'en:e503', 'en:invert-sugar-syrup', 'en:monosaccharide', 'en:syrup', 'en:invert-sugar', 'en:sugar-syrup', 'en:salt', 'en:calcium', 'en:minerals', 'en:iron', 'en:e375', 'en:thiamin', 'en:vitamins']","['en:gluten', 'en:milk']",['en:milk'],fr
3366321052386,st hubert bio & végétal,"Huiles végétales 54% (karité*, tournesol oléique* 14%, coco*, colza* 11%), eau, émulsifiant (lécithine de SOJA*), sel, arôme naturel de carotte, jus de citron*, stabilisant (pectine). *Ingrédients issus de l'agriculture biologique. Nom de l'additif : lécithine de soja, pectine","['en:vegetable-oil', 'en:oil-and-fat', 'en:vegetable-oil-and-fat', 'en:water', 'en:soya-lecithin', 'en:e322', 'en:e322i', 'en:salt', 'en:natural-carrot-flavouring', 'en:flavouring', 'en:natural-flavouring', 'en:lemon-juice', 'en:fruit', 'en:juice', 'en:fruit-juice', 'en:e440a', ""fr:Nom de l'additif"", 'en:shea-butter', 'en:vegetable-fat', 'en:high-oleic-sunflower-oil', 'en:sunflower-oil', 'en:coconut-oil', 'en:colza-oil', 'en:rapeseed-oil']","['en:nuts', 'en:soybeans']",[],fr
3336971805021,Chips de lentilles saveur fines herbes,"Farine de lentille (36%), huiles végétales (tournesol, colza), farine de riz, farine de maïs, amidons, sucre, sel, oignon, ail, persil, aneth, ciboulette, arôme naturel, extrait d'aneth, poivre vert, chlorure de potassium, régulateurs d'acidité (acide citrique, acide lactique).","['en:lentil-flour', 'en:vegetable', 'en:pod-and-seed-vegetable', 'en:legume', 'en:lentils', 'en:vegetable-oil', 'en:oil-and-fat', 'en:vegetable-oil-and-fat', 'en:rice-flour', 'en:flour', 'en:rice', 'en:corn-flour', 'en:cereal', 'en:corn', 'en:starch', 'en:sugar', 'en:added-sugar', 'en:disaccharide', 'en:salt', 'en:onion', 'en:root-vegetable', 'en:onion-family-vegetable', 'en:garlic', 'en:parsley', 'en:herb', 'en:leaf-vegetable', 'en:dill', 'en:chives', 'en:natural-flavouring', 'en:flavouring', 'en:green-pepper', 'en:seed', 'en:pepper', 'en:e508', 'en:e330', 'en:e270', 'en:sunflower-oil', 'en:colza-oil', 'en:rapeseed-oil']",[],"['en:gluten', 'en:milk', 'en:peanuts', 'en:soybeans']",fr
8715700407760,Tomato Ketchup BIO,"Tomates (180 g pour 100 g de Ketchup), sucre, vinaigre, sel, épices (contient céleri), poudre d'oignon, poudre d'ail,","['en:tomato', 'en:vegetable', 'en:fruit-vegetable', 'en:sugar', 'en:added-sugar', 'en:disaccharide', 'en:vinegar', 'en:salt', 'en:spice', 'en:condiment', 'en:onion', 'en:root-vegetable', 'en:onion-family-vegetable', 'en:garlic']",['en:celery'],[],fr
6111099000254,Huile d'olive,huile d'olive,"['en:olive-oil', 'en:oil-and-fat', 'en:vegetable-oil-and-fat', 'en:vegetable-oil']",[],['ar:nothing'],fr
8424893600352,kéfir 500g,اكتشـ عالم الكفير غني بالبروتين الوزن الصافي: 回 W: 12 500جم e الحليب المخمر الطبيعي المكونات: :العربية: حليب شبه منزوع الفيتامينات 812 العربية: يحتوي على الملايين من البروبيوتيك الطبيعي ويحتوي على 16 سلالة مختلفة من الثقافات الحية المختارة من خمائر الكفير والخمائر التركيبة الغذائية قيمة الطاقة الدسم قشدة المبستر ، تخمير دهون (جم) الكفير الخمائر اللبنية الخمائر، فيتامين B12 وفيتامين B6 بلد منشأ الحليب الاتحاد الأوروبي. بلد التحول إسبانيا 6 (كيلو) جول كيلو كالوري) منها مُشبعة (جم) كربوهيدرات (جم) البروتين (جم) الفيتامينات B6 (مجم) منها سكريات (جم) ملح (جم) IR لكل DR (100) جم) 315/75 4 42 6 28 14 5.5 2 55 6 39 8 0.15 2 02 15 الفيتامينات B12 ميكروغرام) 15 A المدخول المرجعي للشخص البالغ العادي 8400 كيلو /جول 2000 كيلو كالوريا,"['fr:اكتشـ-عالم-الكفير-غني-بالبروتين-الوزن-الصافي', 'fr:12-500جم-e-الحليب-المخمر-الطبيعي-المكونات', 'fr:العربية', 'fr:يحتوي-على-الملايين-من-البروبيوتيك-الطبيعي-ويحتوي-على-16-سلالة-مختلفة-من-الثقافات-الحية-المختارة-من-خمائر-الكفير-والخمائر-التركيبة-الغذائية-قيمة-الطاقة-الدسم-قشدة-المبستر', 'fr:تخمير-دهون', 'fr:الكفير-الخمائر-اللبنية-الخمائر', 'fr:فيتامين-b12-وفيتامين-b6-بلد-منشأ-الحليب-الاتحاد-الأوروبي', 'fr:بلد-التحول-إسبانيا-6', 'fr:جول-كيلو-كالوري-منها-مُشبعة', 'fr:كربوهيدرات', 'fr:البروتين', 'fr:الفيتامينات-b6', 'fr:منها-سكريات', 'fr:ملح', 'fr:ir-لكل-dr', 'fr:جم-315', 'fr:75-4-42-6-28-14-5-5-2-55-6-39-8-0-15-2-02-15-الفيتامينات-b12-ميكروغرام-15-a-المدخول-المرجعي-للشخص-البالغ-العادي-8400-كيلو', 'fr:جول-2000-كيلو-كالوريا', 'fr:回-w', 'fr:حليب-شبه-منزوع-الفيتامينات-812-العربية', 'fr:جم', 'fr:كيلو', 'fr:مجم', 'fr:100']",[],[],fr
3168930010906,Cruesli Chocolat noir,"full oats (37%), dark chocolate* (12%) (cocoa, sugar, natural vanilla flavour, emulsifiers (soy lecithin, polyglycerol polyricinoleate)),sunflower oil,sugar,complete wheat (9,6%),glucose syrup,oligofructose,rice flours and wheat (1,9%),dried coconut,molasses,salt,cinnamon,caramelized sugar,flavourings,antioxidant (tocopherol),*dark chocolate contains a minimum of 65% cocoa,","['en:full oats', 'en:dark-chocolate', 'en:chocolate', 'en:sunflower-oil', 'en:oil-and-fat', 'en:vegetable-oil-and-fat', 'en:vegetable-oil', 'en:sugar', 'en:added-sugar', 'en:disaccharide', 'en:whole-wheat', 'en:cereal', 'en:wheat', 'en:glucose-syrup', 'en:monosaccharide', 'en:glucose', 'en:oligofructose', 'en:rice-flour', 'en:flour', 'en:rice', 'en:coconut', 'en:fruit', 'en:molasses', 'en:salt', 'en:cinnamon', 'en:condiment', 'en:spice', 'en:flavouring', 'en:vitamin-e', 'en:vitamins', 'en:dark chocolate contains a minimum of 65% cocoa', 'en:cocoa', 'en:plant', 'en:natural-vanilla-flavouring', 'en:natural-flavouring', 'en:vanilla-flavouring', 'en:soya-lecithin', 'en:e322', 'en:e322i', 'en:e476']","['en:gluten', 'en:soybeans']","['en:gluten', 'en:milk', 'en:soybeans', 'en:Fruits à coque']",en
7622210601988,Granola L'Original,"Farine de BLÉ 36%, chocolat au LAIT 27 % [sucre, pâte de cacao, beurre de cacao, lactosérum en poudre (de LAIT), LAIT écrémé en poudre, graisses végétales (karité, palme en proportion variable), BEURRE concentré, émulsifiants (lécithines de SOJA, E476), lactose (de LAIT), arôme], huile de palme, farine complète de BLE 12 %, sucre, sirop de sucre, poudres à lever (carbonates de sodium, carbonates d'ammonium), sel, correcteur d'acidité (acide citrique).

Peut contenir : fruits à coque.","['en:wheat-flour', 'en:cereal', 'en:flour', 'en:wheat', 'en:cereal-flour', 'en:milk-chocolate', 'en:chocolate', 'en:palm-oil', 'en:oil-and-fat', 'en:vegetable-oil-and-fat', 'en:palm-oil-and-fat', 'en:whole-wheat-flour', 'en:wholemeal-flour', 'en:sugar', 'en:added-sugar', 'en:disaccharide', 'en:sugar-syrup', 'en:syrup', 'en:e500', 'en:e503', 'en:salt', 'en:e330', 'en:cocoa-paste', 'en:plant', 'en:cocoa', 'en:cocoa-butter', 'en:vegetable-fat', 'en:whey-powder', 'en:dairy', 'en:whey', 'en:skimmed-milk-powder', 'en:milk-powder', 'en:butterfat', 'en:fat', 'en:milkfat', 'en:soya-lecithin', 'en:e322', 'en:e322i', 'en:e476', 'en:lactose', 'en:flavouring', 'en:shea-butter']","['en:gluten', 'en:milk', 'en:soybeans']",['en:nuts'],fr
8410076601131,Crunchy avoine et miel,"Avoine complète (60%), sucre, huiles végétales, miel (3%), sel de cuisine (0,8%), mélasse (0,8%), lécithines, bicarbonate de sodium.","['en:wholemeal-oat', 'en:cereal', 'en:oat', 'en:sugar', 'en:added-sugar', 'en:disaccharide', 'en:vegetable-oil', 'en:oil-and-fat', 'en:vegetable-oil-and-fat', 'en:honey', 'en:salt', 'en:molasses', 'en:e322', 'en:e500ii', 'en:e500']","['en:gluten', 'en:nuts']","['en:gluten', 'en:nuts', 'en:peanuts', 'en:soybeans']",fr
6111259343108,KING COOKIES,دقيقالقمح،رقائق الشوكولاته20%[عجينة زيت النخلة.الكاكاو،سكر،دكستروز و مستحلب,"['fr:دقيقالقمح', 'fr:رقائق-الشوكولاته', 'fr:عجينة-زيت-النخلة-الكاكاو', 'fr:سكر', 'fr:دكستروز-و-مستحلب']",[],[],fr
7613035676497,"Chicorée & Café, RICORÉ® L'Original, Boîte de 260g","Café soluble 33%, fibres de chicorée (oligofructose) 33%, chicorée soluble 30%, magnésium.","['en:instant-coffee', 'en:coffee', 'en:chicory-fibre', 'en:vegetable', 'en:fiber', 'en:shoot-vegetable', 'en:vegetable-fiber', 'en:chicory', 'fr:chicoree-soluble', 'en:magnesium', 'en:minerals', 'en:oligofructose']",[],[],fr
6111242100930,رايبي جودة,lait frais partiellement écrémé'sucre'colorant:amidon ' arôme 'correcteur d'acidité :acide citrique'ferments lactiques sélectionnés' matière grasse:1'3%,"[""fr:lait frais partiellement écrémé'sucre'colorant"", ""fr:acide citrique'ferments lactiques sélectionnés' matière grasse"", ""fr:amidon ' arôme 'correcteur d'acidité"", 'fr:1']",[],[],fr
59032823,nutella,"Sucre, huile de palme, _NOISETTES_ 13%, _LAIT_ écrémé en poudre 8,7%, cacao maigre 7,4%, émulsifiants : lécithines [_SOJA_] ; vanilline.","['en:sugar', 'en:added-sugar', 'en:disaccharide', 'en:palm-oil', 'en:oil-and-fat', 'en:vegetable-oil-and-fat', 'en:palm-oil-and-fat', 'en:hazelnut', 'en:nut', 'en:tree-nut', 'en:skimmed-milk-powder', 'en:dairy', 'en:milk-powder', 'en:fat-reduced-cocoa', 'en:plant', 'en:cocoa', 'en:e322', 'en:vanillin']","['en:milk', 'en:nuts', 'en:soybeans']",[],fr
3451790988677,Le Beurre Tendre,"cream (origin france), milk fat , lactic ferments,","['en:cream', 'en:dairy', 'en:milkfat', 'en:oil-and-fat', 'en:fat', 'en:lactic-ferments', 'en:ferment', 'en:microbial-culture']",['en:milk'],[],en
3046920028004,Excellence 70% Cocoa Intense Dark,"Cacaomassa, suiker, cacaoboter, vanille.","['en:cocoa-paste', 'en:plant', 'en:cocoa', 'en:sugar', 'en:added-sugar', 'en:disaccharide', 'en:cocoa-butter', 'en:oil-and-fat', 'en:vegetable-oil-and-fat', 'en:vegetable-fat', 'en:vanilla']","['en:milk', 'en:nuts']","['en:milk', 'en:nuts', 'en:sesame-seeds', 'en:soybeans']",nl
6111184001197,,"زيت الصوجا، ماء، خل المائدة، أصفر البيض، خردل*، ملح، مثبت E415، مواد حافظة : (E202, E211) و مضادات الأكسدة: (E330,E385)، * يحتوي على السولفيت","['ar:زيت الصوجا', 'en:water', 'ar:خل المائدة', 'ar:أصفر البيض', 'ar:خردل', 'en:salt', 'ar:مثبت e415', 'ar:مواد حافظة', 'ar:e211) و مضادات الأكسدة', 'en:e385', 'ar:يحتوي على السولفيت', 'en:e202', 'en:e330']","['en:eggs', 'en:mustard', 'en:soybeans', 'en:sulphur-dioxide-and-sulphites']",[],xx
3088543506255,Sirop d'Agave,agave syrup,['fr:agave syrup'],[],[],fr
3251490320001,Biscuit complet au germe de blé,"Farine complète de blé 45,3%, farine de blé 23%, sucre non raffiné, huile de colza, germe de blé 5,7%, fibres d'avoine, arômes naturels (extrait de malt d'orge), poudres à lever (carbonates d'ammonium, acide citrique), magnésium, émulsifiant : lecithines, sel de mer, antioxydant: extrait naturel riche en tocopherols, amidon de blé, vitamines (E, D, B6, B1, B9).","['en:whole-wheat-flour', 'en:cereal', 'en:flour', 'en:wheat', 'en:cereal-flour', 'en:wholemeal-flour', 'en:wheat-flour', 'en:unrefined-sugar', 'en:added-sugar', 'en:disaccharide', 'en:sugar', 'en:colza-oil', 'en:oil-and-fat', 'en:vegetable-oil-and-fat', 'en:rapeseed-oil', 'en:wheat-germ', 'en:oat-fibre', 'en:fiber', 'en:oat', 'en:vegetable-fiber', 'en:natural-flavouring', 'en:flavouring', 'en:raising-agent', 'en:magnesium', 'en:minerals', 'en:emulsifier', 'en:sea-salt', 'en:salt', 'en:antioxidant', 'en:wheat-starch', 'en:starch', 'en:vitamins', 'en:vitamin-e', 'en:vitamin-d', 'en:vitamin-b6', 'en:thiamin', 'en:folic-acid', 'en:folate', 'en:barley-malt-extract', 'en:malt', 'en:malted-barley', 'en:e503', 'en:e330', 'en:e322', 'fr:extrait-naturel-riche-en-tocopherols']",['en:gluten'],"['en:lupin', 'en:milk', 'en:mustard', 'en:nuts', 'en:sesame-seeds', 'en:soybeans']",fr
3033710084913,Arôme MAGGI - Bouteille 250g,"Arômes (protéines de blé), eau, sel, exhausteurs de goût : glutamate monosodique, inosinate disodique ; sucre.","['en:flavouring', 'en:water', 'en:salt', 'en:e621', 'en:e631', 'en:sugar', 'en:added-sugar', 'en:disaccharide', 'en:wheat-protein', 'en:protein', 'en:plant-protein']",['en:gluten'],[],fr
3041090063114,Cracotte,"cereals to 97,8 % (wheat flour 97,3 %, rye flour ), sugar, whey powder (milk ), palm oil, salt, mineral (diphosphate ferric), emulsifier (sunflower lecithin)","['en:cereal', 'en:sugar', 'en:added-sugar', 'en:disaccharide', 'en:whey-powder', 'en:dairy', 'en:whey', 'en:palm-oil', 'en:oil-and-fat', 'en:vegetable-oil-and-fat', 'en:palm-oil-and-fat', 'en:salt', 'en:minerals', 'en:emulsifier', 'en:wheat-flour', 'en:flour', 'en:wheat', 'en:cereal-flour', 'en:rye-flour', 'en:diphosphate ferric', 'en:sunflower-lecithin', 'en:e322', 'en:e322i']","['en:gluten', 'en:milk']",[],nl
3083681095296,Ratatouille Cuisinée à la Provençal,"Dés d'aubergines préfrites 25% (aubergines 22%, huile de tournesol), dès de courgettes 25%, purée de tomates mi-réduite 21%, oignons en dès 13%, poivrons rouges en dès 8%, double concentré de tomate 3%, huile d'olive vierge extra 1,5%, sucre 1,3%, sel, ail, jus concentré de citron, farine de BLE, thym 0.1%.","['fr:aubergine-prefrite', 'en:vegetable', 'en:fruit-vegetable', 'en:aubergine', 'fr:dès de courgettes', 'fr:puree-de-tomate-mi-reduite', 'en:tomato', 'en:tomato-puree', 'fr:oignons en dès', 'fr:poivrons rouges en dès', 'en:double-concentrated-tomato', 'en:concentrate', 'en:tomato-concentrate', 'en:extra-virgin-olive-oil', 'en:oil-and-fat', 'en:vegetable-oil-and-fat', 'en:vegetable-oil', 'en:olive-oil', 'en:virgin-olive-oil', 'en:sugar', 'en:added-sugar', 'en:disaccharide', 'en:salt', 'en:garlic', 'en:root-vegetable', 'en:onion-family-vegetable', 'en:concentrated-lemon-juice', 'en:fruit', 'en:juice', 'en:fruit-juice', 'en:lemon-juice', 'en:wheat-flour', 'en:cereal', 'en:flour', 'en:wheat', 'en:cereal-flour', 'en:thyme', 'en:herb', 'en:sunflower-oil']",['en:gluten'],[],fr
3760049790252,Pain de mie grandes tranches Toastiligne complet,"Farine complète de BLÉ* 61%, eau, GLUTEN DE BLÉ, levure sel, farine de BLÉ*0,7%, vinaigre, conservateur : propionate de calcium, émulsifiant : mono - et diglycérides d'acides gras (origine végétale), agent de traitement de la farine : acide ascorbique. Traces éventuelles de soja, moutarde et graines de sésame. * Ingrédients issus du commerce équitable français.","['en:whole-wheat-flour', 'en:cereal', 'en:flour', 'en:wheat', 'en:cereal-flour', 'en:wholemeal-flour', 'en:wheat-flour', 'en:water', 'en:wheat-gluten', 'en:gluten', 'fr:levure-sel', 'en:vinegar', 'en:preservative', 'en:emulsifier', 'en:flour-treatment-agent', 'fr:francais', 'en:e282', 'en:e471', 'en:e300']",['en:gluten'],"['en:mustard', 'en:sesame-seeds', 'en:soybeans']",fr
6111099000599,Huile de table,"Huiles végétales (Soja), Vitamine A, Vitamine D3","['en:vegetable-oil', 'en:oil-and-fat', 'en:vegetable-oil-and-fat', 'en:vitamin-a', 'en:vitamins', 'en:cholecalciferol', 'en:vitamin-d', 'en:soya-oil']",['en:soybeans'],[],fr
6111266960336,Perly fromage,"fromage, eau, beurre, lait écrémé en poudre, sel, sels de fonte E452, E331, E339, protéines de lait, correcteur d'acidité E330, conservateur E202, colorant E160a, arôme","['en:cheese', 'en:dairy', 'en:water', 'en:butter', 'en:skimmed-milk-powder', 'en:milk-powder', 'en:salt', 'en:emulsifying-salts', 'en:e331', 'en:e339', 'en:milk-proteins', 'en:protein', 'en:animal-protein', 'en:acidity-regulator', 'en:preservative', 'en:colour', 'en:flavouring', 'en:e452', 'en:e330', 'en:e202', 'en:e160a']",['en:milk'],[],fr
7622201133337,Figolu,"Farine de blé 34 %, pâte de figues 26 %, sucre, huile de palme, sirop de glucose-fructose, sirop de glucose, sirop de sucre partiellement inverti, sel, poudres à lever (carbonates de sodium, carbonates d'ammonium), correcteur d'acidité (acide citrique). Peut contenir lait.","['en:wheat-flour', 'en:cereal', 'en:flour', 'en:wheat', 'en:cereal-flour', 'fr:pâte de figues', 'en:sugar', 'en:added-sugar', 'en:disaccharide', 'en:palm-oil', 'en:oil-and-fat', 'en:vegetable-oil-and-fat', 'en:palm-oil-and-fat', 'en:glucose-fructose-syrup', 'en:monosaccharide', 'en:fructose', 'en:glucose', 'en:glucose-syrup', 'en:partially-inverted-sugar-syrup', 'en:syrup', 'en:invert-sugar', 'en:sugar-syrup', 'en:invert-sugar-syrup', 'en:salt', 'en:e500', 'en:e503', 'en:e330']",['en:gluten'],['en:milk'],fr
5411188103387,ALPRO vanille,"SOJABASIS (Wasser, geschälte SOJABOHNEN (9,9%)), Zucker, Stabilisator (Pektine), Tricalciumphosphat, Säureregulatoren (Citronensäure, Natriumcitrate), Karottenextrakt, Meersalz, natürliches Vanille-Aroma, Aromen, Vanillepulver (0,03%), Antioxidationsmittel (stark tocopherolhaltige Extrakte, Fettsäureester der Ascorbinsäure), Vitamine (B2, B12, D2), Joghurtkulturen (Str. thermophilus, L. bulgaricus)","['en:soy-base', 'en:sugar', 'en:added-sugar', 'en:disaccharide', 'en:e440a', 'en:e341iii', 'en:e341', 'en:e330', 'en:e331', 'en:carrot-extract', 'en:vegetable', 'en:root-vegetable', 'en:taproot-vegetable', 'en:carrot', 'en:sea-salt', 'en:salt', 'en:natural-vanilla-flavouring', 'en:flavouring', 'en:natural-flavouring', 'en:vanilla-flavouring', 'en:vanilla-powder', 'en:plant', 'en:vanilla', 'en:e306', 'en:e304', 'en:vitamins', 'en:e101', 'en:vitamin-b12', 'en:ergocalciferol', 'en:vitamin-d', 'en:lactic-ferments', 'en:ferment', 'en:microbial-culture', 'en:water', 'en:soya-bean', 'en:pod-and-seed-vegetable', 'en:legume', 'en:pulse', 'en:soya', 'de:Str', 'de:thermophilus', 'en:lactobacillus-bulgaricus', 'en:lactobacillus']","['en:soybeans', 'nl:SOJABOHNEN']",['en:nuts'],nl
3229820181950,Fourrés Chocolat au Lait,"Farine De Blé 39%, Chocolat Au Lait 25% (Sucre De Canne Roux Non Raffiné, Beurre De Cacao, Lait Entier En Poudre, Pâte De Cacao), Sucre De Canne Roux Non Raffiné 16%, Farine Complète De Blé 15%, Huile De Tournesol Oléique, Arôme Naturel De Vanille, Lait Écrémé En Poudre, Sel De Mer Non Raffiné, Poudres À Lever (Carbonates D'ammonium, Carbonates De Sodium), Épaississant (Gomme D'acacia) Antioxydant (Extrait De Romarin).","['en:wheat-flour', 'en:cereal', 'en:flour', 'en:wheat', 'en:cereal-flour', 'en:milk-chocolate', 'en:chocolate', 'en:unrefined-cane-sugar', 'en:added-sugar', 'en:disaccharide', 'en:sugar', 'en:cane-sugar', 'en:unrefined-sugar', 'en:whole-wheat-flour', 'en:wholemeal-flour', 'en:high-oleic-sunflower-oil', 'en:oil-and-fat', 'en:vegetable-oil-and-fat', 'en:vegetable-oil', 'en:sunflower-oil', 'en:natural-vanilla-flavouring', 'en:flavouring', 'en:natural-flavouring', 'en:vanilla-flavouring', 'en:skimmed-milk-powder', 'en:dairy', 'en:milk-powder', 'en:unrefined-sea-salt', 'en:salt', 'en:sea-salt', 'en:unrefined-salt', 'en:e503', 'en:e500', 'en:e414', 'en:e392', 'en:cocoa-butter', 'en:plant', 'en:vegetable-fat', 'en:cocoa', 'en:whole-milk-powder', 'en:cocoa-paste']","['en:gluten', 'en:milk', 'en:mustard', 'en:sesame-seeds']","['en:eggs', 'en:mustard', 'en:nuts', 'en:sesame-seeds', 'en:soybeans']",fr
6111251753912,611251753912,"PROTEGE Tetra Pak CE QUI EST BON olla المكونات : لب طماطم (160غ لإنتاج 100غ من المنتج) ، زيت عباد الشمس، سكر ، نشا الذرة معدل، ملح، نكهة الخضر. 7% من مواد جافة 

Ingrédients: Purée de tomate (160 g pour produire 100 g de produit), huile de tournesol, sucre, amidon de mais modifié, sel, arôme de légumes. 7% de matières sèches. 

Ingredientes: Puré de tomate (160 g para elaborar 100 g de producto), aceite de girasol, azúcar, almidón modificado de maíz, sal, aroma de verduras. 7% de materia seca. VALEURS NUTRITIONNELLES (Pour 100 g de produit) القيمة الغذائية (لكل 100غ من المنتج Valeur Energétique","['en:PROTEGE Tetra Pak CE QUI EST BON olla المكونات', 'en:زيت عباد الشمس', 'en:سكر', 'en:نشا الذرة معدل', 'en:ملح', 'en:نكهة الخضر', 'en:من مواد جافة Ingrédients', 'en:huile de tournesol', 'en:sucre', 'en:amidon de mais modifié', 'en:sel', 'en:arôme de légumes', 'en:de matières sèches', 'en:Ingredientes', 'en:aceite de girasol', 'en:azúcar', 'en:almidón modificado de maíz', 'en:sal', 'en:aroma de verduras', 'en:de materia seca', 'en:VALEURS NUTRITIONNELLES', 'en:القيمة الغذائية', 'en:لكل 100غ من المنتج Valeur Energétique', 'en:لب طماطم', 'en:Purée de tomate', 'en:Puré de tomate', 'en:Pour 100 g de produit', 'en:160غ لإنتاج 100غ من المنتج', 'en:pour produire 100 g de produit', 'en:para elaborar 100 g de producto']",[],[],en
6111242102002,غلال القمح,"Ingré&lents : lait entier enrichi en crème, sucre, poudre de lait écrémé, texturant : amidon, préparation de céréales, fibres, arômes, ferments ladiques et colorant naturel. Matière grasse : 3,4 % Poids net : 110 g","['fr:Ingré&lents', 'en:sugar', 'en:added-sugar', 'en:disaccharide', 'en:skimmed-milk-powder', 'en:dairy', 'en:milk-powder', 'fr:texturant', 'fr:préparation de céréales', 'en:fiber', 'en:flavouring', 'fr:ferments ladiques', 'en:natural-colours', 'en:colour', 'en:fat', 'en:oil-and-fat', 'fr:lait entier enrichi en crème', 'en:starch', 'fr:Poids net']",['en:milk'],['en:milk'],fr
3225350000501,Pulco à diluer citron,"Eau, jus à base de concentrés: citron 35,5% et orange 4,5% (équivalent à 40% de jus reconstitués), pulpes de citron 5%, acidifiant : acide citrique, extrait de citron.","['en:water', 'en:concentrated-juice', 'en:juice', 'en:lemon-pulp', 'en:fruit', 'en:citrus-fruit', 'en:lemon', 'en:acid', 'en:lemon-extract', 'en:extract', 'en:fruit-extract', 'en:citrus-fruit-extract', 'en:concentrated-lemon-juice', 'en:fruit-juice', 'en:lemon-juice', 'en:concentrated-orange-juice', 'en:orange', 'en:orange-juice', 'en:e330']",['en:orange'],[],fr
3327272107259,Menguy's Beurre de cacahuètes creamy,"CACAHUETES (86%), beurre végétal (sal, cacao), sucre, sel. Traces éventuelles de fruits à coque, soja, gluten de blé.","['en:peanut', 'en:nut', 'en:butter', 'en:dairy', 'en:sugar', 'en:added-sugar', 'en:disaccharide', 'en:salt', 'fr:sal', 'en:cocoa-butter', 'en:oil-and-fat', 'en:plant', 'en:vegetable-oil-and-fat', 'en:vegetable-fat', 'en:cocoa']","['en:milk', 'en:peanuts']","['en:gluten', 'en:nuts', 'en:soybeans']",fr
6111184000213,El Baraka Confiture D'abricots 430 G,"Ingrédienb'. Sucre, Abricots (50%), gélifiant : Pectine de fruits et correcteur d'acidité : acide citriques.","['fr:ingredienb', 'en:sugar', 'en:added-sugar', 'en:disaccharide', 'en:apricot', 'en:fruit', 'en:prunus-species-fruit', 'en:gelling-agent', 'en:e330', 'en:fruit-pectin', 'en:e440a', 'en:acidity-regulator']",[],[],fr
3228857001194,Beau & bon Céréales & graines,"Farines de céréales 54,8% (BLÉ 46,6%, AVOINE 1,8%, riz, SEIGLE, ORGE 1,8%, SEIGLE malté, ORGE malté 0,3%), eau, graines 14,6% (tournesol 4,6%, SOJA, lin, millet, AVOINE 0,9%, maïs, ORGE 0,4%, SÉSAME), gluten de BLÉ, huile de colza, levure, arôme (contient alcool), sel, vinaigre, extrait d'acérola. Peut contenir des traces d'OEUF, LAIT, FRUITS A COQUE, MOUTARDE et LUPIN.","['en:cereal-flour', 'en:flour', 'en:water', 'en:seed', 'en:wheat-gluten', 'en:gluten', 'en:colza-oil', 'en:oil-and-fat', 'en:vegetable-oil-and-fat', 'en:rapeseed-oil', 'en:yeast', 'en:flavouring', 'en:salt', 'en:vinegar', 'en:acerola-juice', 'en:fruit', 'en:juice', 'en:fruit-juice', 'en:wheat', 'en:cereal', 'en:oat', 'en:rice', 'en:rye', 'en:barley', 'en:malted-barley', 'en:malt', 'en:sunflower-seed', 'en:soya-bean', 'en:vegetable', 'en:pod-and-seed-vegetable', 'en:legume', 'en:pulse', 'en:soya', 'en:flax-seed', 'en:flax', 'en:millet-seed', 'en:millet', 'en:corn', 'en:sesame-seeds', 'en:sesame']","['en:gluten', 'en:sesame-seeds', 'en:soybeans']","['en:eggs', 'en:lupin', 'en:milk', 'en:mustard', 'en:nuts']",fr
6111032008453,danino,Danino,['fr:Danino'],[],[],fr
5060042641000,Lightly sea salted crisps,"Potatoes, vegetable oils (sunflower, rapeseed in varying proportions), sea salt. May contain MILK. Packaged in a protective atmosphere.","['en:potato', 'en:vegetable', 'en:root-vegetable', 'en:tuber', 'en:vegetable-oil', 'en:oil-and-fat', 'en:vegetable-oil-and-fat', 'en:sea-salt', 'en:salt', 'en:sunflower-oil', 'en:rapeseed-oil']",[],['en:milk'],en
3067140013120,Chicorée soluble nature,100% chicorée soluble,"['fr:chicoree-soluble', 'en:vegetable', 'en:shoot-vegetable', 'en:chicory']",[],[],fr
3242274030056,Manhattan Oeuf  Poulet Rôti  Fromage,"Salade composée 80% (spécialités céréalières cuites (eau, semoule de BLE dur, OEUF, sel, curcuma), OEUF, salade 11%, viande de poulet, carottes, FROMAGE à pâte dure, jus de citron, huile de colza, eau, amidon, fécule, dextrose, ferments, sel, arôme naturel, persil). 
Sauce vinaigrette balsamique 7% (huile de colza, huile d'olive vierge, vinaigre de vin (SULFITES), moût de raisin, sel) 
Cookie au chocolat 7% (sucre, farine de BLE, OEUF, BEURRE, huile de colza, pâte et beurre de cacao, poudre de cacao maigre, poudre à lever: bicarbonate de sodium, émulsifiants: lécithines de SOJA, arôme naturel, sel). 
Gressins 4% (farine de BLE, son de BLE, fibre de BLE, semoule de BLE dur, BEURRE, huile d'olive vierge, huile de colza, eau, levure boulangère, sucre, amidon, fécule, sel, graines de pavot, arôme naturel).","['fr:salade-composee', 'en:vegetable', 'en:salad', 'fr:Sauce vinaigrette balsamique', 'fr:Cookie au chocolat', 'bg:гризини', 'fr:spécialités céréalières cuites', 'en:egg', 'en:chicken-meat', 'en:poultry', 'en:chicken', 'en:carrot', 'en:root-vegetable', 'en:taproot-vegetable', 'en:hard-cheese', 'en:dairy', 'en:cheese', 'en:lemon-juice', 'en:fruit', 'en:juice', 'en:fruit-juice', 'en:colza-oil', 'en:oil-and-fat', 'en:vegetable-oil-and-fat', 'en:rapeseed-oil', 'en:water', 'en:starch', 'en:dextrose', 'en:added-sugar', 'en:monosaccharide', 'en:glucose', 'en:ferment', 'en:salt', 'en:natural-flavouring', 'en:flavouring', 'en:parsley', 'en:herb', 'en:leaf-vegetable', 'en:virgin-olive-oil', 'en:vegetable-oil', 'en:olive-oil', 'en:wine-vinegar', 'en:vinegar', 'en:grape-must', 'en:must', 'en:sugar', 'en:disaccharide', 'en:wheat-flour', 'en:cereal', 'en:flour', 'en:wheat', 'en:cereal-flour', 'en:butter', 'en:cocoa-mass-and-cocoa-butter', 'en:plant', 'en:vegetable-fat', 'en:cocoa', 'en:cocoa-butter', 'en:cocoa-paste', 'en:fat-reduced-cocoa-powder', 'en:cocoa-powder', 'en:fat-reduced-cocoa', 'en:e500ii', 'en:e500', 'en:soya-lecithin', 'en:e322', 'en:e322i', 'en:wheat-bran', 'en:wheat-fiber', 'en:fiber', 'en:vegetable-fiber', 'en:durum-wheat-semolina', 'en:durum-wheat', 'en:semolina', 'en:baker-s-yeast', 'en:yeast', 'en:poppyseed', 'en:poppy', 'en:turmeric', 'en:condiment', 'en:spice']","['en:eggs', 'en:gluten', 'en:milk', 'en:soybeans', 'en:sulphur-dioxide-and-sulphites']","['en:fish', 'en:gluten', 'en:mustard', 'en:nuts', 'en:soybeans']",fr
3412290070071,Fromage à tartiner Nature fouetté MADAME LOIK - 320g,"FROMAGE frais, sel de Guérande (1,1%). Traces éventuelles de fruits à coque. Apports laitiers issus de LAIT pasteurisé (LAIT : origine France ( Régions Bretagne et Pays de la Loire)","['en:soft-white-cheese', 'en:dairy', 'en:cheese', 'en:salt-from-guerande', 'en:salt', 'en:sea-salt', 'fr:Apports laitiers issus de LAIT pasteurisé', 'en:milk']",['en:milk'],"['en:milk', 'en:nuts']",fr
3760049798869,Pain de mie Bio grandes tranches complet sans sucres ajoutés 500g,"Farine complète de BLÉ*/** 59%, eau, GLUTEN DE BLÉ*, huile de tournesol*, levure, arôme naturel d'AVOINE*(contient alcool*), sel, vinaigre*, farine de BLÉ*/**0,3%, levure désactivée, antioxydant : acide ascorbique. Traces éventuelles de soja. *Ingrédients issus de l'Agriculture Biologique. **Ingrédients issus du commerce équitable français.","['en:whole-wheat-flour', 'en:cereal', 'en:flour', 'en:wheat', 'en:cereal-flour', 'en:wholemeal-flour', 'en:wheat-flour', 'en:water', 'en:wheat-gluten', 'en:gluten', 'en:sunflower-oil', 'en:oil-and-fat', 'en:vegetable-oil-and-fat', 'en:vegetable-oil', 'en:yeast', 'fr:arome-naturel-d-avoine', 'en:salt', 'en:vinegar', 'en:deactivated-yeast', 'en:antioxidant', 'en:alcohol', 'en:vitamin-c', 'en:vitamins', 'fr:francais']",['en:gluten'],['en:soybeans'],fr
3362600011006,Henry's Petit Surfin,"farine de froment, sucre, Graisse végétale , Sucre inverti, Agents levants (Bicarbonate d'ammonium, Bicarbonate de sodium), arôme vanille","['en:wheat-flour', 'en:cereal', 'en:flour', 'en:wheat', 'en:cereal-flour', 'en:sugar', 'en:added-sugar', 'en:disaccharide', 'en:vegetable-fat', 'en:oil-and-fat', 'en:vegetable-oil-and-fat', 'en:invert-sugar', 'en:monosaccharide', 'en:e503ii', 'en:e503', 'en:e500ii', 'en:e500', 'en:vanilla-flavouring', 'en:flavouring']",['en:gluten'],['en:nuts'],fr
6111180000392,سكر الفانيلين,"sucre, amidon de maïs, éthylvanilline","['en:sugar', 'en:added-sugar', 'en:disaccharide', 'en:corn-starch', 'en:starch', 'en:ethylvanillin', 'en:vanillin']",[],[],ar
3168930009078,Flocons d'avoine complète,100% Flocons d'avoine.,"['en:oat-flakes', 'en:cereal', 'en:oat']",[],['en:gluten'],fr
6111242102781,Tendre nature,"Lait frais, crème, sucre, poudre de lait écrémé, ferments lactiques,","['en:milk', 'en:dairy', 'en:cream', 'en:sugar', 'en:added-sugar', 'en:disaccharide', 'en:skimmed-milk-powder', 'en:milk-powder', 'en:lactic-ferments', 'en:ferment', 'en:microbial-culture']",['en:milk'],['en:milk'],fr
3272770097642,Le Goût Primeur format familial,"Lait et crème pasteurisés (Origine : France), protéines du lait, sel,","['en:milk', 'en:dairy', 'en:cream', 'en:milk-proteins', 'en:protein', 'en:animal-protein', 'en:salt']",['en:milk'],['en:milk'],fr
3760020508012,Tartines craquantes Sarrasin,"Farine de sarrasin* 80 %, farine de riz*, sel marin.
*Produits issus de l'agriculture biologique.","['en:buckwheat-flour', 'en:cereal', 'en:flour', 'en:buckwheat', 'en:rice-flour', 'en:rice', 'en:sea-salt', 'en:salt']",[],[],fr
6111099005495,Mantequilla,,,[],[],de
6111250470742,Lait U.H.T entier,lait,"['en:milk', 'en:dairy']",['en:milk'],[],fr
3228857000852,Pain de mie 100% mie nature,"Farine de BLÉ 63%, eau, sucre, huile de colza, sel, vinaigre, levure, farine de fèves, gluten de BLÉ, arôme (contient alcool), extrait d'acérola. Peut contenir des traces d'OEUF, SOJA, LAIT, FRUITS A COQUE et GRAINES DE SÉSAME.","['en:wheat-flour', 'en:cereal', 'en:flour', 'en:wheat', 'en:cereal-flour', 'en:water', 'en:sugar', 'en:added-sugar', 'en:disaccharide', 'en:colza-oil', 'en:oil-and-fat', 'en:vegetable-oil-and-fat', 'en:rapeseed-oil', 'en:salt', 'en:vinegar', 'en:yeast', 'en:broad-bean-flour', 'en:vegetable', 'en:pod-and-seed-vegetable', 'en:legume', 'en:broad-bean', 'en:wheat-gluten', 'en:gluten', 'en:flavouring', 'en:acerola-juice', 'en:fruit', 'en:juice', 'en:fruit-juice']",['en:gluten'],"['en:eggs', 'en:milk', 'en:nuts', 'en:sesame-seeds', 'en:soybeans']",fr
6111251753899,Olla,"Puré de tomate (160 g para elaborar 100 g de producto), aceite de girasol, azúcar, almidón modificado de maíz, sal, aroma de verduras.","['en:tomato-puree', 'en:vegetable', 'en:fruit-vegetable', 'en:tomato', 'en:sunflower-oil', 'en:oil-and-fat', 'en:vegetable-oil-and-fat', 'en:vegetable-oil', 'en:sugar', 'en:added-sugar', 'en:disaccharide', 'en:modified-corn-starch', 'en:starch', 'en:corn-starch', 'en:modified-starch', 'en:salt', 'es:aroma de verduras', 'es:para elaborar 100 g de producto']",[],[],es
20095291,Cioccolato fondente,"Massa di cacao, zucchero, burro di cacao, emulsionante: lecitine (soia); estratto di vaniglia","['en:cocoa-paste', 'en:plant', 'en:cocoa', 'en:sugar', 'en:added-sugar', 'en:disaccharide', 'en:cocoa-butter', 'en:oil-and-fat', 'en:vegetable-oil-and-fat', 'en:vegetable-fat', 'en:e322', 'en:vanilla-extract', 'en:extract', 'en:vanilla', 'en:vegetable-extract']",['en:soybeans'],"['en:milk', 'en:nuts']",it
8445290133403,Nesquik,"Sucre, cacao maigre en poudre* (23%), émulsifiant : lécithine de SOJA, sel, vitamines (C, D), arôme naturel, cannelle. *Bilan massique certifié Rainforest Alliance www.ra.org/fr","['en:sugar', 'en:added-sugar', 'en:disaccharide', 'en:fat-reduced-cocoa-powder', 'en:plant', 'en:cocoa', 'en:cocoa-powder', 'en:fat-reduced-cocoa', 'en:soya-lecithin', 'en:e322', 'en:e322i', 'en:salt', 'en:vitamins', 'en:vitamin-c', 'en:vitamin-d', 'en:natural-flavouring', 'en:flavouring', 'en:cinnamon', 'en:condiment', 'en:spice', 'fr:Bilan massique certifié Rainforest Alliance www.ra.org', 'fr:fr']",['en:soybeans'],[],fr
3228857002184,American sandwich nature,"Farine de BLÉ 66,3%, eau, huile de colza, fibre de chicorée, arôme (contient alcool), sel, fibre de BLÉ, vinaigre, levure, farine de fèves, gluten de BLÉ, levure désactivée, extrait d'acérola. Peut contenir des traces d'OEUFS, SOJA, LAIT, FRUITS A COQUE et GRAINES DE SESAME.","['en:wheat-flour', 'en:cereal', 'en:flour', 'en:wheat', 'en:cereal-flour', 'en:water', 'en:colza-oil', 'en:oil-and-fat', 'en:vegetable-oil-and-fat', 'en:rapeseed-oil', 'en:chicory-fibre', 'en:vegetable', 'en:fiber', 'en:shoot-vegetable', 'en:vegetable-fiber', 'en:chicory', 'en:flavouring', 'en:salt', 'en:wheat-fiber', 'en:vinegar', 'en:yeast', 'en:broad-bean-flour', 'en:wheat-gluten', 'en:gluten', 'en:deactivated-yeast', 'en:acerola-juice', 'en:fruit', 'en:juice', 'en:fruit-juice']",['en:gluten'],"['en:eggs', 'en:milk', 'en:nuts', 'en:sesame-seeds', 'en:soybeans']",fr
3175681209282,Goûter 4S Saveur pommes,"Farine de blé 64,4%, huile de colza, sirop de sucres issu de fruits, farine de maïs, semoule de pommes séchées 4,8% (amidon de blé), extrait de malt d'orge, fibre de blé, jus de pomme concentré 2,2%, poudre à lever : carbonates de potassium, arôme naturel de pomme avec autres arômes naturels, émulsifiant: lécithines, extrait de pomme 0,4%, acidifiant: acide malique, protéines de lait.","['en:wheat-flour', 'en:cereal', 'en:flour', 'en:wheat', 'en:cereal-flour', 'en:colza-oil', 'en:oil-and-fat', 'en:vegetable-oil-and-fat', 'en:rapeseed-oil', 'fr:sirop-de-sucres-issus-de-fruits', 'en:added-sugar', 'en:disaccharide', 'en:syrup', 'en:sugar-syrup', 'en:corn-flour', 'en:corn', 'en:dried-apple', 'en:fruit', 'en:malaceous-fruit', 'en:apple', 'en:barley-malt-extract', 'en:malt', 'en:malted-barley', 'en:wheat-fiber', 'en:fiber', 'en:vegetable-fiber', 'en:concentrated-apple-juice', 'en:juice', 'en:fruit-juice', 'en:apple-juice', 'en:raising-agent', 'en:natural-apple-flavouring', 'en:flavouring', 'en:natural-flavouring', 'en:emulsifier', 'en:apple-extract', 'en:extract', 'en:fruit-extract', 'en:acid', 'en:milk-proteins', 'en:protein', 'en:animal-protein', 'en:wheat-starch', 'en:starch', 'en:e501', 'en:e322', 'en:e296']","['en:gluten', 'en:milk']",[],fr
50184453,Yeast Extract,"yeast extract, barley, wheat, oats, rye, salt, vegetable juice concentrate, thiamin, riboflavin, niacin, vitamin B12, folic acid, natural flavouring, celery","['en:yeast-extract', 'en:yeast', 'en:barley', 'en:cereal', 'en:wheat', 'en:oat', 'en:rye', 'en:salt', 'en:vegetable-juice', 'en:vegetable', 'en:thiamin', 'en:vitamins', 'en:e101', 'en:e375', 'en:vitamin-b12', 'en:folic-acid', 'en:folate', 'en:natural-flavouring', 'en:flavouring', 'en:celery', 'en:stalk-vegetable']","['en:celery', 'en:gluten']",[],nl
5411188119098,Natur mit Kokosnuss,"_Sojabasis_ (Wasser, geschälte _Sojabohnen_ (10,4%)], Kokosmilch (4,3%) (Kokosceme, Wasser), Zucker, Tricalciumcitrat, Säureregulatoren (Natriumcitrate, Citronensäure), Stabilisator (Pektine), natürliches Aroma, Meersalz, Antioxidationsmitel (stark tocopherol-tatige Extract, Fettsäureester der Ascorbinsäure), Vitamine (B12, D2), Joghurtkulturen (Str,thermophilus, L, bulgaricus).","['en:soy-base', 'en:water', 'en:soya-bean', 'en:vegetable', 'en:pod-and-seed-vegetable', 'en:legume', 'en:pulse', 'en:soya', 'en:coconut-milk', 'en:fruit', 'en:coconut', 'en:sugar', 'en:added-sugar', 'en:disaccharide', 'en:e333iii', 'en:e333', 'en:e331', 'en:e330', 'en:e440a', 'en:natural-flavouring', 'en:flavouring', 'en:sea-salt', 'en:salt', 'de:Antioxidationsmitel', 'en:vitamins', 'en:vitamin-b12', 'en:ergocalciferol', 'en:vitamin-d', 'en:lactic-ferments', 'en:ferment', 'en:microbial-culture', 'de:Kokosceme', 'de:stark tocopherol-tatige Extract', 'en:e304', 'de:Str', 'de:thermophilus', 'de:L', 'de:bulgaricus']","['en:soybeans', 'de:Sojabasis']",['en:nuts'],de
3061990143365,Goût chocolat,"Céréales [farine de froment (33%), céréales complètes (15,1%) (farine complète de froment (15%), farine complète de seigle, farine complète d'orge)] - sucre - matières grasses végétales (palme, palmiste, colza) - cacao maigre (4,7%) - amidons (blé) - sirop de glucose - poudres à lever : carbonates d'ammonium et de sodium - sel - lait écrémé en poudre perméat de lactosérum en poudre (lait) - émulsifiant : lecithines de tournesol - arômes. Peut contenir des traces de fruits à coque.","['en:cereal', 'en:sugar', 'en:added-sugar', 'en:disaccharide', 'en:vegetable-fat', 'en:oil-and-fat', 'en:vegetable-oil-and-fat', 'en:fat-reduced-cocoa', 'en:plant', 'en:cocoa', 'en:starch', 'en:glucose-syrup', 'en:monosaccharide', 'en:glucose', 'en:e503', 'en:e500', 'en:salt', 'fr:lait écrémé en poudre perméat de lactosérum en poudre', 'en:sunflower-lecithin', 'en:e322', 'en:e322i', 'en:flavouring', 'en:wheat-flour', 'en:flour', 'en:wheat', 'en:cereal-flour', 'en:wholemeal-cereal', 'en:palm-fat', 'en:palm-oil-and-fat', 'en:palm-kernel-fat', 'en:palm-kernel-oil-and-fat', 'en:colza-oil', 'en:rapeseed-oil', 'en:wheat-starch', 'en:whole-wheat-flour', 'en:wholemeal-flour', 'en:wholemeal-rye-flour', 'en:rye-flour', 'en:wholemeal-barley-flour', 'en:barley', 'en:barley-flour']","['en:gluten', 'en:milk']",['en:nuts'],fr
3228857001316,Brioche Tranchée Recette Classique,"Farine de blé 54%, sucre, eau, ceufs frais 9,5%, beurre pâtissier (lait), huile de colza, levure, sel, rhum, arômes (blé), poudre de jaune d'œufs, extraits végétaux à pouvoir colorant (curcuma, paprika), extrait d'acerola. Peut contenir des traces de soja, fruits à coque et graines de sésame.","['en:wheat-flour', 'en:cereal', 'en:flour', 'en:wheat', 'en:cereal-flour', 'en:sugar', 'en:added-sugar', 'en:disaccharide', 'en:water', 'fr:ceufs frais', 'en:butterfat', 'en:oil-and-fat', 'en:fat', 'en:dairy', 'en:milkfat', 'en:colza-oil', 'en:vegetable-oil-and-fat', 'en:rapeseed-oil', 'en:yeast', 'en:salt', 'en:rum', 'en:alcohol', 'en:flavouring', 'en:egg-yolk-powder', 'en:egg', 'en:egg-yolk', 'fr:extraits à pouvoir colorant', 'en:acerola-juice', 'en:fruit', 'en:juice', 'en:fruit-juice', 'en:turmeric', 'en:condiment', 'en:spice', 'en:paprika']","['en:eggs', 'en:gluten', 'en:milk']","['en:nuts', 'en:sesame-seeds', 'en:soybeans']",fr
6111259341197,Momo black,"Farine de blé, sucre, huile végétale hydrogénée (palme), cacao en poudre (3,4%), régulateur d'acidité (acide citrique (E330), acide tartrique (E334)), poudre à lever (bicarbonate d'ammonium et bicarbonate sodium), émulsifiant végétal (lécithine de soja (E322)) et sel.","['en:wheat-flour', 'en:cereal', 'en:flour', 'en:wheat', 'en:cereal-flour', 'en:sugar', 'en:added-sugar', 'en:disaccharide', 'en:hydrogenated-vegetable-oil', 'en:oil-and-fat', 'en:vegetable-oil-and-fat', 'en:oil', 'en:vegetable-oil', 'en:hydrogenated-oil', 'en:cocoa-powder', 'en:plant', 'en:cocoa', 'en:acidity-regulator', 'en:raising-agent', 'en:emulsifier', 'en:salt', 'en:palm', 'en:palm-oil-and-fat', 'en:palm-oil', 'en:e330', 'en:e334', 'en:e503ii', 'en:e503', 'en:e500ii', 'en:e500', 'en:soya-lecithin', 'en:e322', 'en:e322i']","['en:gluten', 'en:milk', 'en:soybeans']","['en:gluten', 'en:milk']",fr
6111266962446,delicemo,"Lait frais entier, crème, préparation aux morceaux de chocolat, sucre, poudre de lait écrémé, texturant : amidon, arômes, ferments lactiques sélectionnés, colorant naturel","['en:milk', 'en:dairy', 'en:cream', 'fr:préparation aux morceaux de chocolat', 'en:sugar', 'en:added-sugar', 'en:disaccharide', 'en:skimmed-milk-powder', 'en:milk-powder', 'fr:texturant', 'en:flavouring', 'en:selected-lactic-ferments', 'en:ferment', 'en:microbial-culture', 'en:lactic-ferments', 'en:natural-colours', 'en:colour', 'en:starch']",['en:milk'],[],fr
20003166,FLOCONS D'AVOINE,"Hafervollkornflocken Kleinblatt
Пълнозърнести овесени ядки. Може да съдържат следи от пшеница, ръж и ечемик.","['bg:Hafervollkornflocken Kleinblatt Пълнозърнести овесени ядки', 'bg:Може да съдържат следи от пшеница', 'bg:ръж и ечемик']",['en:gluten'],['en:gluten'],en
3292070005161,Houmous extra - Pois chiches français & graines de sésame,"pois chiches 48% - eau - huile de colza - pâte de graines de sésame 11% - graines de sésame 1,2% - sel - jus de citron concentré - conservateur: E202. Traces éventuelles de: céréales contenant du gluten, crustacés, oeufs, poissons, soja, lait, moutarde et mollusques.","['en:chickpea', 'en:vegetable', 'en:pod-and-seed-vegetable', 'en:legume', 'en:water', 'en:colza-oil', 'en:oil-and-fat', 'en:vegetable-oil-and-fat', 'en:rapeseed-oil', 'en:sesame-paste', 'en:seed', 'en:sesame', 'en:sesame-seeds', 'en:salt', 'en:concentrated-lemon-juice', 'en:fruit', 'en:juice', 'en:fruit-juice', 'en:lemon-juice', 'en:preservative', 'en:e202']",['en:sesame-seeds'],"['en:crustaceans', 'en:eggs', 'en:fish', 'en:gluten', 'en:milk', 'en:molluscs', 'en:mustard', 'en:soybeans']",fr
4006985906203,Cacao en Poudre Non Sucré,"Cacao en poudre non sucré (98%), correcteurs d'acidité: carbonates de potassium, hydroxyde de potassium. Peut contenir des traces de fruits à coque, arachides, lait, gluten et soja.","['en:cocoa-powder', 'en:plant', 'en:cocoa', 'en:acidity-regulator', 'en:e525', 'en:e501']",[],"['en:gluten', 'en:milk', 'en:nuts', 'en:peanuts', 'en:soybeans']",fr
3175681257542,Cranberry saveur amande,"Farine de blé* 68%, huile de tournesol oléique*, sucre de canne*, cranberries* 5,3%, son de blé, poudres à lever (acide citrique, carbonates de sodium), arôme naturel de framboise, arôme naturel d'amande amère (issu d'amandons d'abricots). *Ingrédients issus de l'agriculture biologique.","['en:wheat-flour', 'en:cereal', 'en:flour', 'en:wheat', 'en:cereal-flour', 'en:high-oleic-sunflower-oil', 'en:oil-and-fat', 'en:vegetable-oil-and-fat', 'en:vegetable-oil', 'en:sunflower-oil', 'en:cane-sugar', 'en:added-sugar', 'en:disaccharide', 'en:sugar', 'en:cranberry', 'en:fruit', 'en:wheat-bran', 'en:raising-agent', 'en:natural-raspberry-flavouring', 'en:flavouring', 'en:natural-flavouring', 'en:natural-bitter-almond-flavouring', 'en:e330', 'en:e500', ""fr:issu d'amandons d'abricots""]",['en:gluten'],[],fr
3251491787810,Goûter aux raisins,"Farine de blé 59,4%, sucre non raffiné, huile de colza, raisins secs 10%, farine de soja, pâte de raisins 3,3%, fibres de chicorée, poudres à lever (carbonates de potassium, carbonates d'ammonium), protéines de lait.","['en:wheat-flour', 'en:cereal', 'en:flour', 'en:wheat', 'en:cereal-flour', 'en:unrefined-sugar', 'en:added-sugar', 'en:disaccharide', 'en:sugar', 'en:colza-oil', 'en:oil-and-fat', 'en:vegetable-oil-and-fat', 'en:rapeseed-oil', 'en:raisin', 'en:fruit', 'en:berries', 'en:grape', 'en:soya-flour', 'en:vegetable', 'en:legume', 'en:pulse', 'en:soya', 'en:soya-bean', 'fr:pate-de-raisins', 'en:chicory-fibre', 'en:fiber', 'en:shoot-vegetable', 'en:vegetable-fiber', 'en:chicory', 'en:raising-agent', 'en:milk-proteins', 'en:protein', 'en:animal-protein', 'en:e501', 'en:e503']","['en:gluten', 'en:milk', 'en:soybeans']","['en:nuts', 'en:sesame-seeds']",fr
6111248360130,Aïn Soltane,Minéralisation en mg/t كالسيوم بيكربونات صوديوم كلورير نترات بوتاسيوم سلفات Magnésium 44 Calcium 70-&gt; Bicarbonates 402 • Sodium 4 Chlorures 7.1 Nitrates 16 Potassium 1 Sulfates 3.7,"['fr:mineralisation-en-mg', 'fr:t-كالسيوم-بيكربونات-صوديوم-كلورير-نترات-بوتاسيوم-سلفات-magnesium-44-calcium-70-bicarbonates-402', 'fr:sodium-4-chlorures-7-1-nitrates-16-potassium-1-sulfates-3-7']",[],[],fr
3045140105502,Chocolat au lait,"Sucre, Beurre de cacao, pâte de cacao, Lait écrémé en poudre, lactosérum en poudre (Lait), Beurre concentré, Émulsifiant (Lécithine de soja), Pâte de noisette, Arôme naturel","['en:sugar', 'en:added-sugar', 'en:disaccharide', 'en:cocoa-butter', 'en:oil-and-fat', 'en:plant', 'en:vegetable-oil-and-fat', 'en:vegetable-fat', 'en:cocoa', 'en:cocoa-paste', 'en:skimmed-milk-powder', 'en:dairy', 'en:milk-powder', 'en:whey-powder', 'en:whey', 'en:butterfat', 'en:fat', 'en:milkfat', 'en:soya-lecithin', 'en:e322', 'en:e322i', 'en:hazelnut-paste', 'en:nut', 'en:tree-nut', 'en:hazelnut', 'en:natural-flavouring', 'en:flavouring']","['en:milk', 'en:nuts', 'en:soybeans']","['en:gluten', 'en:nuts']",fr
3760049798029,Tartines Bio quinoa & graines 450g,"Farine de BLÉ*/** 47 % , eau, graines de quinoa blanc* 6,7 %, huile de tournesol*, graines de tournesol décortiquées* 4,5%, sucre de canne roux*, graines de lin brun* 3,1 %, GLUTEN DE BLÉ*, vinaigre*, levain de BLÉ dévitalisé*, sel, arôme naturel d'AVOINE* (contient alcool*), levure, épaississant : gomme de guar*, farine de SEIGLE*, farine d'ORGE maltée torréfiée*, farine de BLÉ malté torréfié*, antioxydant : acide ascorbique. Traces éventuelles d'œufs, soja, lait, moutarde et graines de sésame. *Ingrédients issus de l'Agriculture Biologique. **Ingrédient issu du commerce équitable français.","['en:wheat-flour', 'en:cereal', 'en:flour', 'en:wheat', 'en:cereal-flour', 'en:water', 'en:white-quinoa', 'en:plant', 'en:quinoa', 'en:sunflower-oil', 'en:oil-and-fat', 'en:vegetable-oil-and-fat', 'en:vegetable-oil', 'en:sunflower-seed', 'en:seed', 'en:unrefined-cane-sugar', 'en:added-sugar', 'en:disaccharide', 'en:sugar', 'en:cane-sugar', 'en:unrefined-sugar', 'en:brown-flax-seeds', 'en:flax', 'en:flax-seed', 'en:wheat-gluten', 'en:gluten', 'en:vinegar', 'en:devitalised-wheat-sourdough', 'en:dough', 'en:sourdough', 'en:devitalised-sourdough', 'en:wheat-sourdough', 'en:salt', ""fr:arôme naturel d'AVOINE"", 'en:yeast', 'en:e412', 'en:rye-flour', 'fr:farine-d-orge-malte-toaste', 'en:barley', 'en:barley-flour', 'fr:farine-de-ble-malte-torrefie', 'en:malted-wheat-flour', 'en:e300', 'fr:français', 'en:alcohol']",['en:gluten'],"['en:eggs', 'en:milk', 'en:mustard', 'en:sesame-seeds', 'en:soybeans']",fr
3228857002221,American sandwich Céréales,"Farine semi complète de BLÉ 34,6%, eau, farine de BLÉ 16,2%, farine de SEIGLE 7,5%, huile de colza, graines de tournesol 2,7%, fibre de chicorée, graines de lin brun 1,4%, graines de SOJA toastées 1,4%, gluten de BLÉ, arôme (contient alcool), farine d'AVOINE 1,3%, farine de riz 1,3%, farine d'ORGE 1,3%, sel, levure, vinaigre, extrait d'acérola. Peut contenir des traces d'OEUF, LAIT, FRUITS A COQUE, GRAINES DE SÉSAME, MOUTARDE et LUPIN.","['en:semi-wholemeal-wheat-flour', 'en:cereal', 'en:flour', 'en:wheat', 'en:cereal-flour', 'en:wheat-flour', 'en:semi-wholemeal-flour', 'en:water', 'en:rye-flour', 'en:colza-oil', 'en:oil-and-fat', 'en:vegetable-oil-and-fat', 'en:rapeseed-oil', 'en:sunflower-seed', 'en:seed', 'en:chicory-fibre', 'en:vegetable', 'en:fiber', 'en:shoot-vegetable', 'en:vegetable-fiber', 'en:chicory', 'en:brown-flax-seeds', 'en:flax', 'en:flax-seed', 'en:soya-bean', 'en:legume', 'en:pulse', 'en:soya', 'en:wheat-gluten', 'en:gluten', 'en:flavouring', 'en:oat-flour', 'en:oat', 'en:rice-flour', 'en:rice', 'en:barley-flour', 'en:barley', 'en:salt', 'en:yeast', 'en:vinegar', 'en:acerola-juice', 'en:fruit', 'en:juice', 'en:fruit-juice']","['en:gluten', 'en:soybeans']","['en:eggs', 'en:lupin', 'en:milk', 'en:mustard', 'en:nuts', 'en:sesame-seeds']",fr
3178530410105,Petites Madeleines,"Farine de blé 34%, huile de colza, sucre, oeufs 14%, stabilisant : glycérol, sirop de glucose, lait frais demi-écrémé pasteurisé 5%, poudres à lever: carbonates et citrates de sodium (blé), sel, arome.
Traces éventuelles de fruits à coque, soja.","['en:wheat-flour', 'en:cereal', 'en:flour', 'en:wheat', 'en:cereal-flour', 'en:colza-oil', 'en:oil-and-fat', 'en:vegetable-oil-and-fat', 'en:rapeseed-oil', 'en:sugar', 'en:added-sugar', 'en:disaccharide', 'en:egg', 'en:e422', 'en:glucose-syrup', 'en:monosaccharide', 'en:glucose', 'en:milk', 'en:dairy', 'en:e500', 'en:e331', 'en:salt', 'en:flavouring']","['en:eggs', 'en:gluten', 'en:milk']","['en:nuts', 'en:soybeans']",fr
4056489346357,"Boisson à l'amande, sans sucres","water, 2,3% almonds', maltodextrins', sea salt, stabilizers: carob seed flour, gellanic gum, emulsifier: sunflower lecithin', natural aroma, 'from organic farming","['en:water', 'en:almond', 'en:nut', 'en:tree-nut', 'en:maltodextrin', 'en:sea-salt', 'en:salt', 'en:stabiliser', 'en:gellanic gum', 'en:emulsifier', 'en:natural-flavouring', 'en:flavouring', 'en:carob-seed-flour', 'en:vegetable', 'en:pod-and-seed-vegetable', 'en:flour', 'en:legume', 'en:pulse', 'en:carob-bean', 'en:sunflower-lecithin', 'en:e322', 'en:e322i']",['en:nuts'],['en:nuts'],en
3760049796384,Tartines céréales & graines 450g,"Farine de BLÉ *50 %, eau, huile de colza, graines de tournesol décortiquées 4,6 %, graines de millet décortiquées 1,8 %, graines de lin brun 1,8%, semoule de BLÉ dur 1,6 %, levains de BLÉ dévitalisés, sel, arôme naturel (contient alcool), graines de pavot bleu 0,7 %, flocons d'AVOINE 0,7 %, levure, vinaigre, graines de quinoa 0,4 %, graines d'amarante 0,4%, conservateur : propionate de calcium, levure désactivée, gluten de BLÉ , farine de SEIGLE 0,2%, farine d'ORGE maltée torréfiée 0,1%, farine de BLÉ malté torréfié 0,1%, agent de traitement de la farine : acide ascorbique. Traces éventuelles de soja, moutarde et graines de sésame. * Ingrédient issu du commerce équitable français.","['en:wheat-flour', 'en:cereal', 'en:flour', 'en:wheat', 'en:cereal-flour', 'en:water', 'en:colza-oil', 'en:oil-and-fat', 'en:vegetable-oil-and-fat', 'en:rapeseed-oil', 'en:sunflower-seed', 'en:seed', 'en:millet-seed', 'en:millet', 'en:brown-flax-seeds', 'en:flax', 'en:flax-seed', 'en:durum-wheat-semolina', 'en:durum-wheat', 'en:semolina', 'en:devitalised-wheat-sourdough', 'en:dough', 'en:sourdough', 'en:devitalised-sourdough', 'en:wheat-sourdough', 'en:salt', 'en:natural-flavouring', 'en:flavouring', 'en:blue-poppy-seed', 'en:plant', 'en:poppy', 'en:poppyseed', 'en:oat-flakes', 'en:oat', 'en:yeast', 'en:vinegar', 'en:quinoa-seeds', 'en:quinoa', 'en:e123', 'en:preservative', 'en:deactivated-yeast', 'en:wheat-gluten', 'en:gluten', 'en:rye-flour', 'fr:farine-d-orge-malte-toaste', 'en:barley', 'en:barley-flour', 'fr:farine-de-ble-malte-torrefie', 'en:malted-wheat-flour', 'en:flour-treatment-agent', 'fr:français', 'en:e282', 'en:e300']",['en:gluten'],"['en:eggs', 'en:milk', 'en:mustard', 'en:sesame-seeds', 'en:soybeans']",fr
5449000206770,Eau de table,Eau de Table,['fr:Eau de Table'],[],['en:nuts'],fr
6111126003821,Lait Frais 15 jours,lait entier pasteurisé,"['en:pasteurised-whole-milk', 'en:dairy', 'en:milk', 'en:whole-milk']",['en:milk'],[],fr
3046920028721,Dark absolute 99% cacao,"Cocoa solids 99%, cocoa paste, fat-reduced cocoa, cocoa butter, demerara sugar. May contain nuts, milk and soya,","['en:cocoa-solids', 'en:plant', 'en:cocoa', 'en:cocoa-paste', 'en:fat-reduced-cocoa', 'en:cocoa-butter', 'en:oil-and-fat', 'en:vegetable-oil-and-fat', 'en:vegetable-fat', 'en:demerara-sugar', 'en:added-sugar', 'en:disaccharide', 'en:sugar', 'en:cane-sugar', 'en:unrefined-sugar', 'en:unrefined-cane-sugar']",['en:milk'],"['en:milk', 'en:nuts', 'en:sesame-seeds', 'en:soybeans']",en
6111003031107,,"Maquereaux, huile végétale, sel. F","['en:mackerel', 'en:fish', 'en:vegetable-oil', 'en:oil-and-fat', 'en:vegetable-oil-and-fat', 'en:salt', 'fr:F']","['en:fish', 'ar:Maquereaux']",[],ar
3175681257535,"Biscuits 3 graines Kasha, Sésame, Pavot","Farine complète de blé* de meule* 65,8%, sucre de canne*, huile de tournesol oléique*, son de blé*, sarrasin grillé* 2,6%, sésame toasté* 2,1%, graines de pavot bleu* 1,4%, poudres à lever (acide citrique, carbonates de sodium), sel de mer. *Ingrédients issus de l'agriculture biologique.","['fr:farine-complete-de-ble-de-meule', 'en:cane-sugar', 'en:added-sugar', 'en:disaccharide', 'en:sugar', 'en:high-oleic-sunflower-oil', 'en:oil-and-fat', 'en:vegetable-oil-and-fat', 'en:vegetable-oil', 'en:sunflower-oil', 'en:wheat-bran', 'en:cereal', 'en:wheat', 'en:buckwheat', 'en:sesame', 'en:seed', 'en:blue-poppy-seed', 'en:plant', 'en:poppy', 'en:poppyseed', 'en:raising-agent', 'en:sea-salt', 'en:salt', 'en:e330', 'en:e500']","['en:gluten', 'en:sesame-seeds']","['en:lupin', 'en:milk', 'en:mustard', 'en:nuts', 'en:soybeans']",fr
6111018501480,Nescafé classic,100% café soluble,"['en:instant-coffee', 'en:coffee']",[],[],fr
6111032002925,Danone nature,ا المكونات حليب بدون قشدة، قشدة، مس رن الحليب بدون قشدة، مخثرات )نشويات(، نكهة، خمائرحليبية ل ليوغورت. م.د: %3 مصنوع خط قد بمكن أن يحتوي على الكلوتين، الجوز واللوز. منتوج حليبي م مزوج الوزن الصافي : 110غ. رقم الإعتماد الصحي LPL2113،0NS SA,"['fr:ا المكونات حليب بدون قشدة', 'fr:قشدة', 'fr:مس رن الحليب بدون قشدة', 'fr:مخثرات )نشويات', 'fr:نكهة', 'fr:خمائرحليبية ل ليوغورت', 'fr:م.د', 'fr:الجوز واللوز', 'fr:منتوج حليبي م مزوج الوزن الصافي', 'fr:0NS SA', 'fr:%3 مصنوع خط قد بمكن أن يحتوي على الكلوتين', 'fr:110غ', 'fr:رقم الإعتماد الصحي LPL2113']",[],"['en:gluten', 'en:nuts', 'fr:يحتوي على الجلوتين']",fr
5449000133328,Cocacola zero sugar,"Eau gazéifiée, colorant E150d, acidifiants , acide phosphorique, citrate de sodium, édulcorants , aspartame, acésulfame-K, arômes naturels (extraits végétaux), dont caféine, Contient une source de phénylalanine,","['en:carbonated-water', 'en:water', 'en:e150d', 'en:acid', 'en:e338', 'en:sodium-citrate', 'en:minerals', 'en:sodium', 'en:sweetener', 'en:e951', 'en:e950', 'en:natural-flavouring', 'en:flavouring', 'en:caffeine', 'en:extract']",[],[],fr
3154230810131,HERTA LE BON PARIS Jambon sel réduit sans nitrite x4-140g,"Jambon frais de porc, Sel, Arômes naturels (présence naturelle de polyphénols), Bouillon (eau, os de porc, sel, extraits de carotte et d'oignon, gras et couenne de porc, ail, poivre, persil, laurier, clou de girofle), Chlorure de potassium, Sucre, Antioxydant : acide ascorbique, Vinaigre en poudre.","['fr:jambon-de-porc-frais', 'en:animal', 'en:meat', 'en:pork', 'en:pork-meat', 'en:ham', 'en:salt', 'en:natural-flavouring', 'en:flavouring', 'en:broth', 'en:e508', 'en:sugar', 'en:added-sugar', 'en:disaccharide', 'en:e300', 'en:vinegar', 'en:water', 'en:pork-bone', 'en:pork-by-product', 'en:carrot-extract', 'en:vegetable', 'en:root-vegetable', 'en:taproot-vegetable', 'en:carrot', 'en:onion', 'en:onion-family-vegetable', 'fr:gras-et-couenne-de-porc', 'en:garlic', 'en:pepper', 'en:seed', 'en:parsley', 'en:herb', 'en:leaf-vegetable', 'en:bay-leaf', 'en:clove', 'en:condiment', 'en:spice']",[],[],fr
3330720237361,Pâte à tartiner aux noisettes francaises et cacao,"Sucre, huile de colza, noisette 16% (origine France), poudre de lait écrémé, poudre de cacão maigre 7%, émulsifiant: lécithine de tournesol. Traces possibles de sésame et autres fruits à coques. (*feves origine Afrique de l'Ouest)","['en:sugar', 'en:added-sugar', 'en:disaccharide', 'en:colza-oil', 'en:oil-and-fat', 'en:vegetable-oil-and-fat', 'en:rapeseed-oil', 'en:hazelnut', 'en:nut', 'en:tree-nut', 'en:skimmed-milk-powder', 'en:dairy', 'en:milk-powder', 'en:fat-reduced-cocoa-powder', 'en:plant', 'en:cocoa', 'en:cocoa-powder', 'en:fat-reduced-cocoa', 'en:sunflower-lecithin', 'en:e322', 'en:e322i']","['en:milk', 'en:nuts']","['en:nuts', 'en:sesame-seeds']",fr
40896243,Buo Cioccolato Fondente 70%,"Pâte de cacao, sucre de canne, beurre de cacao, émulsifiant : lécithines (_soja_).","['en:cocoa-paste', 'en:plant', 'en:cocoa', 'en:cane-sugar', 'en:added-sugar', 'en:disaccharide', 'en:sugar', 'en:cocoa-butter', 'en:oil-and-fat', 'en:vegetable-oil-and-fat', 'en:vegetable-fat', 'en:e322']",['en:soybeans'],"['en:milk', 'en:nuts']",fr
3760049795479,Pain de mie grandes tranches Toastiligne céréales & graines 500g,"Farine de BLÉ* 58%, eau, levure, GLUTEN DE BLÉ, graines de lin brun 2,1% , graines de lin jaune 1,9%, graines de millet décortiquées 1,9%, graines de tournesol décortiquées 1,2%, sel, farine de BLÉ malté torréfié 0,7%, vinaigre, graines de sarrasin décortiquées 0,6%, graines de pavot 0,4%, conservateur : propionate de calcium, agent de traitement de la farine : acide ascorbique. Traces éventuelles d'œufs, lait, soja, graines de sésame et fruits à coque. *Ingrédient issu du commerce équitable français.","['en:wheat-flour', 'en:cereal', 'en:flour', 'en:wheat', 'en:cereal-flour', 'en:water', 'en:yeast', 'en:wheat-gluten', 'en:gluten', 'en:brown-flax-seeds', 'en:seed', 'en:flax', 'en:flax-seed', 'en:golden-flax-seeds', 'en:millet-seed', 'en:millet', 'en:sunflower-seed', 'en:salt', 'fr:farine-de-ble-malte-torrefie', 'en:malted-wheat-flour', 'en:vinegar', 'en:buckwheat-grain', 'en:buckwheat', 'en:poppyseed', 'en:plant', 'en:poppy', 'en:e282', 'en:e300', 'fr:français']",['en:gluten'],"['en:eggs', 'en:milk', 'en:nuts', 'en:sesame-seeds', 'en:soybeans', 'en:Fruits à coque', 'en:Graines de sésame', 'en:Lait', 'en:Œufs']",fr
3240931548111,Gnocchi à poêler,"Purée (eau, pommes de terre déshydratées, épice : curcuma), semoule de BLE, huile de colza et/ou tournesol, sel, farine de BLE. Peut contenir des traces de lait, œufs, soja, moutarde, et gluten provenant d'autres céréales. Conditionné sous atmosphère protectrice.","['en:puree', 'en:wheat-semolina', 'en:cereal', 'en:wheat', 'en:semolina', 'en:oil', 'en:oil-and-fat', 'en:salt', 'en:wheat-flour', 'en:flour', 'en:cereal-flour', ""fr:provenant d'autres céréales"", 'en:water', 'en:mashed-potato', 'en:vegetable', 'en:root-vegetable', 'en:tuber', 'en:potato', 'en:spice', 'en:condiment', 'en:colza-oil', 'en:vegetable-oil-and-fat', 'en:rapeseed-oil', 'en:sunflower-oil', 'en:vegetable-oil', 'en:turmeric']",['en:gluten'],"['en:eggs', 'en:gluten', 'en:milk', 'en:mustard', 'en:soybeans']",fr
7311070032598,Krisprolls complets sans sucres ajoutés,"Farine de blé complet (62%) Farine de blé, huiles végétales (huile de colza, huile de colza totalement hydrogénée), malt d'orge, levure, sel.","['en:whole-wheat-flour', 'en:cereal', 'en:flour', 'en:wheat', 'en:cereal-flour', 'en:wholemeal-flour', 'en:wheat-flour', 'en:vegetable-oil', 'en:oil-and-fat', 'en:vegetable-oil-and-fat', 'en:malted-barley', 'en:malt', 'en:yeast', 'en:salt', 'en:colza-oil', 'en:rapeseed-oil']",['en:gluten'],[],fr
6111242103528,Croissance réduit en sucre,"Lait partiellement écrémé, lactose, huiles végétales non hydrogénées (colza, tournesol), malto dextrines, saccharose, lécithine de tournesol, vitamines : (A, B1, B2, B5, B6, B8, B9, B12, C, D3, E, K1, PP, taurines), sels minéraux : (citrate de calcium, citrate de magnésium, sulfates de fer, de zinc, de cuivre et de manganèse, iodure de potassium, sélénite de sodium).","['en:semi-skimmed-milk', 'en:dairy', 'en:milk', 'en:lactose', 'en:non-hydrogenated-vegetable-oils', 'en:oil-and-fat', 'en:vegetable-oil-and-fat', 'en:vegetable-oil', 'en:maltodextrin', 'en:sucrose', 'en:added-sugar', 'en:disaccharide', 'en:sugar', 'en:sunflower-lecithin', 'en:e322', 'en:e322i', 'en:vitamins', 'en:vitamin-a', 'en:thiamin', 'en:e101', 'en:pantothenic-acid', 'en:vitamin-b6', 'en:vitamin-b8', 'en:biotin', 'en:folic-acid', 'en:folate', 'en:vitamin-b12', 'en:vitamin-c', 'en:cholecalciferol', 'en:vitamin-d', 'en:vitamin-e', 'en:phylloquinone', 'en:vitamin-k', 'en:e375', 'en:taurine', 'en:minerals', 'en:e345', 'en:ferrous-sulfate', 'en:iron', 'en:zinc-sulfate', 'en:zinc', 'en:e519', 'en:manganese-sulfate', 'en:manganese', 'en:potassium-iodide', 'en:salt', 'en:iodine', 'en:sodium-selenite', 'en:selenium', 'en:colza-oil', 'en:rapeseed-oil', 'en:sunflower-oil', 'en:e333']",['en:milk'],[],fr
6111242102767,Yaourt tendre,"Lait frais, crème, sucre, poudre de lait écrémé, ferments lactiques, arôme, vitamines A et D3","['en:milk', 'en:dairy', 'en:cream', 'en:sugar', 'en:added-sugar', 'en:disaccharide', 'en:skimmed-milk-powder', 'en:milk-powder', 'en:lactic-ferments', 'en:ferment', 'en:microbial-culture', 'en:flavouring', 'en:vitamins', 'en:vitamin-a', 'en:cholecalciferol', 'en:vitamin-d']",['en:milk'],[],fr
3021769505602,POM'POTES Compotes Gourdes Pomme Nature 1x90g,"Pomme 99,7% (purée et purée concentrée), arôme naturel de pomme, jus de citron concentré (si nécessaire pour réguler l'acidité), antioxydant : acide ascorbique.","['en:apple', 'en:fruit', 'en:malaceous-fruit', 'en:natural-apple-flavouring', 'en:flavouring', 'en:natural-flavouring', 'en:concentrated-lemon-juice', 'en:juice', 'en:fruit-juice', 'en:lemon-juice', 'en:antioxidant', 'fr:puree-et-puree-concentree', 'en:puree', 'en:concentrated-puree', ""fr:si nécessaire pour réguler l'acidité"", 'en:vitamin-c', 'en:vitamins']",[],[],fr
3228857002351,Pain de mie american sandwich complet sans sucres ajoutés maxi 900g,"Farine complète de BLÉ 39,3%, eau, farine de BLÉ 26,7%, huile de colza, fibre de chicorée, arôme (contient alcool), sel, vinaigre, farine de SEIGLE maltée, levure, gluten de BLÉ, levure désactivée, extrait d'acérola. Peut contenir des traces d'OEUFS, SOJA, LAIT, FRUITS À COQUE et GRAINES DE SÉSAME.","['en:whole-wheat-flour', 'en:cereal', 'en:flour', 'en:wheat', 'en:cereal-flour', 'en:wholemeal-flour', 'en:wheat-flour', 'en:water', 'en:colza-oil', 'en:oil-and-fat', 'en:vegetable-oil-and-fat', 'en:rapeseed-oil', 'en:chicory-fibre', 'en:vegetable', 'en:fiber', 'en:shoot-vegetable', 'en:vegetable-fiber', 'en:chicory', 'en:flavouring', 'en:salt', 'en:vinegar', 'en:rye-malt-flour', 'en:rye-flour', 'en:yeast', 'en:wheat-gluten', 'en:gluten', 'en:deactivated-yeast', 'en:acerola-juice', 'en:fruit', 'en:juice', 'en:fruit-juice', 'en:acerola']",['en:gluten'],"['en:eggs', 'en:milk', 'en:nuts', 'en:sesame-seeds', 'en:soybeans']",fr
6111184007618,Sauce algérienne,"Huile de colza, eau, sirop de glucose-fructose, piment en saumure (piment rouge fort, sel et vinaigre de table), vinaigre de table, oignon, sucre, jaune d'œufs, épaississant : amidon modifié, sel, concentré de tomate, moutarde, épices, concentré de citron, correcteurs d'acidité: (acide lactique, acide citrique ), stabilisant : gomme xanthane conservateurs:( sorbate de potassium, benzoate de sodium), arômes, oléorésine de capsicum, colorant: oléorésine de paprika et antioxydant: calcium disodium EDTA.","['en:colza-oil', 'en:oil-and-fat', 'en:vegetable-oil-and-fat', 'en:rapeseed-oil', 'en:water', 'en:glucose-fructose-syrup', 'en:added-sugar', 'en:monosaccharide', 'en:fructose', 'en:glucose', 'en:chili-pepper', 'en:vegetable', 'en:fruit-vegetable', 'en:table-vinegar', 'en:vinegar', 'en:onion', 'en:root-vegetable', 'en:onion-family-vegetable', 'en:sugar', 'en:disaccharide', 'en:egg-yolk', 'en:egg', 'en:thickener', 'en:salt', 'en:tomato-concentrate', 'en:concentrate', 'en:tomato', 'en:mustard', 'en:spice', 'en:condiment', 'en:lemon-extract', 'en:fruit', 'en:citrus-fruit', 'en:extract', 'en:fruit-extract', 'en:citrus-fruit-extract', 'en:acidity-regulator', 'en:e330', 'en:stabiliser', 'en:flavouring', 'en:capsicum-oleoresin', 'en:e160c', 'en:colour', 'en:e385', 'fr:piment rouge fort', 'en:modified-starch', 'en:starch', 'en:e270', 'fr:gomme xanthane conservateurs', 'en:e202', 'en:e211', 'en:antioxidant']","['en:eggs', 'en:mustard']",[],fr
3608580124108,Be Nuts! Pâte à tartiner Cacahuète,"Cacahuètes torréfiées 85%, sucre, beurre de cacao, huile de tournesol, sel, extrait de vanille, émulsifiant : lécithine de tournesol,

Peut contenir des fruits à coque et des graines de sésame,","['en:peanut', 'en:nut', 'en:sugar', 'en:added-sugar', 'en:disaccharide', 'en:cocoa-butter', 'en:plant', 'en:cocoa', 'en:sunflower-oil', 'en:oil-and-fat', 'en:vegetable-oil-and-fat', 'en:vegetable-oil', 'en:salt', 'en:vanilla-extract', 'en:extract', 'en:vanilla', 'en:vegetable-extract', 'en:emulsifier', 'en:sunflower-lecithin', 'en:e322', 'en:e322i']",['en:peanuts'],"['en:nuts', 'en:sesame-seeds']",fr
6111271800054,العين,AT FRATIVE leb BLAD انظر re expir sachet 10 الصلاحية: يحفظ في 6°C على Polderver à 6°C Max مئت Maroc ) الرقم الإقتصادي أيت إيعزة pag.ma 0801 000 111 6 111242 100022,"['ar:AT FRATIVE leb BLAD انظر re expir sachet 10 الصلاحية', 'ar:يحفظ في 6°C على Polderver à 6°C Max مئت Maroc ) الرقم الإقتصادي أيت إيعزة pag.ma 0801 000 111 6 111242 100022']",[],[],ar
6111184000619,Mayonnaise,"المكونات: زيت الصوجا، ماء، خل المائدة, أصفر البيض، خردل*، ملح, مثبت E415، مواد حافظة: (E202,E211) ومضادات الأكسدة:( E330, E385) 
*يحتوي على السولفيت","['fr:المكونات', 'fr:ماء', 'fr:خل المائدة', 'fr:أصفر البيض', 'fr:خردل', 'fr:ملح', 'fr:مثبت e415', 'fr:مواد حافظة', 'fr:e211) ومضادات الأكسدة', 'fr:e385) *يحتوي على السولفيت', 'fr:زيت الصوجا', 'en:e202', 'en:e330']",[],['en:sulphur-dioxide-and-sulphites'],fr
8052575090292,Nocciolata - Pâte à tartiner au cacao et noisettes,"Sucre*, pâte de noisettes* 19,5%, huile de tournesol*, cacao maigre en poudre* 11%, beurre de cacao*, émulsifiant (lécithine de soja), extrait de vanille.","['en:sugar', 'en:added-sugar', 'en:disaccharide', 'en:hazelnut-paste', 'en:nut', 'en:tree-nut', 'en:hazelnut', 'en:sunflower-oil', 'en:oil-and-fat', 'en:vegetable-oil-and-fat', 'en:vegetable-oil', 'en:fat-reduced-cocoa-powder', 'en:plant', 'en:cocoa', 'en:cocoa-powder', 'en:fat-reduced-cocoa', 'en:cocoa-butter', 'en:vegetable-fat', 'en:soya-lecithin', 'en:e322', 'en:e322i', 'en:vanilla-extract', 'en:extract', 'en:vanilla', 'en:vegetable-extract']","['en:nuts', 'en:soybeans']",['en:nuts'],fr
8410076601148,Crunchy Avoine & Chocolat Noir x 5 x 2 barres de 21 g,"Avoine complète (56%), sucre, huiles végétales (tournesol, colza), pépites de chocolat noir (7%) (pâte de cacao, sucre, émulsifiant (lécithine de soja), arôme naturel de vanille), cacao maigre en poudre, miel, sel, mélasse, émulsifiant (lécithines), poudre à lever(bicarbonate de sodium), arôme naturel,","['en:wholemeal-oat', 'en:cereal', 'en:oat', 'en:sugar', 'en:added-sugar', 'en:disaccharide', 'en:vegetable-oil', 'en:oil-and-fat', 'en:vegetable-oil-and-fat', 'en:dark-chocolate-chunks', 'en:chocolate', 'en:dark-chocolate', 'en:fat-reduced-cocoa-powder', 'en:plant', 'en:cocoa', 'en:cocoa-powder', 'en:honey', 'en:salt', 'en:molasses', 'en:emulsifier', 'en:raising-agent', 'en:natural-flavouring', 'en:flavouring', 'en:sunflower-oil', 'en:colza-oil', 'en:rapeseed-oil', 'en:cocoa-paste', 'en:natural-vanilla-flavouring', 'en:vanilla-flavouring', 'en:e322', 'en:e500ii', 'en:e500', 'en:soya-lecithin', 'en:e322i']","['en:gluten', 'en:soybeans']","['en:gluten', 'en:nuts', 'en:peanuts']",fr
5053990156009,Pringles Original,"Pommes de terre déshydratées, huiles végétales (tournesol, palme, mais) en proportion variable, farine de blé, farine de mais, farine de riz, maltodextrine, émulsifiant (E471), sel, colorant (norbixine de rocou).","['en:potato', 'en:vegetable', 'en:root-vegetable', 'en:tuber', 'en:vegetable-oil', 'en:oil-and-fat', 'en:vegetable-oil-and-fat', 'en:wheat-flour', 'en:cereal', 'en:flour', 'en:wheat', 'en:cereal-flour', 'en:corn-flour', 'en:corn', 'en:rice-flour', 'en:rice', 'en:maltodextrin', 'en:e471', 'en:salt', 'en:e160b', 'en:sunflower-oil', 'en:palm-oil', 'en:palm-oil-and-fat']",['en:gluten'],['en:soybeans'],fr
7622210476296,Thé - Biscuits,"Farine de _blé_ 67 %,sucre, huile de palme, sirop de glucose-fructose, _lait_ écrémé en poudre, _lactosérum_ en poudre (de _lait_), arôme fleur d'oranger, fibres de _blé_, sel, poudres à lever (carbonate acide de sodium, carbonate acide d'ammonium), émulsifiant (lécithine de _soja_), arômes.","['en:wheat-flour', 'en:cereal', 'en:flour', 'en:wheat', 'en:cereal-flour', 'en:sugar', 'en:added-sugar', 'en:disaccharide', 'en:palm-oil', 'en:oil-and-fat', 'en:vegetable-oil-and-fat', 'en:palm-oil-and-fat', 'en:glucose-fructose-syrup', 'en:monosaccharide', 'en:fructose', 'en:glucose', 'en:skimmed-milk-powder', 'en:dairy', 'en:milk-powder', 'en:whey-powder', 'en:whey', 'en:orange-blossom-flavouring', 'en:flavouring', 'en:wheat-fiber', 'en:fiber', 'en:vegetable-fiber', 'en:salt', 'en:e500ii', 'en:e500', 'en:e503ii', 'en:e503', 'en:soya-lecithin', 'en:e322', 'en:e322i']","['en:gluten', 'en:milk', 'en:soybeans']","['en:eggs', 'en:sesame-seeds']",fr
3302740047404,Le Supérieur -25% de Sel - Conservation sans Nitrite,"Jambon de porc, bouillon (eau, os de porc, échalotes, viande de porc, ail, concentré d'oignon et de carottes, thym, laurier, épices), sel, arôme naturel (présence naturelle de polyphénols), vinaigre en poudre, dextrose, chlorure de potassium, antioxydant (acide ascorbique).","['en:ham', 'en:animal', 'en:meat', 'en:pork', 'en:pork-meat', 'en:broth', 'en:salt', 'en:natural-flavouring', 'en:flavouring', 'en:vinegar', 'en:dextrose', 'en:added-sugar', 'en:monosaccharide', 'en:glucose', 'en:e508', 'en:e300', 'en:water', 'en:pork-bone', 'en:pork-by-product', 'en:shallot', 'en:vegetable', 'en:root-vegetable', 'en:onion-family-vegetable', 'en:garlic', 'en:onion', 'en:carrot', 'en:taproot-vegetable', 'en:thyme', 'en:herb', 'en:bay-leaf', 'en:spice', 'en:condiment']",[],['en:celery'],fr
6111035502941,Eau minérale naturelle gazeuse,eau minérale naturelle,"['en:natural-mineral-water', 'en:water', 'en:mineral-water']",[],[],fr
3700214611548,Noir equitable 85% Pérou,"Pâte de cacao (Pérou), sucre de canne, beurre de cacao. Peut contenir du soja, du lait et des fruits à coque.","['en:cocoa-paste', 'en:plant', 'en:cocoa', 'en:cane-sugar', 'en:added-sugar', 'en:disaccharide', 'en:sugar', 'en:cocoa-butter']",[],"['en:gluten', 'en:milk', 'en:nuts', 'en:soybeans']",fr
6111214004747,Pipas,"Sunflower seeds, wheat flour, salt","['en:sunflower-seed', 'en:plant', 'en:seed', 'en:sunflower', 'en:wheat-flour', 'en:cereal', 'en:flour', 'en:wheat', 'en:cereal-flour', 'en:salt']",['en:gluten'],[],fr
80052760,Kinder bueno,"Chocolat au LAIT_31,5%, sucre, huile de palme, farine de blé, noisettes 10,8%, lait écrémé en poudre 8,5%, lait en poudre 5,5%, chocolat noir 1,5%, cacao maigre, lécithines, carbonate acide de sodium, sel, vanilline.","['en:milk-chocolate', 'en:chocolate', 'en:sugar', 'en:added-sugar', 'en:disaccharide', 'en:palm-oil', 'en:oil-and-fat', 'en:vegetable-oil-and-fat', 'en:palm-oil-and-fat', 'en:wheat-flour', 'en:cereal', 'en:flour', 'en:wheat', 'en:cereal-flour', 'en:hazelnut', 'en:nut', 'en:tree-nut', 'en:skimmed-milk-powder', 'en:dairy', 'en:milk-powder', 'en:dark-chocolate', 'en:fat-reduced-cocoa', 'en:plant', 'en:cocoa', 'en:e322', 'en:e500ii', 'en:e500', 'en:salt', 'en:vanillin']","['en:gluten', 'en:milk', 'en:nuts', 'en:soybeans']","['en:gluten', 'en:milk', 'en:nuts', 'en:soybeans']",fr
7622210995087,chocolat noir noisettes entieres,"Sucre, pâte de cacao, NOISETTES (24%), beurre de cacao, BEURRE concentré, émulsifiant (lécithines de SOJA), arôme naturel de vanille, LAIT écrémé en poudre.","['en:sugar', 'en:added-sugar', 'en:disaccharide', 'en:cocoa-paste', 'en:plant', 'en:cocoa', 'en:hazelnut', 'en:nut', 'en:tree-nut', 'en:cocoa-butter', 'en:oil-and-fat', 'en:vegetable-oil-and-fat', 'en:vegetable-fat', 'en:butterfat', 'en:fat', 'en:dairy', 'en:milkfat', 'en:soya-lecithin', 'en:e322', 'en:e322i', 'en:natural-vanilla-flavouring', 'en:flavouring', 'en:natural-flavouring', 'en:vanilla-flavouring', 'en:skimmed-milk-powder', 'en:milk-powder']","['en:milk', 'en:nuts', 'en:soybeans']",['en:nuts'],fr
6111032000631,Salim,حليب كامل الدسم,['ar:حليب كامل الدسم'],[],[],en
8000500179864,Nutella,"Sucre, graisse végétale (palme), noisettes (13%), lait écrémé en poudre (8,7%), cacao maigre en poudre (7,4%), émulsifiant: lécithines (soja)(0,43%), arôme: vanilline (0,02%).","['en:sugar', 'en:added-sugar', 'en:disaccharide', 'en:vegetable-fat', 'en:oil-and-fat', 'en:vegetable-oil-and-fat', 'en:hazelnut', 'en:nut', 'en:tree-nut', 'en:skimmed-milk-powder', 'en:dairy', 'en:milk-powder', 'en:fat-reduced-cocoa-powder', 'en:plant', 'en:cocoa', 'en:cocoa-powder', 'en:fat-reduced-cocoa', 'en:emulsifier', 'en:flavouring', 'en:palm-oil', 'en:palm-oil-and-fat', 'en:e322', 'en:vanillin-flavour', 'en:soya-lecithin', 'en:e322i']","['en:milk', 'en:nuts', 'en:soybeans']",['en:soybeans'],fr
3175681037854,Tartines craquantes sarrasin,"Farine de sarrasin 72,3%, farine de riz 37,3%, sucre de canne roux, sel de mer","['en:buckwheat-flour', 'en:cereal', 'en:flour', 'en:buckwheat', 'en:rice-flour', 'en:rice', 'en:unrefined-cane-sugar', 'en:added-sugar', 'en:disaccharide', 'en:sugar', 'en:cane-sugar', 'en:unrefined-sugar', 'en:sea-salt', 'en:salt']",['en:gluten'],"['en:gluten', 'en:soybeans']",fr
3229820019192,Pain complet 3 céréales,"Eau, seigle 40%, farine de seigle complète 7,2%, flocons d'avoine 3%, flocons d'orge 3%, graines de lin, sel marin, graines de sésame, levure. Peut contenir des traces de fruits à coque, de soja.","['en:water', 'en:rye', 'en:cereal', 'en:wholemeal-rye-flour', 'en:flour', 'en:cereal-flour', 'en:rye-flour', 'en:wholemeal-flour', 'en:oat-flakes', 'en:oat', 'en:barley-flakes', 'en:barley', 'en:flax-seed', 'en:seed', 'en:flax', 'en:sea-salt', 'en:salt', 'en:sesame-seeds', 'en:sesame', 'en:yeast']","['en:gluten', 'en:sesame-seeds', 'fr:Avoine']","['en:nuts', 'en:soybeans']",fr
3095757697105,Blanc de Poulet  - 25% de Sel*,"Filet de poulet 94%, bouillons (eau, _céleri_, plantes aromatiques, oignon, épices, huile de tournesol), sel, jus concentré de _céleri_, dextrose de maïs, ferments, antioxydant : ascorbate de sodium, colorant : caramel ordinaire.","['en:chicken-fillet', 'en:poultry', 'en:chicken', 'en:chicken-meat', 'en:broth', 'en:salt', 'en:concentrated-celery-juice', 'en:vegetable', 'en:stalk-vegetable', 'en:celery', 'en:celery-juice', 'en:corn-dextrose', 'en:added-sugar', 'en:monosaccharide', 'en:glucose', 'en:dextrose', 'en:ferment', 'en:e301', 'en:e150a', 'en:water', 'en:herb', 'en:onion', 'en:root-vegetable', 'en:onion-family-vegetable', 'en:spice', 'en:condiment', 'en:sunflower-oil', 'en:oil-and-fat', 'en:vegetable-oil-and-fat', 'en:vegetable-oil']",['en:celery'],[],fr
6111266962651,lait,lait demi-écrémé,"['en:semi-skimmed-milk', 'en:dairy', 'en:milk']",['en:milk'],[],fr
3033710065783,Le Choco,"chocolate powder 98% (sugar, cocoa), emulsifier: soy lecithin, natural flavour, cinnamon,","['en:chocolate-powder', 'en:chocolate', 'en:soya-lecithin', 'en:e322', 'en:e322i', 'en:natural-flavouring', 'en:flavouring', 'en:cinnamon', 'en:condiment', 'en:spice', 'en:sugar', 'en:added-sugar', 'en:disaccharide', 'en:cocoa', 'en:plant']",['en:soybeans'],[],en
3760049798845,Pain de mie grandes tranches Avoine & Graines 500g,"Farine de BLÉ* 34 % , eau, farine d'AVOINE 10,5%, graines de lin brun 10,5 % , GLUTEN DE BLÉ, graines de tournesol décortiquées 4,4 %, levure, levain de SEIGLE dévitalisé déshydraté, sel, graines de pavot bleu 0,8%, vinaigre, arôme naturel (contient alcool), conservateur : propionate de calcium, levure désactivée, antioxydant : acide ascorbique. Traces éventuelles de soja, graines de sésame et moutarde. * Ingrédient issu du commerce équitable français.","['en:wheat-flour', 'en:cereal', 'en:flour', 'en:wheat', 'en:cereal-flour', 'en:water', 'en:oat-flour', 'en:oat', 'en:brown-flax-seeds', 'en:seed', 'en:flax', 'en:flax-seed', 'en:wheat-gluten', 'en:gluten', 'en:sunflower-seed', 'en:plant', 'en:sunflower', 'en:yeast', 'en:devitalised-rye-sourdough', 'en:dough', 'en:rye', 'en:sourdough', 'en:rye-sourdough', 'en:salt', 'en:blue-poppy-seed', 'en:poppy', 'en:poppyseed', 'en:vinegar', 'en:natural-flavouring', 'en:flavouring', 'en:preservative', 'en:deactivated-yeast', 'en:antioxidant', 'fr:francais', 'en:e282', 'en:vitamin-c', 'en:vitamins']",['en:gluten'],"['en:mustard', 'en:sesame-seeds', 'en:soybeans']",fr
3017760542890,pain grillé pelletier,"farine de blé 86%, farine complète de blé 15%, levure, huile de palme, sirop de glucose - fructose, sel, farine de blé malté, acidifiant (acide lactique), farine de seigle, agent de traitement de la farine (acide ascorbique) peut contenir lait, soja, moutarde","['en:wheat-flour', 'en:cereal', 'en:flour', 'en:wheat', 'en:cereal-flour', 'en:whole-wheat-flour', 'en:wholemeal-flour', 'en:yeast', 'en:palm-oil', 'en:oil-and-fat', 'en:vegetable-oil-and-fat', 'en:palm-oil-and-fat', 'en:glucose-fructose-syrup', 'en:added-sugar', 'en:monosaccharide', 'en:fructose', 'en:glucose', 'en:salt', 'en:malted-wheat-flour', 'en:e270', 'en:rye-flour', 'en:e300']",['en:gluten'],"['en:milk', 'en:mustard', 'en:soybeans']",fr
3046920027885,Excellence Noir à la Pointe de Fleur de Sel,"sucre, pâte de cacao, beurre de cacao, beurre _laitier_ concentré, émulsifiant (lécithine de _soja_), fleur de sel 0,3%.
Cacao : 47% minimum.","['en:sugar', 'en:added-sugar', 'en:disaccharide', 'en:cocoa-paste', 'en:plant', 'en:cocoa', 'en:cocoa-butter', 'en:butterfat', 'en:oil-and-fat', 'en:dairy', 'en:fat', 'en:milkfat', 'en:emulsifier', 'en:fleur-de-sel', 'en:salt', 'en:sea-salt', 'en:soya-lecithin', 'en:e322', 'en:e322i']","['en:milk', 'en:soybeans']","['en:gluten', 'en:nuts', 'en:sesame-seeds']",fr
6111246950845,,"Lait entier, 30g/L de matière grasse, المكونات: حليب كامل الدسم، 30غ ل من المادة الدسمة,","['ar:Lait entier', 'ar:L de matière grasse', 'ar:المكونات', 'ar:30غ ل من المادة الدسمة', 'ar:حليب كامل الدسم']",[],"['en:milk', 'en:nuts', 'fr:cake', 'fr:chocolate']",ar
5010477348630,Muesli 36% fruits noix & graines,"Céréales complètes (64%) (flocons de blé, flocons d'avoine, pétales de blé grillé (13%)), raisins de sultane (16%), raisins secs (11%), copeaux de noix de coco (3,5%), noisettes grillées entières (3%), graines de tournesol (2,5%)","['en:wholemeal-cereal', 'en:cereal', 'fr:raisins de sultane', 'en:raisin', 'en:fruit', 'en:berries', 'en:grape', 'en:coconut', 'en:hazelnut', 'en:nut', 'en:tree-nut', 'en:sunflower-seed', 'en:seed', 'en:wheat-flakes', 'en:wheat', 'en:oat-flakes', 'en:oat']","['en:gluten', 'en:nuts', 'fr:Avoine']","['en:gluten', 'en:nuts']",fr
87157215,Tomato Ketchup,"tomatoes, vinegar, sugar, salt, extracts of herbs (celery), extracts of spices, spice","['en:tomato', 'en:vegetable', 'en:fruit-vegetable', 'en:vinegar', 'en:sugar', 'en:added-sugar', 'en:disaccharide', 'en:salt', 'en:herb', 'en:spice', 'en:condiment']",['en:celery'],[],en
8715035110106,Sojasaus,"water, _sojabonen_, tarwe, zout","['en:water', 'en:soya-bean', 'en:vegetable', 'en:pod-and-seed-vegetable', 'en:legume', 'en:pulse', 'en:soya', 'en:wheat', 'en:cereal', 'en:salt']","['en:gluten', 'en:soybeans']",[],nl
6111035003509,"Bahia, Eau De Table",eau,['en:water'],[],[],fr
3182180001477,Grilletine au froment sans sucres ajoutés,"Farine de BLÉ 83% - Édulcorant : maltitol - Huile de tournesol - Levure boulangère - GLUTEN de blé - Sel - Minéraux de mer (potassium, magnésium, calcium) - Farine de BLÉ malté - Fibres de BLÉ - Agent de traitement de la farine : acide ascorbique","['en:wheat-flour', 'en:cereal', 'en:flour', 'en:wheat', 'en:cereal-flour', 'en:sweetener', 'en:sunflower-oil', 'en:oil-and-fat', 'en:vegetable-oil-and-fat', 'en:vegetable-oil', 'en:baker-s-yeast', 'en:yeast', 'fr:GLUTEN de blé-Sel', 'en:sea-salt', 'en:salt', 'en:malted-wheat-flour', 'en:wheat-fiber', 'en:fiber', 'en:vegetable-fiber', 'en:flour-treatment-agent', 'en:e965', 'en:potassium', 'en:minerals', 'en:magnesium', 'en:calcium', 'en:e300']",['en:gluten'],"['en:eggs', 'en:milk', 'en:nuts', 'en:sesame-seeds', 'en:soybeans']",fr
8720182460721,Amora Moutarde Forte Verre 430g,"Eau, graines de MOUTARDE, vinaigre d'alcool, sel, acidifiant : acide citrique, conservateur : DISULFITE de potassium.","['en:water', 'en:mustard-seed', 'en:condiment', 'en:mustard', 'en:spice', 'en:alcohol-vinegar', 'en:vinegar', 'en:salt', 'en:e330', 'en:e224']","['en:mustard', 'en:sulphur-dioxide-and-sulphites']",[],fr
5449000131805,Coca-Cola Zero Azúcar,"carbonated water, colour (e150d), acid (phosphoric acid) sweeteners (aspartame, acesulfame-k enzymatically produced steviol glycosides), natural flavourings, caffeine flavouring, acidity regulator (sodium citrates), contains a source of phenylalanine,","['en:carbonated-water', 'en:water', 'en:e150d', 'en:e338', 'en:e951', 'en:acesulfame-k enzymatically produced steviol glycosides', 'en:natural-flavouring', 'en:flavouring', 'en:caffeine-flavour', 'en:e331']",[],['en:nuts'],en
3038354199603,Panzani sauce pesto basilic 200g,"Basilic frais 41%, huile de tournesol, eau, GRANA PADANO AOP(LAIT, OEUF) 5%, flocons de pommes de terre, sucre, sel, farine de NOIX DE CAJOU (FRUITS A COQUES), arôme naturel (LAIT), acidifiant : acide lactique, pignons de pin 0,5%, antioxydant : acide ascorbique, ail, arôme naturel de basilic. Peut contenir : arachides","['en:fresh-basil', 'en:herb', 'en:basil', 'en:sunflower-oil', 'en:oil-and-fat', 'en:vegetable-oil-and-fat', 'en:vegetable-oil', 'en:water', 'en:grana-padano', 'en:dairy', 'en:cheese', 'en:cow-cheese', 'en:potato-flakes', 'en:vegetable', 'en:root-vegetable', 'en:tuber', 'en:potato', 'en:sugar', 'en:added-sugar', 'en:disaccharide', 'en:salt', 'en:cashew-nuts', 'en:nut', 'en:tree-nut', 'en:natural-flavouring', 'en:flavouring', 'en:acid', 'en:pine-nuts', 'en:seed', 'en:antioxidant', 'en:garlic', 'en:onion-family-vegetable', 'en:natural-basil-flavouring', 'en:milk', 'en:egg', 'en:natural-milk-flavouring', 'en:e270', 'en:vitamin-c', 'en:vitamins']","['en:eggs', 'en:milk', 'en:nuts']",['en:peanuts'],fr
3760049798890,Pain au lait bio x12 420g,"Farine de BLÉ*/** 51%, ŒUFS entiers*/** 12.5%, huile de tournesol*, LAIT frais écrémé pasteurisé* 8.4%, levain* (eau, farines de BLE*/** 3.4% et de SEIGLE*, levures), sucre de canne roux*, GLUTEN DE BLÉ*, arôme naturel de vanille* (contient alcool*), levure, sel, extrait de vanille*. Traces éventuelles de soja. *Ingrédients issus de l'Agriculture Biologique. **Ingrédients issus du commerce équitable français.","['en:wheat-flour', 'en:cereal', 'en:flour', 'en:wheat', 'en:cereal-flour', 'en:whole-egg', 'en:egg', 'en:sunflower-oil', 'en:oil-and-fat', 'en:vegetable-oil-and-fat', 'en:vegetable-oil', 'en:milk', 'en:dairy', 'en:sourdough', 'en:dough', 'en:unrefined-cane-sugar', 'en:added-sugar', 'en:disaccharide', 'en:sugar', 'en:cane-sugar', 'en:unrefined-sugar', 'en:wheat-gluten', 'en:gluten', 'en:natural-vanilla-flavouring', 'en:flavouring', 'en:natural-flavouring', 'en:vanilla-flavouring', 'en:yeast', 'en:salt', 'en:vanilla-extract', 'en:plant', 'en:extract', 'en:vanilla', 'en:vegetable-extract', 'fr:français', 'en:water', 'en:rye-sourdough', 'en:rye', 'en:alcohol']","['en:eggs', 'en:gluten', 'en:milk', 'fr:Alcool']",['en:soybeans'],fr
3175680011442,Biscuit soja orange,"Farine de blé 57,7%, sucre non raffiné, huile de colza, flocons de soja toastés 7%, germe de blé 5,3%, amidon de blé, oranges déshydratées 1,5%, fibre de blé, magnésium, sucre, amidon de maïs, jus concentré de citron, poudre à lever: carbonates de sodium, émulsifiant: lécithines, sel de mer, arôme naturel d'orange, vitamines (E, PP, B6, B1, B9).","['en:wheat-flour', 'en:cereal', 'en:flour', 'en:wheat', 'en:cereal-flour', 'en:unrefined-sugar', 'en:added-sugar', 'en:disaccharide', 'en:sugar', 'en:colza-oil', 'en:oil-and-fat', 'en:vegetable-oil-and-fat', 'en:rapeseed-oil', 'en:soya', 'en:wheat-germ', 'en:wheat-starch', 'en:starch', 'en:orange', 'en:fruit', 'en:citrus-fruit', 'en:wheat-fiber', 'en:fiber', 'en:vegetable-fiber', 'en:magnesium', 'en:minerals', 'en:corn-starch', 'en:concentrated-lemon-juice', 'en:juice', 'en:fruit-juice', 'en:lemon-juice', 'en:raising-agent', 'en:emulsifier', 'en:sea-salt', 'en:salt', 'en:natural-orange-flavouring', 'en:flavouring', 'en:natural-flavouring', 'en:vitamins', 'en:vitamin-e', 'en:e375', 'en:vitamin-b6', 'en:thiamin', 'en:folic-acid', 'en:folate', 'en:e500', 'en:e322']","['en:gluten', 'en:soybeans']","['en:lupin', 'en:milk', 'en:mustard', 'en:nuts', 'en:sesame-seeds']",fr
3168930009795,Muesli Croustillant Noix de pécan & noix du Brésil,"Avoine complète (60%), sirop de glucose, sucre, oligofructose, pétales de blé (4%) (farine et son de blé, sucre, sirop de Sucre, extrait de malt d'orge, sel), pétales d'orge (3%) [orge, sucre, sel, extrait de malt d'orge, émulsifiant (mono - et diglycérides d'acides gras)], mélasse, graine de courge (2,4%), noix du Brésil (2,3%), noix de pécan (2,2%), huile de tournesol, arômes, antioxydant (tocopherol). Peut contenir des traces de lait.","['en:wholemeal-oat', 'en:cereal', 'en:oat', 'en:glucose-syrup', 'en:added-sugar', 'en:monosaccharide', 'en:glucose', 'en:sugar', 'en:disaccharide', 'en:oligofructose', 'en:wheat-flakes', 'en:wheat', ""fr:pétales d'orge"", 'en:molasses', 'en:pumpkin-seed', 'en:seed', 'en:brazil-nut', 'en:nut', 'en:tree-nut', 'en:pecan-nut', 'en:sunflower-oil', 'en:oil-and-fat', 'en:vegetable-oil-and-fat', 'en:vegetable-oil', 'en:flavouring', 'en:antioxidant', 'en:flour', 'en:wheat-bran', 'en:sugar-syrup', 'en:syrup', 'en:barley-malt-extract', 'en:malt', 'en:malted-barley', 'en:salt', 'en:barley', 'en:emulsifier', 'en:vitamin-e', 'en:vitamins', 'en:e471']","['en:gluten', 'en:nuts']",['en:milk'],fr
6111024001516,"Huile de table équilibrée riche en vitamines A,E,D3","Huiles végétales (Soja. Tournesol. Colza) en proportions variables, arôme naturel. Vitamine A, Vitamine D3. Provitamine A. CONSEILS D'UTILISATION نصـائح الاستعمال - درجة الحرارة القصوى للاستعمال 180درجة تجنبوا إضافة الزيت على الزيت المستعملة. .لا تتركوا الزيت حتى تندخر .أغلقوا القنينة بعد كل استعمال - Température maximale d'utilisation 180°C. Eviter les ajouts d'huile dans un bain usé. Ne pas laisser fumer l'huile. Reboucher la bouteille après chaque usage مصلحة المستهلكين Service consommateurs: ۱۷-","['en:vegetable-oil', 'en:oil-and-fat', 'en:vegetable-oil-and-fat', 'en:natural-flavouring', 'en:flavouring', 'en:vitamin-a', 'en:vitamins', 'en:cholecalciferol', 'en:vitamin-d', 'en:provitamin-a', 'en:e160a', 'en:e160ai', 'fr:conseils-d-utilisation-نصـائح-الاستعمال', 'fr:درجة-الحرارة-القصوى-للاستعمال-180درجة-تجنبوا-إضافة-الزيت-على-الزيت-المستعملة', 'fr:لا-تتركوا-الزيت-حتى-تندخر-أغلقوا-القنينة-بعد-كل-استعمال', 'fr:temperature-maximale-d-utilisation-180-c', 'fr:eviter-les-ajouts-d-huile-dans-un-bain-use', 'fr:ne-pas-laisser-fumer-l-huile', 'fr:reboucher-la-bouteille-apres-chaque-usage-مصلحة-المستهلكين-service-consommateurs', 'en:soya-oil', 'en:sunflower-oil', 'en:colza-oil', 'en:rapeseed-oil', 'fr:۱۷']",['en:soybeans'],[],fr
3392460480827,Biscottes 6 Céréales,"Céréales 93 % (farine de BLÉ 79,4 %, flocons de BLÉ malté 4,4 %, flocons d'AVOINE 1,7 %, farine d'ORGE malté 1,5 %, farine de SEIGLE 1,2 %, semoule de BLÉ 1,2 %, farine d'ORGE 1,2 %, farine de sarrasin 1,2 %, farine de riz 1,2 %), levure, graines de lin 3,6 %, graines de SÉSAME 3,4 %, huile de palme, sirop de glucose-fructose, sel, gluten de BLÉ, sucre, agent de traitement de la farine (acide ascorbique), émulsifiants (E 471, E 481), amidon de BLÉ.","['en:cereal', 'en:yeast', 'en:flax-seed', 'en:seed', 'en:flax', 'en:sesame-seeds', 'en:sesame', 'en:palm-oil', 'en:oil-and-fat', 'en:vegetable-oil-and-fat', 'en:palm-oil-and-fat', 'en:glucose-fructose-syrup', 'en:added-sugar', 'en:monosaccharide', 'en:fructose', 'en:glucose', 'en:salt', 'en:wheat-gluten', 'en:gluten', 'en:sugar', 'en:disaccharide', 'en:e300', 'en:e471', 'en:e481', 'en:wheat-starch', 'en:starch', 'en:wheat-flour', 'en:flour', 'en:wheat', 'en:cereal-flour', 'en:malted-wheat-flakes', 'en:wheat-flakes', 'en:oat-flakes', 'en:oat', 'en:barley-malt-flour', 'en:barley', 'en:barley-flour', 'en:rye-flour', 'en:wheat-semolina', 'en:semolina', 'en:buckwheat-flour', 'en:buckwheat', 'en:rice-flour', 'en:rice']","['en:gluten', 'en:sesame-seeds']","['en:milk', 'en:soybeans']",fr
8719200012608,Tartine sans huile de palme,"Eau, huiles végétales (colza, tournesol, coco, lin), esters de phytosterols 9% (équivalent à 5,4% de stérols végétaux), sel (0,2%), émulsifiant (lecithine), arômes naturels, vitamines A, vitamines D. Peut contenir des traces de lait.","['en:water', 'en:vegetable-oil', 'en:oil-and-fat', 'en:vegetable-oil-and-fat', 'fr:esters de phytosterols', 'en:salt', 'en:e322i', 'en:e322', 'en:natural-flavouring', 'en:flavouring', 'en:vitamins', 'en:vitamin-a', 'en:colza-oil', 'en:rapeseed-oil', 'en:sunflower-oil', 'en:coconut-oil', 'en:linseed-oil']",['en:milk'],['en:milk'],fr
6111250012416,Le bon lait,lait,"['en:milk', 'en:dairy']",['en:milk'],[],fr
7613035449626,NESTLE CHOCAPIC Céréales 645g,"Farine de BLÉ complet 37,5 %, farine de BLÉ 18,5 %, chocolat en poudre 18,1 % (sucre, cacao en poudre*), semoule de maïs, sirop de glucose, extrait de malt d'ORGE (ORGE, ORGE malté), huile de tournesol, carbonate de calcium, sucre, farine d'ORGE malté, émulsifiant : lécithines ; sel, arômes naturels, fer, vitamines B3, B5, D, B6, B1, B2, B9. Peut contenir du LAIT et des FRUITS À COQUE. *Bilan massique certifié Rainforest Alliance. www.ra.org/fr. Nestlé achète une quantité de cacao certifié Rainforest Alliance équivalente à celle nécessaire pour ce produit.","['en:whole-wheat-flour', 'en:cereal', 'en:flour', 'en:wheat', 'en:cereal-flour', 'en:wholemeal-flour', 'en:wheat-flour', 'en:chocolate-powder', 'en:chocolate', 'en:cornmeal', 'en:corn', 'en:glucose-syrup', 'en:added-sugar', 'en:monosaccharide', 'en:glucose', 'en:barley-malt-extract', 'en:malt', 'en:malted-barley', 'en:sunflower-oil', 'en:oil-and-fat', 'en:vegetable-oil-and-fat', 'en:vegetable-oil', 'en:e170i', 'en:e170', 'en:sugar', 'en:disaccharide', 'en:barley-malt-flour', 'en:barley', 'en:barley-flour', 'en:e322', 'en:salt', 'en:natural-flavouring', 'en:flavouring', 'en:iron', 'en:minerals', 'en:vitamins', 'en:e375', 'en:pantothenic-acid', 'en:vitamin-d', 'en:vitamin-b6', 'en:thiamin', 'en:e101', 'en:folic-acid', 'en:folate', 'fr:Bilan massique certifié Rainforest Alliance', 'fr:www.ra.org', 'fr:fr', 'fr:Nestlé achète une quantité de cacao certifié Rainforest Alliance équivalente à celle nécessaire pour ce produit', 'en:cocoa-powder', 'en:plant', 'en:cocoa']",['en:gluten'],"['en:milk', 'en:nuts']",fr
8076809513722,Basilico,"Pulpe de tomates 72%, concentré de tomates 14%, oignons, huile de tournesol, basilic 2%, sucre, sel, arôme naturel.","['en:tomato-pulp', 'en:vegetable', 'en:fruit-vegetable', 'en:tomato', 'en:chopped-tomato', 'en:tomato-concentrate', 'en:concentrate', 'en:onion', 'en:root-vegetable', 'en:onion-family-vegetable', 'en:sunflower-oil', 'en:oil-and-fat', 'en:vegetable-oil-and-fat', 'en:vegetable-oil', 'en:basil', 'en:herb', 'en:sugar', 'en:added-sugar', 'en:disaccharide', 'en:salt', 'en:natural-flavouring', 'en:flavouring']",[],[],fr
3760091722508,Chocolat noir 85% Madagascar,"Pâte de cacao de Madagascar 75%, sucre de canne, beurre de cacao 10%","['en:cocoa-paste', 'en:plant', 'en:cocoa', 'en:cane-sugar', 'en:added-sugar', 'en:disaccharide', 'en:sugar', 'en:cocoa-butter', 'en:oil-and-fat', 'en:vegetable-oil-and-fat', 'en:vegetable-fat']",[],"['en:gluten', 'en:milk', 'en:nuts', 'en:sesame-seeds']",fr
3229820794532,Avoine complète,"Flocons d'avoine 40%,
Farine de blé 23% estimation,
Sucre de canne non raffiné 9,1% estimation,
Huile de colza 8,2% estimation,
Billettes de riz soufflé (farine de riz, sel) 8% estimation,
Fibres d'acacia 5,8% estimation,
Miel 2,9% estimation,
Poudre à lever (carbonates d'ammonium) &lt;2%,
Jaune d'œuf en poudre &lt;2%,
Sel marin &lt;2%,Antioxydant (extraits de romarin) &lt;2%,
Peut contenir des traces de lait, de fruits à coque, de graines de sésame et de soja.","['en:oat-flakes', 'en:cereal', 'en:oat', 'fr:Farine de blé 23\xa0% estimation', 'fr:Sucre de canne non raffiné 9', 'fr:1\xa0% estimation', 'fr:Huile de colza 8', 'fr:2\xa0% estimation', 'fr:Billettes de riz soufflé', 'fr:estimation', ""fr:Fibres d'acacia 5"", 'fr:8\xa0% estimation', 'fr:Miel 2', 'fr:9\xa0% estimation', 'en:raising-agent', 'en:egg-yolk-powder', 'en:egg', 'en:egg-yolk', 'en:sea-salt', 'en:salt', 'en:antioxidant', 'en:rice-flour', 'en:flour', 'en:rice', 'en:e503', 'en:e392']","['en:eggs', 'en:gluten']","['en:milk', 'en:nuts', 'en:peanuts', 'en:sesame-seeds', 'en:soybeans']",fr
3175681257566,Gerble Buscuit Citron Gingembre,"farine complète de blé* 55,4%, farine de blé* semi-complète 19,4%, sucre de canne*, huile de tournesol oléique*, acide citrique, carbonates de sodium, huile essentielle de citron*, gingembre* en poudre.","['en:whole-wheat-flour', 'en:cereal', 'en:flour', 'en:wheat', 'en:cereal-flour', 'en:wholemeal-flour', 'en:wheat-flour', 'en:semi-wholemeal-wheat-flour', 'en:semi-wholemeal-flour', 'en:cane-sugar', 'en:added-sugar', 'en:disaccharide', 'en:sugar', 'en:high-oleic-sunflower-oil', 'en:oil-and-fat', 'en:vegetable-oil-and-fat', 'en:vegetable-oil', 'en:sunflower-oil', 'en:e330', 'en:e500', 'en:lemon-oil', 'en:fruit', 'en:citrus-fruit', 'en:lemon', 'en:citrus-oil', 'en:ginger', 'en:condiment', 'en:spice']",['en:gluten'],"['en:eggs', 'en:lupin', 'en:milk', 'en:nuts', 'en:sesame-seeds', 'en:soybeans']",fr
4056489039518,Petit Pains Grillés Blé complet,"Farine de _blé_ complet 45%, farine de _blé_ 45%, huile de colza, sucre, levure, sel, gluten de _blé_, agent de traitement de la farine (acide ascorbique)","['en:whole-wheat-flour', 'en:cereal', 'en:flour', 'en:wheat', 'en:cereal-flour', 'en:wholemeal-flour', 'en:wheat-flour', 'en:colza-oil', 'en:oil-and-fat', 'en:vegetable-oil-and-fat', 'en:rapeseed-oil', 'en:sugar', 'en:added-sugar', 'en:disaccharide', 'en:yeast', 'en:salt', 'en:wheat-gluten', 'en:gluten', 'en:flour-treatment-agent', 'en:e300']",['en:gluten'],"['en:eggs', 'en:milk', 'en:sesame-seeds', 'en:soybeans']",fr
6111032002208,Activia Céréales,"Lait sans crème, mélanges de produits laitiers, préparations céréalières, crème, sucre, lait en poudre sans crème, amidon modifié, arômes, levure helba, Pour yaourt, bifide et bactéries, Contient du gluten et est fabriqué dans une ligne pouvant contenir des amandes,

Poids net : 110 g","['fr:Lait sans crème', 'fr:mélanges de produits laitiers', 'fr:préparations céréalières', 'en:cream', 'en:dairy', 'en:sugar', 'en:added-sugar', 'en:disaccharide', 'fr:lait en poudre sans crème', 'en:modified-starch', 'en:starch', 'en:flavouring', 'fr:levure helba', 'en:yogurt', 'fr:bifide et bactéries', 'fr:Poids net']","['en:gluten', 'en:milk']",[],fr
8410076470812,Blé Complet Wraps,"whole wheat flour (68%), water, stabilizer: glycerol, sunflower oil, emulsifier: mono - and diglycerides of fatty acids, dextrose, baking powders: sodium acid carbonate, diphosphates, salt,","['en:whole-wheat-flour', 'en:cereal', 'en:flour', 'en:wheat', 'en:cereal-flour', 'en:wholemeal-flour', 'en:wheat-flour', 'en:water', 'en:stabiliser', 'en:sunflower-oil', 'en:oil-and-fat', 'en:vegetable-oil-and-fat', 'en:vegetable-oil', 'en:emulsifier', 'en:dextrose', 'en:added-sugar', 'en:monosaccharide', 'en:glucose', 'en:baking-powder', 'en:e450', 'en:salt', 'en:e422', 'en:e471', 'en:e500ii', 'en:e500']",['en:gluten'],[],en
6111251754247,Olla Crème de Cuisson Onctueuse,"eau, sucre, sirop de glucose, amidon modifié de maïs, épaississants (E466, E415), stabilisants (E339, E452), correcteur d'acidité (E331), arôme, colorant (E160a)","['en:water', 'en:sugar', 'en:added-sugar', 'en:disaccharide', 'en:glucose-syrup', 'en:monosaccharide', 'en:glucose', 'en:modified-corn-starch', 'en:starch', 'en:corn-starch', 'en:modified-starch', 'en:e466', 'en:e415', 'en:e339', 'en:e452', 'en:e331', 'en:flavouring', 'en:e160a']",[],[],fr
3229820787008,Lait d'amande,"Lait d'amande* (eau, amandes* 2,8%), sucre de canne non raffiné, amidon de riz*, sel marin.

*ingrédients biologiques","[""fr:Lait d'amande"", 'en:unrefined-cane-sugar', 'en:added-sugar', 'en:disaccharide', 'en:sugar', 'en:cane-sugar', 'en:unrefined-sugar', 'en:rice-starch', 'en:starch', 'en:sea-salt', 'en:salt', 'en:water', 'en:almond', 'en:nut', 'en:tree-nut']",['en:nuts'],['en:nuts'],fr
7622210713780,Belvita Petit Déjeuner Chocolat,"Céréales 56,8 % (céréales complètes 39,8 % (farine complète de BLÉ 20,1 %, flocons d'AVOINE 8,8 %, farine complète d'ORGE 6,4 %, farine complète de SEIGLE 3,5 %, farine complète d'épeautre 1 %), farine de BLÉ 17 %), sucre, pépites de chocolat 12% (sucre, pâte de cacao, graisses végétales (palme, karité en proportions variables), dextrose, beurre de cacao, émulsifiant (lécithines de SOJA)), huile de colza, cacao maigre en poudre 3 %, amidon de BLÉ, poudres à lever (carbonates d'ammonium, diphosphates, carbonates de sodium), minéraux (carbonate de calcium, carbonate de magnésium, fer élémentaire), émulsifiants (lécithines de SOJA, E492, E472e), sel, arôme, LAIT écrémé en poudre.","['en:cereal', 'en:sugar', 'en:added-sugar', 'en:disaccharide', 'en:chocolate-chunk', 'en:chocolate', 'en:colza-oil', 'en:oil-and-fat', 'en:vegetable-oil-and-fat', 'en:rapeseed-oil', 'en:fat-reduced-cocoa-powder', 'en:plant', 'en:cocoa', 'en:cocoa-powder', 'en:fat-reduced-cocoa', 'en:wheat-starch', 'en:starch', 'en:e503', 'en:e450', 'en:e500', 'en:minerals', 'en:soya-lecithin', 'en:e322', 'en:e322i', 'en:e492', 'en:e472e', 'en:salt', 'en:flavouring', 'en:skimmed-milk-powder', 'en:dairy', 'en:milk-powder', 'en:wholemeal-cereal', 'en:wheat-flour', 'en:flour', 'en:wheat', 'en:cereal-flour', 'en:cocoa-paste', 'en:vegetable-fat', 'en:dextrose', 'en:monosaccharide', 'en:glucose', 'en:cocoa-butter', 'en:e170i', 'en:e170', 'en:e504i', 'en:e504', 'en:elemental-iron', 'en:iron', 'en:whole-wheat-flour', 'en:wholemeal-flour', 'en:oat-flakes', 'en:oat', 'en:wholemeal-barley-flour', 'en:barley', 'en:barley-flour', 'en:wholemeal-rye-flour', 'en:rye-flour', 'en:wholemeal-spelt-flour', 'en:spelt-flour', 'en:palm-oil', 'en:palm-oil-and-fat', 'en:shea-butter']","['en:gluten', 'en:milk', 'en:soybeans']","['en:eggs', 'en:nuts', 'en:sesame-seeds']",fr
3336971805038,Chips de lentilles saveur tomate mozza,"Farine de lentille (37%), huiles végétales (tournesol, colza), farine de riz, farine de maïs, amidons, lactosérum en poudre (LAIT), sel, sucre, chlorure de potassium, arôme naturel, tomate, persil, oignon, poivre vert, ail, mozzarella en poudre (LAIT).","['en:lentil-flour', 'en:vegetable', 'en:legume', 'en:pulse', 'en:lentils', 'en:vegetable-oil', 'en:oil-and-fat', 'en:vegetable-oil-and-fat', 'en:rice-flour', 'en:flour', 'en:rice', 'en:corn-flour', 'en:cereal', 'en:corn', 'en:starch', 'en:whey-powder', 'en:dairy', 'en:whey', 'en:salt', 'en:sugar', 'en:added-sugar', 'en:disaccharide', 'en:e508', 'en:natural-flavouring', 'en:flavouring', 'en:tomato', 'en:fruit-vegetable', 'en:parsley', 'en:herb', 'en:leaf-vegetable', 'en:onion', 'en:root-vegetable', 'en:onion-family-vegetable', 'en:green-pepper', 'en:seed', 'en:pepper', 'en:garlic', 'en:mozzarella', 'en:cheese', 'en:sunflower-oil', 'en:colza-oil', 'en:rapeseed-oil']",['en:milk'],"['en:gluten', 'en:peanuts', 'en:soybeans']",fr
8052575090346,Nocciolata la bianca,"Pâte de noisettes 30%, sucre, lait écrémé en poudre, huile de tournesol, beurre de cacao, émulsifiant : lécithine de soja, extrait de vanille.","['en:hazelnut-paste', 'en:nut', 'en:tree-nut', 'en:hazelnut', 'en:sugar', 'en:added-sugar', 'en:disaccharide', 'en:skimmed-milk-powder', 'en:dairy', 'en:milk-powder', 'en:sunflower-oil', 'en:oil-and-fat', 'en:vegetable-oil-and-fat', 'en:vegetable-oil', 'en:cocoa-butter', 'en:plant', 'en:vegetable-fat', 'en:cocoa', 'en:soya-lecithin', 'en:e322', 'en:e322i', 'en:vanilla-extract', 'en:extract', 'en:vanilla', 'en:vegetable-extract']","['en:milk', 'en:nuts', 'en:soybeans']",['en:nuts'],fr
3083680973939,Ratatouille Cuisinée à la Provençal,"Dés d'aubergines préfrites 25% (aubergines 22%, huile de tournesol), dès de courgettes 25%, purée de tomates mi-réduite 21%, oignons en dès 13%, poivrons rouges en dès 8%, double concentré de tomate 3%, huile d'olive vierge extra 1,5%, sucre 1,3%, sel, ail, jus concentré de citron, farine de BLE, thym 0.1%.","['fr:aubergine-prefrite', 'en:vegetable', 'en:fruit-vegetable', 'en:aubergine', 'fr:dès de courgettes', 'fr:puree-de-tomate-mi-reduite', 'en:tomato', 'en:tomato-puree', 'fr:oignons en dès', 'fr:poivrons rouges en dès', 'en:double-concentrated-tomato', 'en:concentrate', 'en:tomato-concentrate', 'en:extra-virgin-olive-oil', 'en:oil-and-fat', 'en:vegetable-oil-and-fat', 'en:vegetable-oil', 'en:olive-oil', 'en:virgin-olive-oil', 'en:sugar', 'en:added-sugar', 'en:disaccharide', 'en:salt', 'en:garlic', 'en:root-vegetable', 'en:onion-family-vegetable', 'en:concentrated-lemon-juice', 'en:fruit', 'en:juice', 'en:fruit-juice', 'en:lemon-juice', 'en:wheat-flour', 'en:cereal', 'en:flour', 'en:wheat', 'en:cereal-flour', 'en:thyme', 'en:herb', 'en:sunflower-oil']","['en:gluten', 'en:Cereals with Gluten']",[],fr
3478820023184,Pâte à tartiner Chocolat Noisette,"Sucre de canne*, huile de tournesol*, chocolat* 16,5% (sucre de canne*, poudre de cacao maigre*, beurre de cacao*), purée de NOISETTES* 10%, poudre de LAIT écrémé*, farine de SOJA*, émulsifiant : lécithines* (SOJA), extrait de vanille Bourbon*. *Produits issus de l'agriculture biologique. Peut contenir des traces d'autres FRUITS A COQUE et LUPIN.","['en:cane-sugar', 'en:added-sugar', 'en:disaccharide', 'en:sugar', 'en:sunflower-oil', 'en:oil-and-fat', 'en:vegetable-oil-and-fat', 'en:vegetable-oil', 'en:chocolate', 'en:hazelnut-paste', 'en:nut', 'en:tree-nut', 'en:hazelnut', 'en:skimmed-milk-powder', 'en:dairy', 'en:milk-powder', 'en:soya-flour', 'en:vegetable', 'en:pod-and-seed-vegetable', 'en:flour', 'en:legume', 'en:pulse', 'en:soya', 'en:soya-bean', 'en:e322', 'en:bourbon-vanilla-extract', 'en:plant', 'en:extract', 'en:vanilla', 'en:bourbon-vanilla', 'en:vegetable-extract', 'en:vanilla-extract', 'en:fat-reduced-cocoa-powder', 'en:cocoa', 'en:cocoa-powder', 'en:fat-reduced-cocoa', 'en:cocoa-butter', 'en:vegetable-fat', 'en:soya-lecithin', 'en:e322i']","['en:milk', 'en:nuts', 'en:soybeans']","['en:lupin', 'en:nuts', 'en:soybeans']",fr
6111246651261,,,,,,fr
5010477348395,Country Crisp - Chocolat noir 70% cacao,"De Céréales complètes (49%) (flocons d'avoine, farine d'avoine), sucre, flocons d'orge, copeaux chocolat noir (12%) (masse de cacao, sucre, poudre de cacao à teneur réduite en matières grasses, beurre de cacao, émulsifiant (lécithine de soja)), huile végétale (huile de colza et de tournesol en proportions variables), farine de riz, fruits secs (noix de coco séchée), arôme naturel. Informations sur les allergènes : les allergènes, y compris les céréales contenant du gluten, sont indiqués en gras. Peut contenir également des traces de: Lait, fruits à coque, autres céréales contenant du gluten.","['en:wholemeal-cereal', 'en:cereal', 'en:sugar', 'en:added-sugar', 'en:disaccharide', 'en:barley-flakes', 'en:barley', 'en:dark-chocolate-chunks', 'en:chocolate', 'en:dark-chocolate', 'en:vegetable-oil', 'en:oil-and-fat', 'en:vegetable-oil-and-fat', 'en:rice-flour', 'en:flour', 'en:rice', 'en:dried-fruit', 'en:fruit', 'en:natural-flavouring', 'en:flavouring', 'fr:Informations sur les allergènes', 'fr:y compris les céréales contenant du gluten', 'fr:sont indiqués en gras', 'en:nut', 'en:cereals-containing-gluten', 'en:oat-flakes', 'en:oat', 'en:oat-flour', 'en:cereal-flour', 'en:cocoa-paste', 'en:plant', 'en:cocoa', 'en:fat-reduced-cocoa-powder', 'en:cocoa-powder', 'en:fat-reduced-cocoa', 'en:cocoa-butter', 'en:vegetable-fat', 'en:soya-lecithin', 'en:e322', 'en:e322i', 'en:oil', 'en:desiccated-coconut', 'en:coconut', 'fr:les allergènes', 'en:colza-oil', 'en:rapeseed-oil', 'en:sunflower-oil']","['en:gluten', 'en:milk', 'en:nuts', 'en:soybeans', 'fr:Avoine']","['en:gluten', 'en:milk', 'en:nuts']",fr
3175681028111,Les Galettes Boulgour & Quinoa - Tomate & Paprika,"Boulgour de blé* 44,9%, quinoa* cuit 11,7%, poivrons rouges*, oignons*, farine de blé  5,6%, concentré de tomates* 4,6%, huiles tournesol* 4.1%, avoine* 3,7%, gluten de  blé* 2,8%, flocons de blé complet* 2,3%, maïs doux*, ail*, sel de mer, paprika doux* 0,7%,","['en:wheat-bulgur', 'en:cereal', 'en:wheat', 'en:durum-wheat', 'en:bulgur', 'en:quinoa', 'en:plant', 'en:red-bell-pepper', 'en:vegetable', 'en:fruit-vegetable', 'en:capsicum-annuum', 'en:bell-pepper', 'en:onion', 'en:root-vegetable', 'en:onion-family-vegetable', 'en:wheat-flour', 'en:flour', 'en:cereal-flour', 'en:tomato-concentrate', 'en:concentrate', 'en:tomato', 'en:sunflower-oil', 'en:oil-and-fat', 'en:vegetable-oil-and-fat', 'en:vegetable-oil', 'en:oat', 'en:wheat-gluten', 'en:gluten', 'en:whole-wheat-flakes', 'en:whole-wheat', 'en:wheat-flakes', 'en:sweetcorn', 'en:pod-and-seed-vegetable', 'en:corn', 'en:garlic', 'en:sea-salt', 'en:salt', 'bg:сладък-червен-пипер']","['en:gluten', 'fr:Avoine']","['en:celery', 'en:eggs', 'en:lupin', 'en:milk', 'en:mustard', 'en:nuts', 'en:sesame-seeds', 'en:soybeans']",fr
3664346306027,1848,"Cacao maigre (11 % de beurre de cacao) en poudre (50%), sucre, arôme. Peut contenir lait et soja.","['en:fat-reduced-cocoa', 'en:plant', 'en:cocoa', 'fr:en poudre', 'en:sugar', 'en:added-sugar', 'en:disaccharide', 'en:flavouring', 'en:cocoa-butter', 'en:oil-and-fat', 'en:vegetable-oil-and-fat', 'en:vegetable-fat']",[],"['en:milk', 'en:soybeans']",fr
3182180001996,Biscottes Sans sucres ajoutés Blé complet,Farine de BLÉ complet 58% - Farine de BLÉ 42% - Huile de tournesol - GLUTEN de BLÉ - Levure boulangère - Levain de BLÉ déshydraté - Sel - Agent de traitement de la farine : acide ascorbique.,"['en:whole-wheat-flour', 'en:cereal', 'en:flour', 'en:wheat', 'en:cereal-flour', 'en:wholemeal-flour', 'en:wheat-flour', 'en:sunflower-oil', 'en:oil-and-fat', 'en:vegetable-oil-and-fat', 'en:vegetable-oil', 'en:wheat-gluten', 'en:gluten', 'en:baker-s-yeast', 'en:yeast', 'en:dehydrated-wheat-sourdough', 'en:dough', 'en:sourdough', 'en:dehydrated-sourdough', 'en:wheat-sourdough', 'en:salt', 'en:flour-treatment-agent', 'en:e300']",['en:gluten'],"['en:eggs', 'en:milk', 'en:nuts', 'en:sesame-seeds']",fr
20713713,Chocolat noir Equateur Bio,"Pâte de cacao 50%, beurre de cacao 35%, sucre, extrait de vanille","['en:cocoa-paste', 'en:plant', 'en:cocoa', 'en:cocoa-butter', 'en:oil-and-fat', 'en:vegetable-oil-and-fat', 'en:vegetable-fat', 'en:sugar', 'en:added-sugar', 'en:disaccharide', 'en:vanilla-extract', 'en:extract', 'en:vanilla', 'en:vegetable-extract']",[],"['en:gluten', 'en:milk', 'en:nuts']",fr
3380380047749,Tartines craquantes au sarrasin,"Farine de sarrasin (97,6%), sucre de canne complet (-2%), sel marin.","['en:buckwheat-flour', 'en:cereal', 'en:flour', 'en:buckwheat', 'en:whole-cane-sugar', 'en:added-sugar', 'en:disaccharide', 'en:sugar', 'en:cane-sugar', 'en:unrefined-sugar', 'en:unrefined-cane-sugar', 'en:sea-salt', 'en:salt']",[],[],fr
7622210713889,Belvita Original Petit-Déjeuner miel et pépites de chocolat,"Farine 49,6 % [BLE complet 20,3 %, BLE 20 %, ORGE complet 4,9 %, SEIGLE complet 3,4 %, épeautre complet (BLE) 1 %], sucre, huile de colza, flocons complets d'AVOINE 10,7%, pépites de chocolat 8,5 % [sucre, pâte de cacao, huiles végétales (palme et karité en proportion variable), dextrose, beurre de cacao, émulsifiant (lécithines de SOJA)], miel de fleurs 5 %, sirop de glucose-fructose, minéraux (carbonate de calcium, carbonate de magnésium, fer élémentaire), poudres à lever (diphosphates, carbonates de sodium, carbonates d'ammonium), sel, émulsifiants (lécithines de SOJA, E472e), LAIT écrémé en poudre, arômes. PEUT CONTENIR OEUF, FRUITS À COQUE, SESAME.","['en:flour', 'en:sugar', 'en:added-sugar', 'en:disaccharide', 'en:colza-oil', 'en:oil-and-fat', 'en:vegetable-oil-and-fat', 'en:rapeseed-oil', ""fr:flocons complets d'AVOINE"", 'en:chocolate-chunk', 'en:chocolate', 'en:flower-honey', 'en:honey', 'en:glucose-fructose-syrup', 'en:monosaccharide', 'en:fructose', 'en:glucose', 'en:minerals', 'en:e450', 'en:e500', 'en:e503', 'en:salt', 'en:soya-lecithin', 'en:e322', 'en:e322i', 'en:e472e', 'en:skimmed-milk-powder', 'en:dairy', 'en:milk-powder', 'en:flavouring', 'en:whole-wheat-flour', 'en:cereal', 'en:wheat', 'en:cereal-flour', 'en:wholemeal-flour', 'en:wheat-flour', 'fr:ORGE complet', 'en:wholemeal-rye-flour', 'en:rye-flour', 'en:wholemeal-spelt-flour', 'en:spelt-flour', 'en:cocoa-paste', 'en:plant', 'en:cocoa', 'en:vegetable-oil', 'en:dextrose', 'en:cocoa-butter', 'en:vegetable-fat', 'en:e170i', 'en:e170', 'en:e504i', 'en:e504', 'en:elemental-iron', 'en:iron', 'en:palm-oil', 'en:palm-oil-and-fat', 'en:shea-butter']","['en:gluten', 'en:milk', 'en:soybeans']","['en:eggs', 'en:nuts', 'en:sesame-seeds']",fr
7622201809638,Napolitain l'Original,"Farine de blé, Sucre, Huile de palme, Sirop de glucose-fructose, Œufs, Chocolat en poudre (Sucre, Poudre de cacao), Stabilisants (Glycérol, Sorbitols), Lactosérum en poudre (de Lait), Alcool, Sirop de glucose, Cacao maigre en poudre, Poudres à lever (Carbonates d'ammonium, Diphosphates, Carbonates de sodium), Huile de colza, Graisse de karité, Sel, Arômes, Amidon, Émulsifiants (E472b, E472a, Lécithines de soja, E471), Lait écrémé en poudre, colorant (E160a), Épaississant (Gomme xanthane), Beurre concentré, Correcteurs d'acidité (Citrates de sodium, Acide citrique), Conservateur (Sorbate de potassium)","['en:wheat-flour', 'en:cereal', 'en:flour', 'en:wheat', 'en:cereal-flour', 'en:sugar', 'en:added-sugar', 'en:disaccharide', 'en:palm-oil', 'en:oil-and-fat', 'en:vegetable-oil-and-fat', 'en:palm-oil-and-fat', 'en:glucose-fructose-syrup', 'en:monosaccharide', 'en:fructose', 'en:glucose', 'en:egg', 'en:chocolate-powder', 'en:chocolate', 'en:e422', 'en:e420', 'en:whey-powder', 'en:dairy', 'en:whey', 'en:alcohol', 'en:glucose-syrup', 'en:fat-reduced-cocoa-powder', 'en:plant', 'en:cocoa', 'en:cocoa-powder', 'en:fat-reduced-cocoa', 'en:e503', 'en:e450', 'en:e500', 'en:colza-oil', 'en:rapeseed-oil', 'en:shea-butter', 'en:vegetable-fat', 'en:salt', 'en:flavouring', 'en:starch', 'en:e472b', 'en:e472a', 'en:soya-lecithin', 'en:e322', 'en:e322i', 'en:e471', 'en:skimmed-milk-powder', 'en:milk-powder', 'en:e160a', 'en:e415', 'en:butterfat', 'en:fat', 'en:milkfat', 'en:e331', 'en:e330', 'en:e202']","['en:eggs', 'en:gluten', 'en:milk', 'en:soybeans']",['en:nuts'],fr
6111203007513,margarine,"مادة دسمة نباتية، ماء، سكر، ملح مستحلب : Corps gras végétal, eau, sucre, sel أحادي وثنائي كلسريد نباتي ليستين الصوجا Emulsifiant : mono-diglycerides végétales كالسيوم نشا الذرة مادة حافضة : سوريات lécithine de soja, calcium, amidon البوتاسيوم مادة مضادة للأكسدة، Conservateur : sorbate de potassium, محمض : حامض الستريك نكهة الزيدة ملون antioxydant : E 321 Acidifiant : acide citrique بيتا كاروتين 7 فيتامينات : B12, D.E.B1,B2,B6 A E321 arôme beurre, Colorant: B-carotene, 7 vitamines: A, B6, B2, B1, E, D et B12 أنتج بتاريخ (۳) و يستحسن الإستهلاك قبل ) : أنظر فوق الغطاء. قد يحتوي على Date de Production (P) et","['fr:مادة دسمة نباتية', 'fr:ماء', 'fr:سكر', 'fr:ملح مستحلب', 'en:water', 'en:sugar', 'en:added-sugar', 'en:disaccharide', 'fr:sel أحادي وثنائي كلسريد نباتي ليستين الصوجا Emulsifiant', 'fr:سوريات lécithine de soja', 'en:calcium', 'en:minerals', 'fr:amidon البوتاسيوم مادة مضادة للأكسدة', 'en:preservative', 'fr:محمض', 'fr:e321 Acidifiant', 'en:vitamin-b12', 'en:vitamins', 'fr:D.E.B1', 'en:e101', 'fr:B6 A e321 arôme beurre', 'en:colour', 'fr:7 vitamines', 'en:vitamin-a', 'en:vitamin-b6', 'en:thiamin', 'en:vitamin-e', 'en:vitamin-d', 'fr:vitamine B12 أنتج بتاريخ', 'fr:و يستحسن الإستهلاك قبل', 'fr:Corps gras', 'fr:monodiglycerides végétales كالسيوم نشا الذرة مادة حافضة', 'en:e202', 'fr:حامض الستريك نكهة الزيدة ملون antioxydant', 'fr:acide citrique بيتا كاروتين 7 فيتامينات', 'fr:B-carotene', 'fr:۳', 'fr:أنظر فوق الغطاء', 'fr:قد يحتوي على Date de Production', 'fr:et', 'fr:P']",[],[],fr
8410076801180,Crunchy oats&honey,"whole grain oat flakes (60%),sugar, refined sunflower oil, honey (3%), salt, cane molasses, emulsifier (sunflower lecithin), gasifier (sodium acid carbonate),","['en:oat-flakes', 'en:cereal', 'en:oat', 'en:sugar', 'en:added-sugar', 'en:disaccharide', 'en:refined-sunflower-oil', 'en:oil-and-fat', 'en:vegetable-oil-and-fat', 'en:vegetable-oil', 'en:sunflower-oil', 'en:honey', 'en:salt', 'en:cane-sugar-molasses', 'en:molasses', 'en:sunflower-lecithin', 'en:e322', 'en:e322i', 'en:gasifier', 'en:e500ii', 'en:e500']",[],"['en:gluten', 'en:nuts', 'en:peanuts', 'en:soybeans']",en
7622400006753,Noir 70% Intense,"Cacaomassa, suiker, cacaoboter, magere cacaopoeder, melkvet, emulgator (sojalecithinen), natuurlijk vanillearoma, magere melkpoeder.","['en:cocoa-paste', 'en:plant', 'en:cocoa', 'en:sugar', 'en:added-sugar', 'en:disaccharide', 'en:cocoa-butter', 'en:oil-and-fat', 'en:vegetable-oil-and-fat', 'en:vegetable-fat', 'en:fat-reduced-cocoa-powder', 'en:cocoa-powder', 'en:fat-reduced-cocoa', 'en:milkfat', 'en:fat', 'en:dairy', 'en:emulsifier', 'en:natural-vanilla-flavouring', 'en:flavouring', 'en:natural-flavouring', 'en:vanilla-flavouring', 'en:skimmed-milk-powder', 'en:milk-powder', 'en:soya-lecithin', 'en:e322', 'en:e322i']","['en:milk', 'en:soybeans']",['en:nuts'],nl
3083681148619,Carottes rapees citron dnp 320g,"Carottes 81%, eau, huile de colza, vinaigre d'alcool, sucre, sel, jus de citron de Sicile 0,6%, MOUTARDE de Dijon, arôme naturel de citron (BLE), amidon de pomme de terre, antioxydant : acide ascorbique, épaississants : gomme de xanthane et gomme de guar, purée d'ail, arôme naturel de poivre. Fabriqué dans un atelier utilisant également : céleri, œuf, lait, poisson, crustacé, soja, fruits à coque.""","['en:carrot', 'en:vegetable', 'en:root-vegetable', 'en:taproot-vegetable', 'en:water', 'en:colza-oil', 'en:oil-and-fat', 'en:vegetable-oil-and-fat', 'en:rapeseed-oil', 'en:alcohol-vinegar', 'en:vinegar', 'en:sugar', 'en:added-sugar', 'en:disaccharide', 'en:salt', 'en:lemon-juice', 'en:fruit', 'en:juice', 'en:fruit-juice', 'en:dijon-mustard', 'en:mustard', 'en:natural-lemon-flavouring', 'en:flavouring', 'en:natural-flavouring', 'en:potato-starch', 'en:starch', 'en:antioxidant', 'en:thickener', 'en:garlic-puree', 'en:onion-family-vegetable', 'en:garlic', 'en:natural-pepper-flavouring', 'fr:Fabriqué dans un atelier utilisant également', 'en:egg', 'en:milk', 'en:dairy', 'en:fish', 'en:crustacean', 'en:shellfish', 'en:soya', 'en:nut', 'en:wheat', 'en:cereal', 'en:vitamin-c', 'en:vitamins', 'en:xanthan-gum-and-guar-gum', 'en:e412', 'en:e415']","['en:celery', 'en:crustaceans', 'en:eggs', 'en:fish', 'en:gluten', 'en:milk', 'en:mustard']","['en:celery', 'en:crustaceans', 'en:eggs', 'en:fish', 'en:milk', 'en:nuts', 'en:soybeans']",fr
5000157024671,Beanz in a rich tomato sauce,"Beans (50%), Tomatoes (36%), Water, Sugar, Modified Cornflour, Salt, Spice Extracts , Herb Extract","['en:beans', 'en:vegetable', 'en:pod-and-seed-vegetable', 'en:legume', 'en:pulse', 'en:tomato', 'en:fruit-vegetable', 'en:water', 'en:sugar', 'en:added-sugar', 'en:disaccharide', 'en:modified-corn-flour', 'en:cereal', 'en:flour', 'en:corn', 'en:modified-flour', 'en:salt', 'en:spice-extract', 'en:condiment', 'en:spice', 'en:herb-extract', 'en:herb']",[],[],en
5025125000006,White Ciabattin,"Wheat Flour (Wheat Flour, Calcium Carbonate, Iron, Niacin, Thiamin), Water, Salt, Fermented Wheat Flour.","['en:wheat-flour', 'en:cereal', 'en:flour', 'en:wheat', 'en:cereal-flour', 'en:water', 'en:salt', 'en:e170i', 'en:e170', 'en:iron', 'en:minerals', 'en:e375', 'en:thiamin', 'en:vitamins']",['en:gluten'],[],en
4056489235798,Pain de mie grandes tranches 7 cereales,"41% farine de blé, eau, levain de blé (farine de blé, eau), graines de tournesol, huile de colza, 2,8% flocons d'avoine, 2,8% flocons de seigle, graines de lin, blé complet égrugé, levure, sucre, protéines de blé, sel, farine de riz, 0,2% farine de malt d'orge, 0,2% farine d'épeautre (blé), farine de germes de blé, farine de sarrasin, correcteur d'acidité: acétates de sodium; arôme naturel, alcool. Traces éventuelles de soja, de moutarde, de lupins et de lait.","['en:wheat-flour', 'en:cereal', 'en:flour', 'en:wheat', 'en:cereal-flour', 'en:water', 'en:wheat-sourdough', 'en:dough', 'en:sourdough', 'en:sunflower-seed', 'en:plant', 'en:seed', 'en:sunflower', 'en:colza-oil', 'en:oil-and-fat', 'en:vegetable-oil-and-fat', 'en:rapeseed-oil', 'en:oat-flakes', 'en:oat', 'en:rye-flakes', 'en:rye', 'en:flax-seed', 'en:flax', 'en:whole-wheat-groats', 'en:whole-wheat', 'en:yeast', 'en:sugar', 'en:added-sugar', 'en:disaccharide', 'en:wheat-protein', 'en:protein', 'en:plant-protein', 'en:salt', 'en:rice-flour', 'en:rice', 'en:barley-malt-flour', 'en:barley', 'en:barley-flour', 'en:spelt-flour', 'en:wheat-germ', 'en:buckwheat-flour', 'en:buckwheat', 'en:acidity-regulator', 'en:natural-flavouring', 'en:flavouring', 'en:alcohol', 'en:e262']",['en:gluten'],"['en:lupin', 'en:milk', 'en:mustard', 'en:soybeans']",fr
3257971309114,Mont Roucous,Eau Minérale,"['en:mineral-water', 'en:water']",[],[],fr
3229820004334,Le cookie Chocolat Noisette,"Sucre roux de canne*, 
Farine de blé* 20%, 
Farine complète de blé* 16%,
Huile de colza*, 
Pépites de chocolat noir* 15% (sucre de canne*, pâte de cacao*, beurre de cacao*), 
Noisettes* 6%, 
Fibres d'acacia*, 
Amidon de blé*, 
Poudre de lait* écrémé, 
Œuf* entier en poudre, 
Poudre à lever: carbonates d'ammonium, 
Émulsifiant : lécithines* (soja), 
Sel marin. 
Peut contenir des traces d'autres fruits à coque et de graines de sésame. *Ingrédients biologiques.","['en:unrefined-cane-sugar', 'en:added-sugar', 'en:disaccharide', 'en:sugar', 'en:cane-sugar', 'en:unrefined-sugar', 'en:wheat-flour', 'en:cereal', 'en:flour', 'en:wheat', 'en:cereal-flour', 'en:whole-wheat-flour', 'en:wholemeal-flour', 'en:colza-oil', 'en:oil-and-fat', 'en:vegetable-oil-and-fat', 'en:rapeseed-oil', 'en:dark-chocolate-chunks', 'en:chocolate', 'en:dark-chocolate', 'en:hazelnut', 'en:nut', 'en:tree-nut', 'en:acacia-fibre', 'en:fiber', 'en:vegetable-fiber', 'en:wheat-starch', 'en:starch', 'en:skimmed-milk-powder', 'en:dairy', 'en:milk-powder', 'en:whole-egg', 'en:egg', 'en:e503', 'en:e322', 'en:sea-salt', 'en:salt', 'en:cocoa-paste', 'en:plant', 'en:cocoa', 'en:cocoa-butter', 'en:vegetable-fat', 'en:soya-lecithin', 'en:e322i']","['en:eggs', 'en:gluten', 'en:milk', 'en:nuts', 'en:soybeans']","['en:nuts', 'en:peanuts', 'en:sesame-seeds']",fr
6111246721735,Fromage blanc nature,"Lait de vache pasteurisé, crème pasteurisée, ferments lactiques, présure.","['en:cow-s-milk', 'en:dairy', 'en:milk', 'en:cream', 'en:lactic-ferments', 'en:ferment', 'en:microbial-culture', 'en:rennet', 'en:enzyme', 'en:coagulating-enzyme']",['en:milk'],[],fr
3329757002998,Poudre stevia,"Agent de charge: érythritol, édulcorant: glycosides de stéviol issus de stevia, arômes naturels.","['en:bulking-agent', 'en:sweetener', 'en:natural-flavouring', 'en:flavouring', 'en:e968', 'en:e960a']",[],[],fr
3178530402728,La Madeleine Pur beurre,"Beurre 26%, farine de blé tendre, Sucre, œufs 21%, sirop de sucre inverti, amandes en poudre, arôme naturel de vanille (contient alcool), poudres à lever: carbonates et citrates de sodium (blé), sel, arôme naturel. Traces éventuelles de: fruits à coque, soja.","['en:butter', 'en:dairy', 'en:soft-wheat-flour', 'en:cereal', 'en:flour', 'en:wheat', 'en:cereal-flour', 'en:wheat-flour', 'en:sugar', 'en:added-sugar', 'en:disaccharide', 'en:egg', 'en:invert-sugar-syrup', 'en:monosaccharide', 'en:syrup', 'en:invert-sugar', 'en:sugar-syrup', 'en:powdered-almonds', 'en:nut', 'en:tree-nut', 'en:almond', 'en:natural-vanilla-flavouring', 'en:flavouring', 'en:natural-flavouring', 'en:vanilla-flavouring', 'en:raising-agent', 'en:e331', 'en:salt', 'en:e500']","['en:eggs', 'en:gluten', 'en:milk', 'en:nuts', 'en:soybeans']","['en:nuts', 'en:soybeans']",fr
3251491787803,Goûter aux écorces confites,"Farine de blé 62,5%, sucre non raffiné, huile de colza, farine de soja entière, écorces d'orange confites 5,3% (écorces d'orange, sirop de glucose-fructose, sucre, acidifiant : acide citrique), écorces de citron confites 5,3% (écorces de citron, sirop de glucose-fructose, sucre, acidifiant: acide citrique), fibres de chicorée: fructooligosaccharides, poudre à lever: carbonates d'ammonium, protéines de lait, arôme naturel de mandarine.","['en:wheat-flour', 'en:cereal', 'en:flour', 'en:wheat', 'en:cereal-flour', 'en:unrefined-sugar', 'en:added-sugar', 'en:disaccharide', 'en:sugar', 'en:colza-oil', 'en:oil-and-fat', 'en:vegetable-oil-and-fat', 'en:rapeseed-oil', 'en:soya', 'en:candied-orange-peel', 'en:lemon', 'en:fruit', 'en:citrus-fruit', 'en:chicory-fibre', 'en:vegetable', 'en:fiber', 'en:shoot-vegetable', 'en:vegetable-fiber', 'en:chicory', 'en:raising-agent', 'en:milk-proteins', 'en:protein', 'en:animal-protein', 'en:natural-mandarin-orange-flavour', 'en:flavouring', 'en:natural-flavouring', 'en:orange-zest', 'en:orange', 'en:glucose-fructose-syrup', 'en:monosaccharide', 'en:fructose', 'en:glucose', 'en:acid', 'en:lemon-peel', 'en:fructooligosaccharide', 'en:sweetener', 'en:prebiotics', 'en:e503', 'en:e330']","['en:eggs', 'en:gluten', 'en:lupin', 'en:milk', 'en:nuts', 'en:sesame-seeds', 'en:soybeans']","['en:lupin', 'en:nuts']",fr
6111024004746,Huile d'olive vierge de Maroc,Huile d'olive.,"['en:olive-oil', 'en:oil-and-fat', 'en:vegetable-oil-and-fat', 'en:vegetable-oil']",[],[],fr
6111242102187,Ghani,حليب طري جزئي الدهن،مسحوق الحليب بدون قشدة،سكر،كاكاو،شوكولاتة،مخثر،كاراگينان،نكهة،أملاح معدنية،ڤيتامينات:AوD3,"['fr:حليب-طري-جزئي-الدهن', 'fr:مسحوق-الحليب-بدون-قشدة', 'fr:سكر', 'fr:كاكاو', 'fr:شوكولاتة', 'fr:مخثر', 'fr:كاراگينان', 'fr:نكهة', 'fr:أملاح-معدنية', 'fr:ڤيتامينات', 'fr:aوd3']",[],[],fr
3229820794648,GALETTES EXTRA-FINES MAΪS,"corn* 99,7%, salt, * organic ingredient,","['en:corn', 'en:cereal', 'en:salt']",[],['en:sesame-seeds'],en
3608580142966,Pâte à tartiner cacahuètes et cacao,"Cacahuètes torréfiées 40%, sucre, huile de tournesol, cacao maigre en poudre 5%, beurre cacao, sel, extrait de vanille, émulsifiant : lécithine de tournesol.","['en:peanut', 'en:nut', 'en:sugar', 'en:added-sugar', 'en:disaccharide', 'en:sunflower-oil', 'en:oil-and-fat', 'en:vegetable-oil-and-fat', 'en:vegetable-oil', 'en:fat-reduced-cocoa-powder', 'en:plant', 'en:cocoa', 'en:cocoa-powder', 'en:cocoa-butter', 'en:salt', 'en:vanilla-extract', 'en:extract', 'en:vanilla', 'en:vegetable-extract', 'en:emulsifier', 'en:sunflower-lecithin', 'en:e322', 'en:e322i']",['en:peanuts'],"['en:nuts', 'en:sesame-seeds']",fr
5411188116592,Coconut,"Water, kokosnootmelk (5,3%) (kokosroom, water), rijst (3,3%), tricalciumfosfaat, stabilisatoren (guarpitmeel, gellangom, xanthaangom), zeezout, aroma's, vitaminen (B12, D2).","['en:water', 'en:coconut-milk', 'en:fruit', 'en:coconut', 'en:rice', 'en:e341iii', 'en:e341', 'en:e412', 'en:e418', 'en:e415', 'en:sea-salt', 'en:salt', 'en:flavouring', 'en:vitamins', 'en:vitamin-b12', 'en:ergocalciferol', 'en:vitamin-d']",[],['en:nuts'],nl
6111180003102,Mayfine,"Amidon de maïs, sulfite","['en:corn-starch', 'en:starch', 'en:sulfite']",['en:sulphur-dioxide-and-sulphites'],[],fr
5053990155354,Sour Cream & Onion,"Pommes de terre déshydratées, huiles végétales (tournesol, maïs), farine de riz, amidon de BLÉ, farine de maïs, assaisonnement crème acidulée et oignon (amidon de BLÉ, exhausteurs de goût {glutamate monosodique, guanylate disodique, inosinate disodique}, oignon en poudre, maltodextrine, sel, dextrose, sucre, lactosérum doux en poudre {LAIT}, fécule de pomme de terre, amidon de maïs modifié, acidifiants {acide citrique, acide lactique, acide malique}, crème acidulée en poudre {LAIT}, arômes {LAIT}, extrait de levure, sirop de glucose, protéines de LAIT, farine de riz), émulsifiant (E471), maltodextrine, sel, colorant (rocou).","['en:potato', 'en:vegetable', 'en:root-vegetable', 'en:tuber', 'en:vegetable-oil', 'en:oil-and-fat', 'en:vegetable-oil-and-fat', 'en:rice-flour', 'en:flour', 'en:rice', 'en:wheat-starch', 'en:starch', 'en:corn-flour', 'en:cereal', 'en:corn', 'fr:assaisonnement crème acidulée', 'en:onion', 'en:onion-family-vegetable', 'en:e471', 'en:maltodextrin', 'en:salt', 'en:e160b', 'en:sunflower-oil', 'en:e621', 'en:e627', 'en:e631', 'en:onion-powder', 'en:dextrose', 'en:added-sugar', 'en:monosaccharide', 'en:glucose', 'en:sugar', 'en:disaccharide', 'en:sweet-whey-powder', 'en:dairy', 'en:whey', 'en:sweet-whey', 'en:potato-starch', 'en:modified-corn-starch', 'en:corn-starch', 'en:modified-starch', 'en:e330', 'en:e270', 'en:e296', 'en:sour-cream', 'en:cream', 'en:flavouring', 'en:yeast-extract', 'en:yeast', 'en:glucose-syrup', 'en:milk-proteins', 'en:protein', 'en:animal-protein']","['en:gluten', 'en:milk']",['en:soybeans'],fr
3168930159896,Ice Tea Pêche,"Eau, sucre, fructose, acidifiants (acide citrique, acide malique), extrait de thé noir⁽¹⁾ (0,12%), jus de pêche à base de concentré (0,1%), correcteur d'acidité (citrate trisodique), arômes, antioxydant (acide ascorbique), édulcorant (Glycosides de stéviol issus de Stevia),⁽¹⁾ Certifié Rainforest Alliance.","['en:water', 'en:sugar', 'en:added-sugar', 'en:disaccharide', 'en:fructose', 'en:monosaccharide', 'en:e330', 'en:e296', 'fr:extrait de thé noir⁽¹⁾', 'en:peach', 'en:fruit', 'en:prunus-species-fruit', 'en:sodium-citrate', 'en:minerals', 'en:sodium', 'en:flavouring', 'en:e300', 'en:e960a', 'fr:⁽¹⁾ Certifié Rainforest Alliance']",[],[],fr
3175681028098,Galettes boulghour & épeautre,"Boulgour de blé complet réhydraté 43,5%, petit épeautre cuit (blé) 13,2%, carottes 6%, farine de blé 5,1%, oignons 4,6%, huiles végétales (huile de tournesol oléique, huile de tournesol), concentré de tomates 3,9%, flocons d'avoine complète 3,7%, poivrons rouges 3,2%, gluten de blé 2,8%, flocons de blé complet 2,3%, céleri rave 14%, ail, raisins secs, sel de mer, épices.","['en:whole-wheat-bulgur', 'en:cereal', 'en:wheat', 'en:durum-wheat', 'en:bulgur', 'en:einkorn-wheat', 'en:carrot', 'en:vegetable', 'en:root-vegetable', 'en:taproot-vegetable', 'en:wheat-flour', 'en:flour', 'en:cereal-flour', 'en:onion', 'en:onion-family-vegetable', 'en:vegetable-oil', 'en:oil-and-fat', 'en:vegetable-oil-and-fat', 'en:tomato-concentrate', 'en:fruit-vegetable', 'en:concentrate', 'en:tomato', 'en:whole-grain-oat-flakes', 'en:oat', 'en:oat-flakes', 'en:wholemeal-oat', 'en:red-bell-pepper', 'en:capsicum-annuum', 'en:bell-pepper', 'en:wheat-gluten', 'en:gluten', 'en:whole-wheat-flakes', 'en:whole-wheat', 'en:wheat-flakes', 'en:celeriac', 'en:garlic', 'en:raisin', 'en:fruit', 'en:berries', 'en:grape', 'en:sea-salt', 'en:salt', 'en:spice', 'en:condiment', 'en:high-oleic-sunflower-oil', 'en:sunflower-oil']","['en:celery', 'en:gluten']","['en:milk', 'en:nuts', 'en:sesame-seeds', 'en:soybeans']",fr
6111162000181,Joly Thon Entier,"Thon, huile végétale, sel.","['en:tuna', 'en:fish', 'en:vegetable-oil', 'en:oil-and-fat', 'en:vegetable-oil-and-fat', 'en:salt']",['en:fish'],[],fr
6111260232095,El Mejor Chef,"4G اسم المنتج الكمية العلامات التجارية بلد البيع en:Morocco صورة المنتج Chef 16 صورة المكونات 74 19:04 Ingrédients: sucre de canne*, pâte de noisettes* 18,5%, huile de tournesol*, lait écrémé en poudre*, cacan mains","['xx:اسم المنتج الكمية العلامات التجارية بلد البيع en', 'xx:04 Ingrédients', 'xx:pâte de noisettes', 'xx:huile de tournesol', 'xx:lait écrémé en poudre', 'xx:cacan mains', 'xx:Morocco صورة المنتج Chef 16 صورة المكونات 74 19', 'xx:sucre de canne']",[],[],xx
3366321051983,Oméga 3® Doux,"Huiles et stéarine végétales 50% (colza 28%, coco, karité, lin 5,7%), eau, émulsifiants (mono et diglycérides d'acides gras, lécithine de SOJA), sel, arômes, stabilisant (pectine), colorant (bêta-carotène), vitamine B1. Traces éventuelles d'ARACHIDES.","['en:oil', 'en:oil-and-fat', 'fr:stéarine végétales', 'en:water', 'en:emulsifier', 'en:salt', 'en:flavouring', 'en:stabiliser', 'en:colour', 'en:thiamin', 'en:vitamins', 'en:rapeseed', 'en:vegetable', 'en:root-vegetable', 'en:coconut', 'en:fruit', 'en:shea-butter', 'en:vegetable-oil-and-fat', 'en:vegetable-fat', 'en:flax', 'en:e471', 'en:soya-lecithin', 'en:e322', 'en:e322i', 'en:e440a', 'en:beta-carotene-dye', 'en:e160a', 'en:e160ai']",['en:soybeans'],"['en:milk', 'en:peanuts']",fr
7311070032604,Krisprolls complets,"Farine de blé complet 58%, Farine de blé, Sucre, Huiles végétales (Colza), Malt d'orge, Levure, Sel","['en:whole-wheat-flour', 'en:cereal', 'en:flour', 'en:wheat', 'en:cereal-flour', 'en:wholemeal-flour', 'en:wheat-flour', 'en:sugar', 'en:added-sugar', 'en:disaccharide', 'en:vegetable-oil', 'en:oil-and-fat', 'en:vegetable-oil-and-fat', 'en:malted-barley', 'en:malt', 'en:yeast', 'en:salt', 'en:colza-oil', 'en:rapeseed-oil']",['en:gluten'],[],fr
8712100338694,Maizena Fleur de Maïs Sans Gluten 400g,Amidon de maïs.,"['en:corn-starch', 'en:starch']",[],[],fr
3248340054063,Lait demi-écrémé UHT,lait demi-écrémé stérilisé UHT,"['fr:lait-demi-ecreme-uht', 'en:dairy', 'en:milk', 'en:semi-skimmed-milk']",['en:milk'],[],fr
6111184003276,Assaisonnement aromatisé au citron,خل المائدة 99.7%، مستحلبات نكهة الحامض (نكهات طبيعية، مثبتات (E414، E445) مادة حافظة: E202، مواد ملونة (E104، E161b وE133) ومضاد الأكسدة: E300. E104 يمكن أن يكون له تأثير سلبي على النشاط والانتباه لدى الأطفال.,"['ar:خل المائدة', 'ar:مستحلبات نكهة الحامض', 'ar:نكهات طبيعية', 'ar:مثبتات', 'ar:مادة حافظة', 'ar:مواد ملونة', 'ar:ومضاد الأكسدة', 'en:e414', 'en:e445', 'en:e202', 'en:e104', 'ar:e161b وE133', 'en:e300', 'ar:e104 يمكن أن يكون له تأثير سلبي على النشاط والانتباه لدى الأطفال']",[],[],ar
54491472,Cola 500 Ml,"water, fructose-glucose syrup, carbon dioxide, colorant: e150d, acid: phosphoric acid, natural flavors, caffeine flavoring,","['en:water', 'en:glucose-fructose-syrup', 'en:added-sugar', 'en:monosaccharide', 'en:fructose', 'en:glucose', 'en:e290', 'en:e150d', 'en:e338', 'en:natural-flavouring', 'en:flavouring', 'en:caffeine-flavour']",[],[],en
6111184000657,Star Mayonnaise,زيت الصوجا (63%)، ماء، خل المائدة، اصفر البيض (6%)، خردل (ماء، حبات الخردل، خل المائدة، ملح، زيت الصوجا، مثبت: صمغ الزنتان، مادة حافظة ميتابيسلفيت البوتاسيوم ومضادات الأكسدة: حامض الستريك)، ملح، مثبت: صمغ الزنتان، مواد حافظة: (سوربات البوتاسيوم، بنزوات الصوديوم) ومضادات الأكسدة: (كالسيوم دي صوديوم EDTA وحامض الستريك),"['ar:زيت الصوجا', 'en:water', 'ar:خل المائدة', 'ar:اصفر البيض', 'ar:خردل', 'en:salt', 'ar:مثبت', 'ar:مواد حافظة', 'ar:بنزوات الصوديوم) ومضادات الأكسدة', 'ar:حبات الخردل', 'ar:مادة حافظة ميتابيسلفيت البوتاسيوم ومضادات الأكسدة', 'ar:صمغ الزنتان', 'ar:سوربات البوتاسيوم', 'ar:حامض الستريك']","['en:eggs', 'en:mustard', 'en:soybeans', 'en:sulfur-dioxide-and-sulfites']",['en:nuts'],ar
6111259342828,Petit beurre,"Farine de blé, Sucre, Beurre 11%, Fins éclats de caramel (Sucre, Lait écrémé en poudre), Huiles végétales hydrogénée (Palme), Amidon, Œufs entier liquide pasteurisé, Lait écrémé en poudre, Sirop de sucre inverti, poudres à lever (Pyrophosphate acide de sodium, Bicarbonates de sodium, Bicarbonates d'ammonium), sel, émulsifiant (lécithines de soja), arôme (vanilline). *Contient: Blé (céréales contenant du gluten), œufs, soja et lait.","['en:wheat-flour', 'en:cereal', 'en:flour', 'en:wheat', 'en:cereal-flour', 'en:sugar', 'en:added-sugar', 'en:disaccharide', 'en:butter', 'en:dairy', 'fr:fins-eclats-de-caramel', 'en:hydrogenated-vegetable-oil', 'en:oil-and-fat', 'en:vegetable-oil-and-fat', 'en:oil', 'en:vegetable-oil', 'en:hydrogenated-oil', 'en:starch', 'en:whole-liquid-pasteurised-egg', 'en:egg', 'en:whole-egg', 'en:skimmed-milk-powder', 'en:milk-powder', 'en:invert-sugar-syrup', 'en:monosaccharide', 'en:syrup', 'en:invert-sugar', 'en:sugar-syrup', 'en:raising-agent', 'en:salt', 'en:emulsifier', 'en:flavouring', 'en:soya', 'en:milk', 'en:palm', 'en:palm-oil-and-fat', 'en:palm-oil', 'en:e450i', 'en:e450', 'en:e500ii', 'en:e500', 'en:e503ii', 'en:e503', 'en:soya-lecithin', 'en:e322', 'en:e322i', 'en:vanillin-flavour', 'en:cereals-containing-gluten']","['en:eggs', 'en:gluten', 'en:milk', 'en:soybeans']",['en:nuts'],en
6111259343344,King cookies choco,"Wheat flour, chocolate chips 20% (sugar, cocoa mass, cocoa butter, emulsifier: soy lecithin, natural vanilla flavour), sugar, glucose-fructose syrup, whey powder (milk), vegetable oils (palm, sunflower), cocoa powder, raising agents (sodium bicarbonate, ammonium bicarbonate), salt, flavour (vanilla)","['en:wheat-flour', 'en:cereal', 'en:flour', 'en:wheat', 'en:cereal-flour', 'en:chocolate-chunk', 'en:chocolate', 'en:sugar', 'en:added-sugar', 'en:disaccharide', 'en:glucose-fructose-syrup', 'en:monosaccharide', 'en:fructose', 'en:glucose', 'en:whey-powder', 'en:dairy', 'en:whey', 'en:vegetable-oil', 'en:oil-and-fat', 'en:vegetable-oil-and-fat', 'en:cocoa-powder', 'en:plant', 'en:cocoa', 'en:e500ii', 'en:e500', 'en:e503ii', 'en:e503', 'en:salt', 'en:flavouring', 'en:cocoa-paste', 'en:cocoa-butter', 'en:vegetable-fat', 'en:soya-lecithin', 'en:e322', 'en:e322i', 'en:natural-vanilla-flavouring', 'en:natural-flavouring', 'en:vanilla-flavouring', 'en:palm-oil', 'en:palm-oil-and-fat', 'en:sunflower-oil']","['en:gluten', 'en:milk', 'en:soybeans']",[],fr
6111099005396,Lilia Tartine & Cuisine,"huile végétale non hydrogénée, eau, lait écrémé en poudre, sel, émulsifiants (E322, lécithine de tournesol, E476, E471), conservateurs (E202, E330), colorant (E160a), vitamines A, D, E","['en:non-hydrogenated-vegetable-oils', 'en:oil-and-fat', 'en:vegetable-oil-and-fat', 'en:vegetable-oil', 'en:water', 'en:skimmed-milk-powder', 'en:dairy', 'en:milk-powder', 'en:salt', 'en:e322', 'en:sunflower-lecithin', 'en:e322i', 'en:e476', 'en:e471', 'en:e202', 'en:e330', 'en:e160a', 'en:vitamins', 'en:vitamin-a', 'en:vitamin-d', 'en:vitamin-e']","['en:milk', 'en:soybeans']",[],ar
3608580065371,Pâte à tartiner noisettes et cacao,"Sucre, NOISETTES 20%, huiles végétales (tournesol, colza), LAIT écrémé en poudre, cacao maigre en poudre 5,5%, beurre de cacao, émulsifiant : lécithine de tournesol, extrait de vanille.

Peut contenir d'autres fruits à coque.","['en:sugar', 'en:added-sugar', 'en:disaccharide', 'en:hazelnut', 'en:nut', 'en:tree-nut', 'en:vegetable-oil', 'en:oil-and-fat', 'en:vegetable-oil-and-fat', 'en:skimmed-milk-powder', 'en:dairy', 'en:milk-powder', 'en:fat-reduced-cocoa-powder', 'en:plant', 'en:cocoa', 'en:cocoa-powder', 'en:fat-reduced-cocoa', 'en:cocoa-butter', 'en:vegetable-fat', 'en:sunflower-lecithin', 'en:e322', 'en:e322i', 'en:vanilla-extract', 'en:extract', 'en:vanilla', 'en:vegetable-extract', 'en:sunflower-oil', 'en:colza-oil', 'en:rapeseed-oil']","['en:milk', 'en:nuts']",['en:nuts'],fr
3046920021043,Noir intense dessert 70%,"Pâte de cacao, sucre, cacao maigre, beurre de cacao, émulsifiant (lécithine de soja), arôme naturel de vanille, Peut contenir du lait et des fruits à coque,","['en:cocoa-paste', 'en:plant', 'en:cocoa', 'en:sugar', 'en:added-sugar', 'en:disaccharide', 'en:fat-reduced-cocoa', 'en:cocoa-butter', 'en:emulsifier', 'en:natural-vanilla-flavouring', 'en:flavouring', 'en:natural-flavouring', 'en:vanilla-flavouring', 'en:soya-lecithin', 'en:e322', 'en:e322i']",['en:soybeans'],"['en:milk', 'en:nuts']",fr
3228857000883,Extra moelleux nature,"Farine de BLÉ 70%, eau, huile de colza, levure, sel, farine de fèves, vinaigre, arôme (contient alcool), extrait d'acérola. Peut contenir des traces d'OEUF, SOJA, LAIT, GRAINES DE SÉSAME.","['en:wheat-flour', 'en:cereal', 'en:flour', 'en:wheat', 'en:cereal-flour', 'en:water', 'en:colza-oil', 'en:oil-and-fat', 'en:vegetable-oil-and-fat', 'en:rapeseed-oil', 'en:yeast', 'en:salt', 'en:broad-bean-flour', 'en:vinegar', 'en:flavouring', 'en:acerola-juice', 'en:fruit', 'en:juice', 'en:fruit-juice', 'en:acerola']",['en:gluten'],"['en:eggs', 'en:milk', 'en:sesame-seeds', 'en:soybeans']",fr
6111259347861,Pauz,"Sucre, Farine de blé, Graisses végétales (palmiste, palme, tournesol), Poudre de lait de vache écrémé, Poudre de cacao, Poudre de lait de vache entier, Amidon de maïs, Emulsifiants d'origine végétale (lécithine de soja E322, Polyricinoléate de polyglycérol E476), Poudre levante (Bicarbonate de sodium E500ii), Sel et Arome (vanilline). Contient : Blé (céréales contenant du gluten), lait et soja; peut contenir des traces de fruits à coques et des arachides.","['en:sugar', 'en:added-sugar', 'en:disaccharide', 'en:wheat-flour', 'en:cereal', 'en:flour', 'en:wheat', 'en:cereal-flour', 'en:vegetable-fat', 'en:oil-and-fat', 'en:vegetable-oil-and-fat', 'en:cow-s-milk', 'en:dairy', 'en:milk', 'en:cocoa-powder', 'en:plant', 'en:cocoa', 'en:corn-starch', 'en:starch', 'en:soya-lecithin', 'en:e322', 'en:e322i', 'en:e476', 'en:e500ii', 'en:e500', 'en:salt', 'en:flavouring', 'en:soy-milk', 'en:preparation', 'en:soy-preparation', 'en:palm-kernel-fat', 'en:palm-kernel-oil-and-fat', 'en:palm-oil', 'en:palm-oil-and-fat', 'en:sunflower-oil', 'en:vegetable-oil', 'en:vanillin-flavour', 'en:cereals-containing-gluten']","['en:gluten', 'en:milk', 'en:soybeans']","['en:nuts', 'en:peanuts']",fr
3329770073265,Skyr,Yaourt maigre (LAIT),"['en:skimmed-yogurt', 'en:dairy', 'en:yogurt']",['en:milk'],[],fr
6111259340992,Eyoo cover,"Sucre, Farine de blé tendre, Graisses végétales (Palme, Karité), Cacao en poudre, Sirop de glucose, Amidon de maïs, Poudre de lait, Poudre de lactosérum, Lait entier en poudre, Masse de cacao, Poudre à lever (Bicarbonate de sodium et d'ammonium), Sel, Emulsifiant (Lécithine de soja (E322), et Vaniline.","['en:sugar', 'en:added-sugar', 'en:disaccharide', 'en:soft-wheat-flour', 'en:cereal', 'en:flour', 'en:wheat', 'en:cereal-flour', 'en:wheat-flour', 'en:vegetable-fat', 'en:oil-and-fat', 'en:vegetable-oil-and-fat', 'en:cocoa-powder', 'en:plant', 'en:cocoa', 'en:glucose-syrup', 'en:monosaccharide', 'en:glucose', 'en:corn-starch', 'en:starch', 'en:milk-powder', 'en:dairy', 'en:whey-powder', 'en:whey', 'en:whole-milk-powder', 'en:cocoa-paste', 'en:raising-agent', 'en:salt', 'en:emulsifier', 'en:soya-lecithin', 'en:e322', 'en:e322i', 'fr:et Vaniline', 'en:palm-oil', 'en:palm-oil-and-fat', 'en:shea-butter', 'en:e500ii', 'en:e500', 'en:e503i', 'en:e503']","['en:gluten', 'en:milk', 'en:soybeans']",[],fr
6111242105638,Lait sans lactose,"Lait entier sans lactose, vitamines: A, D,","['en:whole-milk', 'en:dairy', 'en:milk', 'en:vitamins', 'en:vitamin-a', 'en:vitamin-d']",['en:milk'],[],fr
7622210476104,Véritable Petit Beurre,"Farine de BLÉ, sucre, BEURRE, LAIT écrémé en poudre, sel, poudres à lever (carbonates d'ammonium, carbonates de sodium), correcteur d'acidité (acide citrique), arôme.","['en:wheat-flour', 'en:cereal', 'en:flour', 'en:wheat', 'en:cereal-flour', 'en:sugar', 'en:added-sugar', 'en:disaccharide', 'en:butter', 'en:dairy', 'en:skimmed-milk-powder', 'en:milk-powder', 'en:salt', 'en:raising-agent', 'en:acidity-regulator', 'en:flavouring', 'en:e503', 'en:e500', 'en:e330']","['en:gluten', 'en:milk']","['en:eggs', 'en:sesame-seeds']",fr
5010477348517,Country Crisp 4 Baies,"Céréales complètes (54%) (flocons d’avoine, farine d’avoine), sucre, flocons d’orge, huile végétale (huile de colza et de tournesol en proportions variables), farine de riz, baies lyophilisées (2,5%) (groseilles entières, cassis entiers, myrtilles entières, cranberries en tranches), noix de coco séchée, arôme naturel.","['en:wholemeal-cereal', 'en:cereal', 'en:sugar', 'en:added-sugar', 'en:disaccharide', 'en:barley-flakes', 'en:barley', 'en:vegetable-oil', 'en:oil-and-fat', 'en:vegetable-oil-and-fat', 'en:rice-flour', 'en:flour', 'en:rice', 'en:berries', 'en:fruit', 'en:desiccated-coconut', 'en:coconut', 'en:natural-flavouring', 'en:flavouring', 'en:oat-flakes', 'en:oat', 'en:oat-flour', 'en:cereal-flour', 'en:oil', 'en:redcurrant', 'en:blackcurrant', 'en:blueberry', 'en:cranberry', 'en:colza-oil', 'en:rapeseed-oil', 'en:sunflower-oil']",['en:gluten'],"['en:gluten', 'en:nuts']",fr
8886303210238,Lait de coco,"Extrait de noix de coco fraîche (64%), eau, épaississants (Gomme xanthane, Gomme guar)","['en:coconut', 'en:fruit', 'en:water', 'en:thickener', 'en:e415', 'en:e412']",[],[],fr
6111028000980,Kiri carré 8p,"fromage blanc, lait écrémé réhydraté, matière grasse laitière, protéines de lait, sels de fonte (polyphosphate, phosphate tricalcique), acide citrique, amidon modifié, sel, épaississant (carraghénane)","['en:fromage-blanc', 'en:dairy', 'en:cheese', 'en:skimmed-milk', 'en:milk', 'en:milkfat', 'en:oil-and-fat', 'en:fat', 'en:milk-proteins', 'en:protein', 'en:animal-protein', 'en:emulsifying-salts', 'en:e330', 'en:modified-starch', 'en:starch', 'en:salt', 'en:thickener', 'en:e452', 'en:e341', 'en:e407']",['en:milk'],[],fr
3017760000062,Véritable Petit Beurre Pocket,"Farine de blé, sucre, beurre, lait écrémé en poudre, sel, poudres à lever (carbonates d'ammonium, carbonates de sodium), correcteur d'acidité (acide citrique), arôme.","['en:wheat-flour', 'en:cereal', 'en:flour', 'en:wheat', 'en:cereal-flour', 'en:sugar', 'en:added-sugar', 'en:disaccharide', 'en:butter', 'en:dairy', 'en:skimmed-milk-powder', 'en:milk-powder', 'en:salt', 'en:raising-agent', 'en:acidity-regulator', 'en:flavouring', 'en:e503', 'en:e500', 'en:e330']","['en:gluten', 'en:milk']","['en:eggs', 'en:sesame-seeds']",fr
7613035937420,HERTA Knacki Veggie Saucisses végétales x6 -210g,"Eau, huile de colza, GLUTEN de BLE (12,9%), blanc d'OEUF en poudre (4,2%), arômes naturels, Conservateurs : lactate de potassium, acétate de potassium; gélifiants : méthylcellulose, farine de graines de caroube; sel, vinaigre d'alcool, isolat de protéines de pois (0,9%), épices, épaississant: gomme xanthane, stabilisant : gomme guar, tomate en poudre, amidon de BLÉ, antioxydant : ascorbate de sodium, panais, extrait d'épices, poireau, colorant : lycopène. Peut contenir : SOJA, LAIT.","['en:water', 'en:colza-oil', 'en:oil-and-fat', 'en:vegetable-oil-and-fat', 'en:rapeseed-oil', 'en:wheat-gluten', 'en:gluten', 'en:powdered-egg-white', 'en:egg', 'en:egg-white', 'en:natural-flavouring', 'en:flavouring', 'en:e326', 'en:e261', 'en:e461', 'en:carob-seed-flour', 'en:vegetable', 'en:pod-and-seed-vegetable', 'en:flour', 'en:legume', 'en:pulse', 'en:carob-bean', 'en:salt', 'en:alcohol-vinegar', 'en:vinegar', 'en:pea-protein-isolate', 'en:protein', 'en:plant-protein', 'en:pea-protein', 'en:spice', 'en:condiment', 'en:e415', 'en:e412', 'en:tomato', 'en:fruit-vegetable', 'en:wheat-starch', 'en:starch', 'en:e301', 'en:parsnip', 'en:root-vegetable', 'en:taproot-vegetable', 'en:spice-extract', 'en:leek', 'en:onion-family-vegetable', 'en:e160d']","['en:eggs', 'en:gluten']","['en:milk', 'en:soybeans']",fr
3168930002987,Cuites au four nature,"Flocons de pommes de terre (65%),amidon,huile de tournesol,sucre,base aromatisante sel de mer (sel de mer, arômes),émulsifiant (lécithine de tournesol),colorant (norbixine de rocou)","['en:potato-flakes', 'en:vegetable', 'en:root-vegetable', 'en:tuber', 'en:potato', 'en:starch', 'en:sunflower-oil', 'en:oil-and-fat', 'en:vegetable-oil-and-fat', 'en:vegetable-oil', 'en:sugar', 'en:added-sugar', 'en:disaccharide', 'fr:base aromatisante sel de mer', 'en:emulsifier', 'en:colour', 'en:sea-salt', 'en:salt', 'en:flavouring', 'en:sunflower-lecithin', 'en:e322', 'en:e322i', 'en:e160b']",[],[],fr
3760049794373,PAIN MIE SANDWICH BIO* COMPLET Sans sucres ajoutés 500G,"Farine complète de BLÉ*/** 59%, eau, GLUTEN DE BLÉ*, huile de tournesol*, levure, arôme naturel d'AVOINE*(contient alcool*), sel, vinaigre d'alcool*, farine de BLÉ*/**0,3%, levure désactivée, antioxydant : acide ascorbique. Traces éventuelles d'œufs, lait et soja. *Ingrédients issus de l'Agriculture Biologique. **Ingrédients issus du commerce équitable français.","['en:whole-wheat-flour', 'en:cereal', 'en:flour', 'en:wheat', 'en:cereal-flour', 'en:wholemeal-flour', 'en:wheat-flour', 'en:water', 'en:wheat-gluten', 'en:gluten', 'en:sunflower-oil', 'en:oil-and-fat', 'en:vegetable-oil-and-fat', 'en:vegetable-oil', 'en:yeast', ""fr:arôme naturel d'AVOINE"", 'en:salt', 'en:alcohol-vinegar', 'en:vinegar', 'en:deactivated-yeast', 'en:antioxidant', 'fr:français', 'en:alcohol', 'en:vitamin-c', 'en:vitamins']","['en:gluten', 'fr:Alcool']","['en:eggs', 'en:milk', 'en:soybeans']",fr
5449000131836,Coca-Cola Zero 500ml,"water, carbonic acid, colouring, e 150d sweeteners: cyclamate, acesulfame k and aspartame, acidifiers: e 338, acidity regulator: sodium citrates, natural flavourings, flavouring caffeine","['en:water', 'en:carbonic acid', 'en:colour', 'en:e150d sweeteners', 'en:e950', 'en:e951', 'en:e338', 'en:e331', 'en:natural-flavouring', 'en:flavouring', 'en:flavouring caffeine', 'en:e952']",[],['en:none'],en
6111266962910,press up jaouda petit orange,"orange juice, water, sugar, acidifier: citric acid, vitamin c, natural flavour,","['en:orange-juice', 'en:fruit', 'en:citrus-fruit', 'en:juice', 'en:fruit-juice', 'en:orange', 'en:water', 'en:sugar', 'en:added-sugar', 'en:disaccharide', 'en:acid', 'en:vitamin-c', 'en:vitamins', 'en:natural-flavouring', 'en:flavouring', 'en:e330']",[],[],en
3329770051072,petit yoplait,"LAIT écrémé et CREME pasteurisés - Poudre de LAIT écrémé - Ferments LACTIQUES - Papier traité au sorbate de potassium,
LAIT D'ORIGINE FRANCE","['en:skim-milk-and-pasteurized-cream', 'en:dairy', 'en:cream', 'en:milk', 'en:skimmed-milk', 'en:skimmed-milk-powder', 'en:milk-powder', 'en:lactic-ferments', 'en:ferment', 'en:microbial-culture', 'en:e202']",['en:milk'],[],fr
20171841,Roggen Vollkorn-Knäckebr,"Roggenvollkornmehl, Speisesalz,","['en:wholemeal-rye-flour', 'en:flour', 'en:cereal-flour', 'en:rye-flour', 'en:wholemeal-flour', 'en:salt']",['en:gluten'],"['en:gluten', 'en:milk', 'en:sesame-seeds']",de
6111242104198,برس اب الخوخ جودة 1لتر,"Jus d'orange, eau, sucre, acidifiant : acide citrique, vitamine C, arôme naturel.","['en:orange-juice', 'en:fruit', 'en:citrus-fruit', 'en:juice', 'en:fruit-juice', 'en:orange', 'en:water', 'en:sugar', 'en:added-sugar', 'en:disaccharide', 'en:e330', 'en:vitamin-c', 'en:vitamins', 'en:natural-flavouring', 'en:flavouring']",[],[],fr
8410111211202,Atun,القيمة الغذائية المشار القيم(إليها في 0 10غ من المنتوج )المقطر,"['fr:القيمة الغذائية المشار القيم', 'fr:المقطر', 'fr:إليها في 0 10غ من المنتوج']",['en:fish'],[],es
6111162000723,Délicia - Confiture d'abricot,"Abricots, sucre, acide critique.","['en:apricot', 'en:fruit', 'en:prunus-species-fruit', 'en:sugar', 'en:added-sugar', 'en:disaccharide', 'fr:acide critique']",[],[],fr
3182180002115,Grilletine Blé Complet,"wheat  flour 62%, wholegrain cereals 16% (whole  wheat  flour 15%, whole  rye  flour 1%), sunflower oil, sugar,  wheat  bran, yeast, wheat  gluten , skimmed  milk  powder, malted  barley  flour, salt,  barley  malt extract,  wheat  semolina, emulsifiers: mono - and diglycerides of fatty acids, flour treatment agent: ascorbic acid","['en:wheat-flour', 'en:cereal', 'en:flour', 'en:wheat', 'en:cereal-flour', 'en:sunflower-oil', 'en:oil-and-fat', 'en:vegetable-oil-and-fat', 'en:vegetable-oil', 'en:sugar', 'en:added-sugar', 'en:disaccharide', 'en:wheat-bran', 'en:yeast', 'en:wheat-gluten', 'en:gluten', 'en:skimmed-milk-powder', 'en:dairy', 'en:milk-powder', 'en:barley-malt-flour', 'en:barley', 'en:barley-flour', 'en:salt', 'en:barley-malt-extract', 'en:malt', 'en:malted-barley', 'en:wheat-semolina', 'en:semolina', 'en:emulsifier', 'en:flour-treatment-agent', 'en:whole-wheat-flour', 'en:wholemeal-flour', 'en:wholemeal-rye-flour', 'en:rye-flour', 'en:e471', 'en:e300']","['en:gluten', 'en:milk']","['en:eggs', 'en:nuts', 'en:peanuts', 'en:sesame-seeds', 'en:soybeans']",en
8410076472953,Wraps,"farine de _blé_, eau, stabilisant : glycérol, huile de tournesol, émulsifiant : mono - et diglycérides d'acides gras, dextrose, poudres à lever : carbonate acide de sodium, diphosphate disodique , sel,","['en:wheat-flour', 'en:cereal', 'en:flour', 'en:wheat', 'en:cereal-flour', 'en:water', 'en:e422', 'en:sunflower-oil', 'en:oil-and-fat', 'en:vegetable-oil-and-fat', 'en:vegetable-oil', 'en:e471', 'en:dextrose', 'en:added-sugar', 'en:monosaccharide', 'en:glucose', 'en:e500ii', 'en:e500', 'en:e450i', 'en:e450', 'en:salt']",['en:gluten'],[],fr
6111242104556,Leben,"Lait frais partiellement écrémé, ferments lactiques sélectionnés Matière grasse: 25g/L","['en:milk', 'en:dairy', 'fr:ferments lactiques sélectionnés Matière grasse', 'fr:L']",['en:milk'],[],fr
7613032655495,"Chicorée & Café, RICORÉ® L'Original, Boîte de 260g","Café soluble 33%, fibres de chicorée (oligofructose) 33%, chicorée soluble 30%, magnésium.","['en:instant-coffee', 'en:coffee', 'en:chicory-fibre', 'en:vegetable', 'en:fiber', 'en:shoot-vegetable', 'en:vegetable-fiber', 'en:chicory', 'fr:chicoree-soluble', 'en:magnesium', 'en:minerals', 'en:oligofructose']",[],[],fr
6111259093140,Goldium Premium Sauce Tacos au Fromage,"Sau au F Fromage, Lait, Eau, Huile végétale, Amidon de maïs, Sel, Arome I naturel, Extrait d'épices, Bêta ca otène, بينة مستحضر غذائي من مشتقات الحليب المكونات : جبنة حليب ماء زيت نباتي, نشا الذرة، ملح، نكهة طبيعية مستخلص التوابل، بيتا كاروتين","['ar:sau-au-f-fromage', 'ar:lait', 'ar:eau', 'ar:huile-végétale', 'ar:amidon-de-maïs', 'ar:sel', 'ar:arome-i-naturel', 'ar:extrait-d-épices', 'ar:bêta-ca-otène', 'ar:بينة-مستحضر-غذائي-من-مشتقات-الحليب-المكونات', 'en:corn-starch', 'en:starch', 'en:salt', 'ar:نكهة-طبيعية-مستخلص-التوابل', 'ar:بيتا-كاروتين', 'ar:جبنة-حليب-ماء-زيت-نباتي']",[],[],ar
3240931548135,Lustucru gnocchi a poêler format xxl 720g,"Purée (eau, pommes de terre déshydratées, épice : curcuma), semoule de BLE, huile de colza et/ou tournesol, sel, farine de BLE. Peut contenir des traces de lait, œufs, soja, moutarde, et gluten provenant d'autres céréales. Conditionné sous atmosphère protectrice.","['en:puree', 'en:wheat-semolina', 'en:cereal', 'en:wheat', 'en:semolina', 'en:oil', 'en:oil-and-fat', 'en:salt', 'en:wheat-flour', 'en:flour', 'en:cereal-flour', ""fr:provenant d'autres céréales"", 'en:water', 'en:mashed-potato', 'en:vegetable', 'en:root-vegetable', 'en:starchy-root-vegetable', 'en:tuber', 'en:potato', 'en:spice', 'en:condiment', 'en:colza-oil', 'en:vegetable-oil-and-fat', 'en:rapeseed-oil', 'en:sunflower-oil', 'en:vegetable-oil', 'en:turmeric']",['en:gluten'],"['en:eggs', 'en:milk', 'en:mustard', 'en:soybeans']",fr
6111180007650,Cacao,Poudre de Cacao,"['en:cocoa-powder', 'en:plant', 'en:cocoa']",[],['en:nuts'],fr
6111028001024,Kiri,,,[],[],fr
8198701234564,Pâte d'arachide,"Arachides grillées (90%), huile de palme hydrogénée, sucre et sel.","['en:roasted-peanut', 'en:nut', 'en:peanut', 'en:hydrogenated-palm-oil', 'en:oil-and-fat', 'en:oil', 'en:vegetable-oil-and-fat', 'en:hydrogenated-oil', 'en:palm-oil-and-fat', 'en:vegetable-oil', 'en:hydrogenated-vegetable-oil', 'en:palm-oil', 'en:sugar', 'en:added-sugar', 'en:disaccharide', 'en:salt']",['en:peanuts'],['en:nuts'],fr
3760049799408,Complet & Graines,"Farine complète de BLÉ* 52%, eau, levure, gluten de BLÉ, farine de BLÉ* 2.7%, graines de lin brun 2.1%, graines de lin jaune 1.9%, graines de millet 1.9%, graines de tournesol décortiquées 1.2%, sel, arôme naturel (contient alcool), vinaigre, graines de sarrasin 0.6%, graines de pavot 0.5%, huile de colza, conservateur : propionate de calcium, agent de traitement de la farine : acide ascorbique. Traces éventuelles d'œufs, lait, soja, fruits à coque et graines de sésame. *Ingrédients issus du commerce équitable français.","['en:whole-wheat-flour', 'en:cereal', 'en:flour', 'en:wheat', 'en:cereal-flour', 'en:wholemeal-flour', 'en:wheat-flour', 'en:water', 'en:yeast', 'en:wheat-gluten', 'en:gluten', 'en:brown-flax-seeds', 'en:seed', 'en:flax', 'en:flax-seed', 'en:golden-flax-seeds', 'en:millet-seed', 'en:millet', 'en:sunflower-seed', 'en:plant', 'en:sunflower', 'en:salt', 'en:natural-flavouring', 'en:flavouring', 'en:vinegar', 'en:buckwheat-grain', 'en:buckwheat', 'en:poppyseed', 'en:poppy', 'en:colza-oil', 'en:oil-and-fat', 'en:vegetable-oil-and-fat', 'en:rapeseed-oil', 'en:preservative', 'en:flour-treatment-agent', 'fr:français', 'en:e282', 'en:e300']",['en:gluten'],"['en:eggs', 'en:milk', 'en:nuts', 'en:sesame-seeds', 'en:soybeans']",fr
3068320120256,Eau minérale naturelle,Eau minérale naturelle,"['en:natural-mineral-water', 'en:water', 'en:mineral-water']",[],[],fr
8076809573252,Baiocchi nocciola 260g,"Biscuit: Farine de BLÉ 51,6%*, sucre, huile de tournesol, OEUFS, LAIT en poudre écrémé, LAIT entier pasteurisé, sel, poudres à lever (carbonate acide de sodium, tartrate monopotassique, carbonate acide d'ammonium), amidon de BLÉ, arôme. Fourrage aux NOISETTES et au cacao 28%*: sucre, graisses et huiles végétales (karité, tournesol), NOISETTES 7,1%*, cacao 2,6%*, LAIT en poudre écrémé, amidon de BLÉ, arôme. *% exprimé sur le produit fini. Peut contenir des traces d'autres FRUITS A COQUE, MOUTARDE et SOJA.","['en:biscuit', 'en:sugar', 'en:added-sugar', 'en:disaccharide', 'en:sunflower-oil', 'en:oil-and-fat', 'en:vegetable-oil-and-fat', 'en:vegetable-oil', 'en:egg', 'en:skimmed-milk-powder', 'en:dairy', 'en:milk-powder', 'en:pasteurised-whole-milk', 'en:milk', 'en:whole-milk', 'en:salt', 'en:raising-agent', 'en:wheat-starch', 'en:starch', 'en:flavouring', 'fr:Fourrage aux NOISETTES', 'en:cocoa', 'en:plant', 'en:hazelnut', 'en:nut', 'en:tree-nut', 'en:wheat-flour', 'en:cereal', 'en:flour', 'en:wheat', 'en:cereal-flour', 'en:e500ii', 'en:e500', 'en:e336', 'en:e503ii', 'en:e503', 'en:shea-butter', 'en:vegetable-fat']","['en:eggs', 'en:gluten', 'en:milk', 'en:nuts']","['en:mustard', 'en:nuts', 'en:peanuts', 'en:sesame-seeds', 'en:soybeans']",fr
6111246250013,Levure rafiaa,"Levure (Saccharomyces cerevisiae), Émulsifiant: (E491).","['en:yeast', 'en:emulsifier', 'en:brewer-s-yeast']",[],[],fr
3760324300015,2 Steaks végétaux et gourmands,"rehydrated textured pea protein (water, pea protein (9,5%), pea extract), water, sunflower oil, faba bean protein (2,5%), pea protein (2%), potato starch, plant fiber (bamboo, plantain, potato), natural flavors, salt, beet juice concentrate, barley malt extract, maltodextrin, acidity regulators: buffered vinegar and citric acid,  antioxidant: rosemary extract, stabilizer: methylcellulose","['en:textured-pea-protein', 'en:protein', 'en:plant-protein', 'en:pea-protein', 'en:textured-plant-protein', 'en:water', 'en:sunflower-oil', 'en:oil-and-fat', 'en:vegetable-oil-and-fat', 'en:vegetable-oil', 'en:broad-bean-protein', 'en:potato-starch', 'en:starch', 'en:vegetable-fiber', 'en:fiber', 'en:natural-flavouring', 'en:flavouring', 'en:salt', 'en:beetroot-juice-concentrate', 'en:vegetable', 'en:root-vegetable', 'en:taproot-vegetable', 'en:beetroot', 'en:beetroot-juice', 'en:barley-malt-extract', 'en:cereal', 'en:malt', 'en:malted-barley', 'en:maltodextrin', 'en:acidity-regulator', 'en:antioxidant', 'en:stabiliser', 'en:pea', 'en:legume', 'en:pod-and-seed-vegetable', 'en:bamboo', 'en:shoot-vegetable', 'en:plantain', 'en:plant', 'en:potato', 'en:tuber', 'en:e267', 'en:e330', 'en:e392', 'en:e461']",['en:gluten'],"['en:gluten', 'en:sesame-seeds', 'en:soybeans']",en
3664346305990,Grand Arôme 32% de Cacao,"Sucre, cacao maigre en poudre 32% minimum (11% de beurre de cacao), arôme.","['en:sugar', 'en:added-sugar', 'en:disaccharide', 'en:fat-reduced-cocoa-powder', 'en:plant', 'en:cocoa', 'en:cocoa-powder', 'en:fat-reduced-cocoa', 'en:flavouring', 'en:cocoa-butter', 'en:oil-and-fat', 'en:vegetable-oil-and-fat', 'en:vegetable-fat']",[],['en:milk'],fr
5411188125808,Mango Ohne Zuckerzusatz,"Wasser, Mangomischung (16,8%) (Frucht (9,6%), Saftkonzentrat (7,2%)), geschälte Sojabohnen (9,7%), Calcium (Tricalciumcitrat), Stabilisator (Pektine Säureregulatoren (Natriumcitrate, Citronensäure), natürliches Aroma, modifizierte Stärke, Meersalz, Antioxidationsmittel (stark tocopherolhaltige Extrakte, Fettsäureester der Ascorbinsäure), färbendes Karotten - und Kürbiskonzentrat, Vitamine B2, B12, D2, Joghurtkulturen (S. thermophilus, L. bulgaricus).","['en:water', 'de:Mangomischung', 'en:soya-bean', 'en:vegetable', 'en:pod-and-seed-vegetable', 'en:legume', 'en:pulse', 'en:soya', 'en:calcium', 'en:minerals', 'en:stabiliser', 'de:Pektine Säureregulatoren', 'en:natural-flavouring', 'en:flavouring', 'en:modified-starch', 'en:starch', 'en:sea-salt', 'en:salt', 'en:e306', 'en:e304', 'de:färbendes Karotten', 'en:pumpkin', 'en:fruit-vegetable', 'en:vitamins', 'en:e101', 'en:vitamin-b12', 'en:ergocalciferol', 'en:vitamin-d', 'en:lactic-ferments', 'en:ferment', 'en:microbial-culture', 'en:fruit', 'en:juice', 'en:e333iii', 'en:e333', 'en:e331', 'en:e330', 'en:streptococcus-thermophilus', 'en:lactobacillus-bulgaricus', 'en:lactobacillus']",['en:soybeans'],['en:nuts'],de
3229820798110,Granola Chocolat,"Flocons d'avoine complètes 71%, sucre de canne non raffiné, huile de tournesol, chocolat noir 5% (pâte de cacao, sucre de canne non raffiné, beurre de cacao), riz extrudé (au chocolat noir) 3% (chocolat noir (pâte de cacao, sucre de canne non raffiné, beurre de cacao), farine complète de riz), poudre de cacao maigre 2,5%, inuline, antioxydant : extrait riche en tocophérols.","['en:whole-grain-oat-flakes', 'en:cereal', 'en:oat', 'en:oat-flakes', 'en:wholemeal-oat', 'en:unrefined-cane-sugar', 'en:added-sugar', 'en:disaccharide', 'en:sugar', 'en:cane-sugar', 'en:unrefined-sugar', 'en:sunflower-oil', 'en:oil-and-fat', 'en:vegetable-oil-and-fat', 'en:vegetable-oil', 'en:dark-chocolate', 'en:chocolate', 'en:extruded-rice', 'en:rice', 'en:brown-rice-flour', 'en:flour', 'en:cereal-flour', 'en:wholemeal-flour', 'en:rice-flour', 'en:fat-reduced-cocoa-powder', 'en:plant', 'en:cocoa', 'en:cocoa-powder', 'en:fat-reduced-cocoa', 'en:inulin', 'en:fiber', 'en:vegetable-fiber', 'en:e306', 'en:cocoa-paste', 'en:cocoa-butter', 'en:vegetable-fat']",['en:gluten'],"['en:gluten', 'en:milk', 'en:nuts', 'en:sesame-seeds', 'en:soybeans']",fr
3278693504076,Emprésuré au chocolat,"Lait partiellement écrémé pasteurisé, lait concentré écrémé, sucre 9.5%, cacao 2.4%, chocolat 1% (pâte de cacao, sucre, beurre de cacao), présure. Origine du lait : France.","['en:pasteurized-semi-skimmed-milk', 'en:dairy', 'en:milk', 'en:semi-skimmed-milk', 'en:sugar', 'en:added-sugar', 'en:disaccharide', 'en:cocoa', 'en:plant', 'en:chocolate', 'en:rennet', 'en:enzyme', 'en:coagulating-enzyme', 'en:cocoa-paste', 'en:cocoa-butter', 'en:oil-and-fat', 'en:vegetable-oil-and-fat', 'en:vegetable-fat']",['en:milk'],[],fr
8436547770137,Kéfir natural sabor suave,"milk, cream, skimmed milk powder and ferments","['en:milk', 'en:dairy', 'en:cream', 'en:skimmed-milk-powder', 'en:milk-powder', 'en:ferment']",['en:milk'],[],en
3083680613576,Lentilles préparées 1/2,"Eau, lentilles sèches trempées 32%, carottes 3%, arômes, oignons déshydratés 0.7%, sel, feuille de laurier, affermissant : chlorure de calcium.

 

peut contenir des cécérales contenant du GLUTEN, SOJA","['en:water', 'fr:lentilles-rehydratees', 'en:vegetable', 'en:legume', 'en:pulse', 'en:lentils', 'en:carrot', 'en:root-vegetable', 'en:taproot-vegetable', 'en:flavouring', 'en:dehydrated-onion', 'en:onion-family-vegetable', 'en:onion', 'en:salt', 'en:bay-leaf', 'en:herb', 'en:firming-agent', 'en:soya', 'en:e509']","['en:celery', 'en:gluten', 'en:soybeans']","['en:gluten', 'en:soybeans', 'en:Cereals with Gluten']",fr
3229820797861,Croustillant 3 noix,"Flocons d'avoine complète*, flocons de blé complet*, sucre de canne non raffiné*, huile de tournesol oléique*, noisettes 4,4%, amandes 3,3%, noix de cajou* 2,2%, stabilisant: gomme d'acacia*, antioxydant: extrait riche en tocopherols.
*Ingrédients biologiques","['en:whole-grain-oat-flakes', 'en:cereal', 'en:oat', 'en:oat-flakes', 'en:wholemeal-oat', 'en:whole-wheat-flakes', 'en:wheat', 'en:whole-wheat', 'en:wheat-flakes', 'en:unrefined-cane-sugar', 'en:added-sugar', 'en:disaccharide', 'en:sugar', 'en:cane-sugar', 'en:unrefined-sugar', 'en:high-oleic-sunflower-oil', 'en:oil-and-fat', 'en:vegetable-oil-and-fat', 'en:vegetable-oil', 'en:sunflower-oil', 'en:hazelnut', 'en:nut', 'en:tree-nut', 'en:almond', 'en:cashew-nuts', 'en:stabiliser', 'en:antioxidant', 'en:e414', 'en:e306']","['en:gluten', 'en:nuts']","['en:milk', 'en:nuts', 'en:sesame-seeds', 'en:soybeans']",fr
5060088707685,Barres de fruits secs & noix Myrtilles,"Dattes 59%, Raisins secs 15%, _Noix de cajou_ 14%, _Amandes_ 10%, Myrtilles Lyophilisées 1%, Arôme Naturel","['en:date', 'en:fruit', 'en:raisin', 'en:berries', 'en:dried-fruit', 'en:grape', 'en:cashew-nuts', 'en:nut', 'en:tree-nut', 'en:almond', 'en:blueberry', 'en:natural-flavouring', 'en:flavouring']","['en:nuts', 'en:Cashew nuts']","['en:nuts', 'en:peanuts', 'en:soybeans']",fr
3302740047367,Le Supérieur - à l'Etouffée - Conservation sans Nitrite,"Jambon de porc, bouillon (eau, os de porc, plantes aromatiques, viande de porc, concentré de carotte, poivre, baies de genièvre, clou de girofle), sel, arômes naturels (présence naturelle de polyphenols), chlorure de potassium, dextrose, antioxydant: acide ascorbíque.
Traces éventuelles de céleri.","['en:ham', 'en:animal', 'en:meat', 'en:pork', 'en:pork-meat', 'en:broth', 'en:salt', 'en:natural-flavouring', 'en:flavouring', 'en:e508', 'en:dextrose', 'en:added-sugar', 'en:monosaccharide', 'en:glucose', 'en:antioxidant', 'en:water', 'en:pork-bone', 'en:pork-by-product', 'en:herb', 'en:carrot-concentrate', 'en:vegetable', 'en:root-vegetable', 'en:taproot-vegetable', 'en:carrot', 'en:pepper', 'en:seed', 'en:juniper-berry', 'en:plant', 'en:juniper', 'en:clove', 'en:condiment', 'en:spice', 'en:vitamin-c', 'en:vitamins']",['en:celery'],['en:celery'],fr
3362600001106,Sablé Coco,"Farine de froment, sucre, graisse végétale, sucre inverti, noix de coco râpée, poudre de lait, poudre de lactosérum, sel, agents levants (bicarbonate d'ammonium - bicarbonate de sodium), arôme coco.","['en:wheat-flour', 'en:cereal', 'en:flour', 'en:wheat', 'en:cereal-flour', 'en:sugar', 'en:added-sugar', 'en:disaccharide', 'en:vegetable-fat', 'en:oil-and-fat', 'en:vegetable-oil-and-fat', 'en:invert-sugar', 'en:monosaccharide', 'en:coconut', 'en:fruit', 'en:milk-powder', 'en:dairy', 'en:whey-powder', 'en:whey', 'en:salt', 'en:e503ii', 'en:e503', 'en:e500ii', 'en:e500', 'en:coconut-flavouring', 'en:flavouring']","['en:gluten', 'en:milk']","['en:gluten', 'en:milk', 'en:soybeans']",fr
6111242102019,flan caram jao dan,"في 460 على قصر Ingre La Bonne Recette Jaouda Flan au Coulis de Carame TRAVA 6 111242102019 te entier, amidon, sucre, nappage caramel, carrach يستهلك قبل DF=DLC-30 jours 85g","['fr:في 460 على قصر Ingre La Bonne Recette Jaouda Flan au Coulis de Carame TRAVA 6 111242102019 te entier', 'en:starch', 'en:sugar', 'en:added-sugar', 'en:disaccharide', 'fr:nappage caramel', 'fr:carrach يستهلك قبل DF=DLC-30 jours']",[],['en:nuts'],fr
4008713713411,Copos de Avena extra suaves,Copos de avena.,"['en:oat-flakes', 'en:cereal', 'en:oat']",['en:gluten'],['en:gluten'],es
6111017007013,Caobel,"Ingrédients Sucre, poudre de cacao, cernates, amidon, arôme artificiel vanilline, sel Conservation Afin de préserver toutes les qualités de Caobe il est recommandé de bien refermer le sachet et de le conserver dans un endroit sea.","['en:Ingrédients Sucre', 'en:poudre de cacao', 'en:cernates', 'en:amidon', 'en:arôme artificiel vanilline', 'en:sel Conservation Afin de préserver toutes les qualités de Caobe il est recommandé de bien refermer le sachet et de le conserver dans un endroit sea']",[],[],en
6132500711040,El Mordjene Crème De Noisettes Grillées,"Sucre, graisse végétale, noisettes, lait écrémé en poudre, lactosérum, émulsifiants: lecithine de soja SIN322, arôme vanille.","['en:sugar', 'en:added-sugar', 'en:disaccharide', 'en:vegetable-fat', 'en:oil-and-fat', 'en:vegetable-oil-and-fat', 'en:hazelnut', 'en:nut', 'en:tree-nut', 'en:skimmed-milk-powder', 'en:dairy', 'en:milk-powder', 'en:whey', 'en:emulsifier', 'en:vanilla-flavouring', 'en:flavouring', 'en:soya-lecithin', 'en:e322', 'en:e322i']","['en:milk', 'en:nuts', 'en:soybeans']",[],fr
3661344288690,CREME DESSERT BIO AU CHOCOLAT,"LAIT entier pasteurisé et équitable (73%), chocolat* en poudre (12,5%) (sucre équitable (8,5%), cacao* en poudre équitable (4%)), creme* equitable (LAIT), sucre de canne* équitable, LAIT* écrémé en poudre, amidon, correcteur d'acidité (citrates de sodium).","['en:pasteurised-whole-milk', 'en:dairy', 'en:milk', 'en:whole-milk', 'en:chocolate-powder', 'en:chocolate', 'en:cream', 'en:cane-sugar', 'en:added-sugar', 'en:disaccharide', 'en:sugar', 'en:skimmed-milk-powder', 'en:milk-powder', 'en:starch', 'en:e331', 'en:cocoa-powder', 'en:plant', 'en:cocoa']",['en:milk'],[],fr
6111175000741,قهوة الطبيب,حبوب القهوة الخالصة,['ar:حبوب القهوة الخالصة'],[],[],ar
6111126001988,Leben BELDI,"Lait demi écrémé, ferments lactiques.","['en:semi-skimmed-milk', 'en:dairy', 'en:milk', 'en:lactic-ferments', 'en:ferment', 'en:microbial-culture']",['en:milk'],[],fr
6111260230619,Tranches Au Goût Cheddar,Valeurs nutritionnelles Valeurs moyennes pour 100g القيمة الغذئية. بروتين / Proteines الدهون / Lipides كربوهيدرات / Glucides كيلو كالوري / Kcal 9 Num d'ag 111260 القيمة لكل 100غ و10 غ 219غ 230619 رقم: 1217-LPLS 7g 285 RI,"['en:valeurs-nutritionnelles-valeurs-moyennes-pour-100g-القيمة-الغذئية', 'en:بروتين', 'en:proteines-الدهون', 'en:lipides-كربوهيدرات', 'en:glucides-كيلو-كالوري', 'en:kcal-9-num-d-ag-111260-القيمة-لكل-100غ-و10-غ-219غ-230619-رقم', 'en:1217-lpls-7g-285-ri']",[],[],ar
3770016162043,Merguez Végétale,"Eau, huile de colza, protéines de pois texturées, alginate de calcium, fibres de bambou, fibres d’agrumes, méthylcellulose, vinaigre tamponné, épices, isolat de protéines de pois (1.5%), paprika, cumin, farine de riz, extrait de betterave rouge, amidon de pomme de terre, arômes naturels, sel","['en:water', 'en:colza-oil', 'en:oil-and-fat', 'en:vegetable-oil-and-fat', 'en:rapeseed-oil', 'en:textured-pea-protein', 'en:protein', 'en:plant-protein', 'en:pea-protein', 'en:textured-plant-protein', 'en:e404', 'en:bamboo-fibre', 'en:fiber', 'en:vegetable-fiber', 'en:citrus-fibre', 'en:e461', 'en:e267', 'en:spice', 'en:condiment', 'en:pea-protein-isolate', 'en:paprika', 'en:cumin', 'en:seed', 'en:rice-flour', 'en:flour', 'en:rice', 'en:red-beetroot', 'en:vegetable', 'en:root-vegetable', 'en:taproot-vegetable', 'en:beetroot', 'en:potato-starch', 'en:starch', 'en:natural-flavouring', 'en:flavouring', 'en:salt']","['en:celery', 'en:gluten']","['en:celery', 'en:gluten', 'en:mustard', 'en:nuts', 'en:sesame-seeds', 'en:soybeans']",fr
6111028001222,la vache qui rit,"lait écrémé, Matières grasses du lait, fromages, sels émulsifiants (polyphosphate de sodium, phosphate tricalcique, acide citrique), protéines de lait, conservateur (acide sorbique), sel, pyrophosphate ferreux, gluconate de zinc, vitamine D.","['ar:lait écrémé', 'ar:Matières grasses du lait', 'ar:fromages', 'ar:sels émulsifiants', 'ar:protéines de lait', 'ar:conservateur', 'ar:sel', 'ar:pyrophosphate ferreux', 'ar:gluconate de zinc', 'ar:vitamine D', 'ar:polyphosphate de sodium', 'ar:phosphate tricalcique', 'ar:acide citrique', 'ar:acide sorbique']",[],[],ar
6111246953679,,حليب بدون دسم، حليب كامل الدسم، 15غ/لتر من المادة الدسمة.,"['ar:حليب بدون دسم', 'ar:حليب كامل الدسم', 'ar:15غ', 'ar:لتر من المادة الدسمة']",['en:milk'],[],ar
7613287431943,Nesquik Cocoa,"Sugar, Fat Reduced Cocoa Powder, Emulsifier From Plant Origin: Soya Lecithin, Salt, Vitamins (C, D), Natural Vanilla Flavor, Cinnamon","['en:sugar', 'en:added-sugar', 'en:disaccharide', 'en:fat-reduced-cocoa-powder', 'en:plant', 'en:cocoa', 'en:cocoa-powder', 'en:emulsifier', 'en:salt', 'en:vitamins', 'en:vitamin-c', 'en:vitamin-d', 'en:natural-vanilla-flavouring', 'en:flavouring', 'en:natural-flavouring', 'en:vanilla-flavouring', 'en:cinnamon', 'en:condiment', 'en:spice', 'en:soya-lecithin', 'en:e322', 'en:e322i']",['en:soybeans'],[],fr
7613035530799,NESQUIK Moins de Sucres,"low-fat cocoa powder (28%), soluble corn fibre, sugars, oat flour**, emulsifier (soy lecithin), natural flavours, vitamins (c, d), cinnamon, **gluten free,","['en:fat-reduced-cocoa-powder', 'en:plant', 'en:cocoa', 'en:cocoa-powder', 'en:fat-reduced-cocoa', 'en:soluble-corn-fiber', 'en:fiber', 'en:vegetable-fiber', 'en:corn-fiber', 'en:sugar', 'en:added-sugar', 'en:disaccharide', 'en:oat-flour', 'en:cereal', 'en:flour', 'en:cereal-flour', 'en:oat', 'en:emulsifier', 'en:natural-flavouring', 'en:flavouring', 'en:vitamins', 'en:vitamin-c', 'en:vitamin-d', 'en:cinnamon', 'en:condiment', 'en:spice', 'en:soya-lecithin', 'en:e322', 'en:e322i']",['en:soybeans'],[],en
7311070362664,Krisprolls,"Farine de blé* (90%), sucre, huiles végétales (huile de colza*, huile de colza totalement hydrogénée), malt d'orge, levure, sel,","['en:wheat-flour', 'en:cereal', 'en:flour', 'en:wheat', 'en:cereal-flour', 'en:sugar', 'en:added-sugar', 'en:disaccharide', 'en:vegetable-oil', 'en:oil-and-fat', 'en:vegetable-oil-and-fat', 'en:malted-barley', 'en:malt', 'en:yeast', 'en:salt', 'en:colza-oil', 'en:rapeseed-oil']",['en:gluten'],[],fr
8076809545396,Pesto Basilico con Rucula,"Sonnenblumenöl, Basilikum 21,6%, Petersilie 12,2%, Käse Pecorino Romano g.U. (Schafmilch), Cashewkerne, Rucola 3,1%, Molkepulver (Milch), Zucker, Ricotta-Käse (Molke (Milch), Milch), Salz, Säureregulatoren: Milchsäure und Citronensäure, Buttermilchpulver Milch), Thymian, natürliche Aromen (Milch), Knoblauch. Kann Spuren von anderen Schalenfrüchten enthalten.","['en:sunflower-oil', 'en:oil-and-fat', 'en:vegetable-oil-and-fat', 'en:vegetable-oil', 'en:basil', 'en:herb', 'en:parsley', 'en:vegetable', 'en:leaf-vegetable', 'de:Käse Pecorino Romano g.U', 'en:cashew-nuts', 'en:nut', 'en:tree-nut', 'en:rocket', 'en:salad', 'en:whey-powder', 'en:dairy', 'en:whey', 'en:sugar', 'en:added-sugar', 'en:disaccharide', 'de:Ricotta-Käse', 'en:salt', 'en:e270', 'en:e330', 'de:Buttermilchpulver Milch', 'en:thyme', 'en:natural-flavouring', 'en:flavouring', 'en:garlic', 'en:root-vegetable', 'en:onion-family-vegetable', 'en:sheeps-milk', 'en:milk']","['en:milk', 'en:nuts', 'de:Schafkäse']",['en:nuts'],de
0037600106009,Creamy Peanut Butter,"GERÖSTETE ERDNÜSSE (91%) (NICHT EU), ZUCKER, RAPSOL, BAUMWOLLSAMENOL, SALZ. ALLERGENE: SIEHE FETTGEDRUCKTE INHALTSSTOFFE. IN DEN NIEDERLANDEN VERPACKT HORMEL FOODS CORPORATION AUSTIN, MN 55912 USA © HORMEL FOODS CORPORATION ZUM VERZEHR FRISCHESIEGEL ÖFFNEN Distributeur: Danish Crown Foods Germany GmbH, Christoph-Probst-Weg 26, D-20251 Hamburg 340ge® DAVON FETT KOHL DAV BALL EIWE SAL MIND VOR","['en:roasted-peanut', 'en:nut', 'en:peanut', 'en:sugar', 'en:added-sugar', 'en:disaccharide', 'en:rapeseed-oil', 'en:oil-and-fat', 'en:vegetable-oil-and-fat', 'de:BAUMWOLLSAMENOL', 'en:salt', 'de:ALLERGENE', 'de:MN 55912 USA © HORMEL FOODS CORPORATION ZUM VERZEHR FRISCHESIEGEL ÖFFNEN Distributeur', 'de:Christoph-Probst-Weg 26', 'de:D-20251 Hamburg 340ge® DAVON FETT KOHL DAV BALL EIWE SAL MIND VOR', 'de:SIEHE FETTGEDRUCKTE INHALTSSTOFFE', 'de:IN DEN NIEDERLANDEN VERPACKT HORMEL FOODS CORPORATION AUSTIN', 'de:Danish Crown Foods Germany GmbH']",['en:peanuts'],[],nl
3175681261372,Cacao céréales,"Farine de blé 54,9%, huile de colza, sucre non raffiné, germe de blé 5,6%, cacao maigre en poudre¹ 5,1%, amidon de blé, fibre de blé, farine de riz 3,1%, fèves de cacao¹ 1,5%, jus concentré de citron, farine d'avoine 0,5%, émulsifiant (lécithines), magnésium, extrait de malt d'orge, poudre à lever (carbonates de sodium), farine d'orge 0,1%.

Peut contenir des traces de fruits à coque, lupin, moutarde, lait, sésame et soja","['en:wheat-flour', 'en:cereal', 'en:flour', 'en:wheat', 'en:cereal-flour', 'en:colza-oil', 'en:oil-and-fat', 'en:vegetable-oil-and-fat', 'en:rapeseed-oil', 'en:unrefined-sugar', 'en:added-sugar', 'en:disaccharide', 'en:sugar', 'en:wheat-germ', 'en:fat-reduced-cocoa-powder', 'en:plant', 'en:cocoa', 'en:cocoa-powder', 'en:fat-reduced-cocoa', 'en:wheat-starch', 'en:starch', 'en:wheat-fiber', 'en:fiber', 'en:vegetable-fiber', 'en:rice-flour', 'en:rice', 'en:cocoa-bean', 'en:concentrated-lemon-juice', 'en:fruit', 'en:juice', 'en:fruit-juice', 'en:lemon-juice', 'en:oat-flour', 'en:oat', 'en:e322', 'en:magnesium', 'en:minerals', 'en:barley-malt-extract', 'en:malt', 'en:malted-barley', 'en:e500', 'en:barley-flour', 'en:barley']","['en:gluten', 'en:lupin', 'en:milk', 'en:nuts', 'en:sesame-seeds', 'en:soybeans']","['en:lupin', 'en:milk', 'en:mustard', 'en:nuts', 'en:sesame-seeds', 'en:soybeans']",fr
3178530410143,Petites madeleines St Michel Pépites chocolat - 400g,"Farine de BLÉ 27%, sucre, huile de colza, ŒUFS 14%, sirop de glucose, pépites de chocolat 6,8% (sucre, pâte de cacao, beurre de cacao, émulsifiant : lécithines (SOJA)), stabilisant : glycérol, LAIT demi-écrémé pasteurisé 2,4%, fécule, poudres à lever : carbonates et citrates de sodium (BLÉ), sel, arôme","['en:wheat-flour', 'en:cereal', 'en:flour', 'en:wheat', 'en:cereal-flour', 'en:sugar', 'en:added-sugar', 'en:disaccharide', 'en:colza-oil', 'en:oil-and-fat', 'en:vegetable-oil-and-fat', 'en:rapeseed-oil', 'en:egg', 'en:glucose-syrup', 'en:monosaccharide', 'en:glucose', 'en:chocolate-chunk', 'en:chocolate', 'en:e422', 'en:pasteurized-semi-skimmed-milk', 'en:dairy', 'en:milk', 'en:semi-skimmed-milk', 'en:starch', 'en:e500', 'en:e331', 'en:salt', 'en:flavouring', 'en:cocoa-paste', 'en:plant', 'en:cocoa', 'en:cocoa-butter', 'en:vegetable-fat', 'en:e322', 'en:soya-lecithin', 'en:e322i']","['en:eggs', 'en:gluten', 'en:milk', 'en:soybeans']",['en:nuts'],fr
3046920029681,Excellence Noir Délicat Doux 85% Cacao,"pâte de cacao, beurre de cacao, sucre, noisettes, fruits à coque, lécithine de soja","['en:cocoa-paste', 'en:plant', 'en:cocoa', 'en:cocoa-butter', 'en:oil-and-fat', 'en:vegetable-oil-and-fat', 'en:vegetable-fat', 'en:sugar', 'en:added-sugar', 'en:disaccharide', 'en:hazelnut', 'en:nut', 'en:tree-nut', 'en:soya-lecithin', 'en:e322', 'en:e322i']","['en:nuts', 'en:soybeans']","['en:milk', 'en:nuts', 'en:sesame-seeds', 'en:soybeans']",fr
3073781131925,Kiri® Crème 12 portions,"LAIT pasteurisé 53 %,CRÈME pasteurisée 32 %, eau, concentrés de minéraux du LAIT, protéines de LAIT, ferments lactiques (LAIT), sel.","['en:milk', 'en:dairy', 'en:cream', 'en:water', 'en:milk-mineral-concentrate', 'en:milk-minerals', 'en:milk-proteins', 'en:protein', 'en:animal-protein', 'en:lactic-ferments', 'en:ferment', 'en:microbial-culture', 'en:salt']",['en:milk'],[],fr
6111031005651,Golden,"Farine de Blé, Sucre, Huile Végétale Non-Hydrogénée (Palme), Sirop de Sucre Inverti, Emulsifiant (Lecithine de Sojal, Mélange de Vitamines et Minéraux [Carbonate de Calcium, Fer, Niacine (Vitamine B3), Thiamine (Vitamine B1), Riboflavine (Vitamine B2), Acide Folique (Vitamine B9)], Sel, Poudre à Lever (Bicarbonate de Sodium), Arôme Naturel (Orange). CONTIENT: BLE (GLUTEN), SOJA.","['en:wheat-flour', 'en:cereal', 'en:flour', 'en:wheat', 'en:cereal-flour', 'en:sugar', 'en:added-sugar', 'en:disaccharide', 'en:non-hydrogenated-vegetable-oils', 'en:oil-and-fat', 'en:vegetable-oil-and-fat', 'en:vegetable-oil', 'en:invert-sugar-syrup', 'en:monosaccharide', 'en:syrup', 'en:invert-sugar', 'en:sugar-syrup', 'en:emulsifier', 'fr:Lecithine de Sojal', 'en:vitamins', 'en:minerals', 'en:salt', 'en:raising-agent', 'en:natural-flavouring', 'en:flavouring', 'en:soya', 'en:palm-oil', 'en:palm-oil-and-fat', 'en:e170i', 'en:e170', 'en:iron', 'en:e375', 'en:thiamin', 'en:e101', 'en:folic-acid', 'en:folate', 'en:e500ii', 'en:e500', 'en:natural-orange-flavouring']","['en:gluten', 'en:orange', 'en:soybeans']",[],fr
3017760756198,Cookies Granola LU,"Farine de blé 34 %, chocolat 33 % (sucre, pâte de cacao, graisses végétales (palme et karité en proportions variables), dextrose, beurre de cacao, lécithines de soja), huile de palme, sucre, poudres à lever (carbonates d'ammonium, carbonates de sodium, diphosphates), sel, colorant (carotènes), arôme, lait écrémé en poudre. Peut contenir des œufs et des fruits à coque.","['en:wheat-flour', 'en:cereal', 'en:flour', 'en:wheat', 'en:cereal-flour', 'en:chocolate', 'en:palm-oil', 'en:oil-and-fat', 'en:vegetable-oil-and-fat', 'en:palm-oil-and-fat', 'en:sugar', 'en:added-sugar', 'en:disaccharide', 'en:e503', 'en:e500', 'en:e450', 'en:salt', 'en:e160', 'en:flavouring', 'en:skimmed-milk-powder', 'en:dairy', 'en:milk-powder', 'en:cocoa-paste', 'en:plant', 'en:cocoa', 'en:vegetable-fat', 'en:dextrose', 'en:monosaccharide', 'en:glucose', 'en:cocoa-butter', 'en:soya-lecithin', 'en:e322', 'en:e322i', 'en:shea-butter']","['en:gluten', 'en:milk', 'en:soybeans']","['en:eggs', 'en:nuts']",fr
4014400400007,Toffifee 15er,"Zucker, pflanzliche Fette (Palm, Shea), Haselnüsse, Glukosesirup, Magermilchpulver, Sorbitsirup, Kakaomasse, kondensierte Magermilch, kondensierte Süßmolke, Milchzucker, magerer Kakao, Kakaobutter, Butterreinfett, Rohrzuckersirup, Molkenerzeugnis, Emulgator Lecithine (Soja), Salz, Aromen. Kann auch Mandel, Erdnuss und andere Nüsse enthalten.","['en:sugar', 'en:added-sugar', 'en:disaccharide', 'en:vegetable-fat', 'en:oil-and-fat', 'en:vegetable-oil-and-fat', 'en:hazelnut', 'en:nut', 'en:tree-nut', 'en:glucose-syrup', 'en:monosaccharide', 'en:glucose', 'en:skimmed-milk-powder', 'en:dairy', 'en:milk-powder', 'en:e420ii', 'en:e420', 'en:cocoa-paste', 'en:plant', 'en:cocoa', 'en:skimmed-milk', 'en:milk', 'en:sweet-whey', 'en:whey', 'en:lactose', 'en:fat-reduced-cocoa', 'en:cocoa-butter', 'en:butterfat', 'en:fat', 'en:milkfat', 'en:cane-sugar-syrup', 'en:syrup', 'en:whey-product', 'en:e322', 'en:salt', 'en:flavouring', 'en:palm', 'en:palm-oil-and-fat', 'en:palm-oil', 'en:shea-butter']","['en:milk', 'en:nuts', 'en:peanuts', 'en:soybeans']","['en:nuts', 'en:peanuts', 'en:En-nuts-en-peanuts-en-en-nuts-en-peanuts']",de
3124480186560,33CL CAN SLIM TROPICAL,"eau de source 80%, jus de fruits à base de concentrés 12% (orange 6,5%, pomme, fruit de la passion 0,1%, mangue 0,08%), sucre, sirop de fructose, acidifiant (acide citrique, acide malique), arôme naturel, antioxydant (acide ascorbique),  colorant (extrait de paprika), arôme naturel d'orange.","['en:spring-water', 'en:water', 'en:fruit-juice-from-concentrate', 'en:fruit-juice-concentrate', 'en:sugar', 'en:added-sugar', 'en:disaccharide', 'en:fructose-syrup', 'en:monosaccharide', 'en:fructose', 'en:e330', 'en:e296', 'en:natural-flavouring', 'en:flavouring', 'en:e300', 'en:e160c', 'en:natural-orange-flavouring', 'en:orange', 'en:fruit', 'en:citrus-fruit', 'en:apple', 'en:malaceous-fruit', 'en:passionfruit', 'en:mango']",['en:orange'],[],fr
3770016162036,Nuggets Végétaux et Gourmands,"Eau, huiles végétales (tournesol, colza), chapelure (farine de blé, levure, sel, épices), protéines texturées de blé (protéines de blé 7%, farine de blé), farine de blé, fibres végétales (bambou, blé), amidon de pomme de terre, stabilisant : méthylcellulose, arôme naturel, correcteur d'acidité: vinaigre tamponné, sel. Ce produit peut contenir des traces de: lait, soja.","['en:water', 'en:vegetable-oil', 'en:oil-and-fat', 'en:vegetable-oil-and-fat', 'en:breadcrumbs', 'en:coating', 'fr:protéines texturées de blé', 'en:wheat-flour', 'en:cereal', 'en:flour', 'en:wheat', 'en:cereal-flour', 'en:vegetable-fiber', 'en:fiber', 'en:potato-starch', 'en:starch', 'en:stabiliser', 'en:natural-flavouring', 'en:flavouring', 'en:acidity-regulator', 'en:salt', 'en:sunflower-oil', 'en:colza-oil', 'en:rapeseed-oil', 'en:yeast', 'en:spice', 'en:condiment', 'en:wheat-protein', 'en:protein', 'en:plant-protein', 'en:bamboo', 'en:vegetable', 'en:shoot-vegetable', 'en:e461', 'en:e267']","['en:gluten', 'en:milk']","['en:gluten', 'en:milk', 'en:sesame-seeds', 'en:soybeans']",fr
5059319023762,Miel Pops,"Farine de maïs (80%), sucre, sirop de glucose, fibre de maïs, miel (2%), extrait de malt d'orge, sel, arôme naturel, niacine, fer, vitamine B6, riboflavine, thiamine, acide folique, vitamine D, vitamine B12, colorant (caroténoïdes).","['en:corn-flour', 'en:cereal', 'en:flour', 'en:corn', 'en:sugar', 'en:added-sugar', 'en:disaccharide', 'en:glucose-syrup', 'en:monosaccharide', 'en:glucose', 'en:corn-fiber', 'en:fiber', 'en:vegetable-fiber', 'en:honey', 'en:barley-malt-extract', 'en:malt', 'en:malted-barley', 'en:salt', 'en:natural-flavouring', 'en:flavouring', 'en:e375', 'en:iron', 'en:minerals', 'en:vitamins', 'en:vitamin-b6', 'en:e101', 'en:thiamin', 'en:folic-acid', 'en:folate', 'en:vitamin-d', 'en:vitamin-b12', 'en:colour', 'en:e160']",['en:gluten'],[],fr
3664346312936,Pâte à tartiner aux noisettes et au cacao,"Sucres (sucre, lactose), Huile de tournesol, Noisettes, Cacao en poudre faible en gras, Lait écrémé en poudre, Lactosérum en poudre, Beurre de cacao, Lécithine de soja, Arôme naturel de vanille.","['en:sugar', 'en:added-sugar', 'en:disaccharide', 'en:sunflower-oil', 'en:oil-and-fat', 'en:vegetable-oil-and-fat', 'en:vegetable-oil', 'en:hazelnut', 'en:nut', 'en:tree-nut', 'fr:Cacao en poudre faible en gras', 'en:skimmed-milk-powder', 'en:dairy', 'en:milk-powder', 'en:whey-powder', 'en:whey', 'en:cocoa-butter', 'en:plant', 'en:vegetable-fat', 'en:cocoa', 'en:soya-lecithin', 'en:e322', 'en:e322i', 'en:natural-vanilla-flavouring', 'en:flavouring', 'en:natural-flavouring', 'en:vanilla-flavouring', 'en:lactose']","['en:milk', 'en:nuts', 'en:soybeans']","['en:eggs', 'en:gluten', 'en:nuts', 'en:soybeans']",fr
4056489471264,Edelbitter Mild 90%,"Kakaomasse, Kakaobutter, fettarmes Kakaopulver, Zucker, Emulgator: Lecithine (Soja); Vanilleextrakt.
Kann Spuren von Schalenfrüchten und Milch enthalten.","['en:cocoa-paste', 'en:plant', 'en:cocoa', 'en:cocoa-butter', 'en:oil-and-fat', 'en:vegetable-oil-and-fat', 'en:vegetable-fat', 'en:fat-reduced-cocoa-powder', 'en:cocoa-powder', 'en:fat-reduced-cocoa', 'en:sugar', 'en:added-sugar', 'en:disaccharide', 'en:e322', 'en:vanilla-extract', 'en:extract', 'en:vanilla', 'en:vegetable-extract']",['en:soybeans'],"['en:milk', 'en:nuts']",de
3017620421006,Pâte à tartiner Nutella noisettes et cacao - 750g,"Sucre, huile de palme, NOISETTES 13%, LAIT écrémé en poudre 8,7%, cacao maigre 7,4%, émulsifiants : lécithines [ SOJA ] vanilline. Sans gluten.","['en:sugar', 'en:added-sugar', 'en:disaccharide', 'en:palm-oil', 'en:oil-and-fat', 'en:vegetable-oil-and-fat', 'en:palm-oil-and-fat', 'en:hazelnut', 'en:nut', 'en:tree-nut', 'en:skimmed-milk-powder', 'en:dairy', 'en:milk-powder', 'en:fat-reduced-cocoa', 'en:plant', 'en:cocoa', 'en:e322', 'en:vanillin', 'en:soya-lecithin', 'en:e322i']","['en:milk', 'en:nuts', 'en:soybeans']",[],fr
6111184001203,Moutarde de Dijon,"Eau, graines de moutarde, vinaigre de table, sel, huile de soja, stabilisants (E412), conservateur E224 et antioxydant E330","['en:water', 'en:mustard-seed', 'en:condiment', 'en:mustard', 'en:spice', 'en:table-vinegar', 'en:vinegar', 'en:salt', 'en:soya-oil', 'en:oil-and-fat', 'en:vegetable-oil-and-fat', 'en:vegetable-oil', 'en:e412', 'en:e224', 'en:e330']","['en:mustard', 'en:soybeans']",[],fr
3412290070385,Fromage à tartiner Nature sel réduit -25% MADAME LOIK - 150g,"FROMAGE frais, sel de Guérande (0,6%). Traces éventuelles de fruits à coque et de poisson. Apports laitiers issus de lait pasteurisé (LAIT : Origine France - Régions Bretagne et Pays de la Loire)","['en:soft-white-cheese', 'en:dairy', 'en:cheese', 'en:salt-from-guerande', 'en:salt', 'en:sea-salt', 'fr:Apports laitiers issus de lait pasteurisé', 'en:milk', 'fr:Régions Bretagne et Pays']",['en:milk'],"['en:fish', 'en:milk', 'en:mustard', 'en:nuts']",fr
3046920016377,100% Cacao,"Kakaomasse, Kakaobutter, fettarmer Kakao. Kann Schalenfrüchte, Milch und Soja enthalten.","['en:cocoa-paste', 'en:plant', 'en:cocoa', 'en:cocoa-butter', 'en:oil-and-fat', 'en:vegetable-oil-and-fat', 'en:vegetable-fat', 'en:fat-reduced-cocoa']",['en:soybeans'],"['en:milk', 'en:nuts', 'en:soybeans', 'nl:Milch', 'nl:Schalenfrüchte']",nl
5010029229110,Crispy Minis Choco,"Blé complet (88%), chocolat noir (12%) (sucre, pâte de cacao, beurre de cacao, émulsifiant: lécithine de soja, arôme), sucre, sel, arômes, fer, niacine, thiamine (vitamine B1), riboflavine (vitamine B2), acide folique, vitamine D","['en:whole-wheat', 'en:cereal', 'en:wheat', 'en:dark-chocolate', 'en:chocolate', 'en:sugar', 'en:added-sugar', 'en:disaccharide', 'en:salt', 'en:flavouring', 'en:iron', 'en:minerals', 'en:e375', 'en:thiamin', 'en:vitamins', 'en:e101', 'en:folic-acid', 'en:folate', 'en:vitamin-d', 'en:cocoa-paste', 'en:plant', 'en:cocoa', 'en:cocoa-butter', 'en:oil-and-fat', 'en:vegetable-oil-and-fat', 'en:vegetable-fat', 'en:soya-lecithin', 'en:e322', 'en:e322i']","['en:gluten', 'en:soybeans']",[],fr
4056489028109,Shot de gingembre bio,"Jus de pomme* 65%, jus de gingembre* 25%, jus de citron* 10%, antioxydant (acide ascorbique)","['en:apple-juice', 'en:fruit', 'en:juice', 'en:malaceous-fruit', 'en:apple', 'en:fruit-juice', 'en:ginger', 'en:condiment', 'en:spice', 'en:lemon-juice', 'en:antioxidant', 'en:vitamin-c', 'en:vitamins']",[],[],fr
8076800195057,Spaghetti Nº5,DURUM WHEAT SEMOLINA PASTA. May contain traces of soy and mustard.,"['en:durum-wheat-semolina-pasta', 'en:dough', 'en:pasta']",['en:gluten'],"['en:eggs', 'en:mustard', 'en:soybeans']",en
3017760363990,Heudebert Fibre +,"Farine de blé complète 58% (son de blé 9,5%, germe de blé 9,5%), farine de blé 30%, son de blé 7,5%, levure, huile de palme, gluten de blé, sirop de glucose-fructose, sucre, sel, farine de blé malté 0,7%, agent de traitement de la farine (acide ascorbique), amidon de blé, 
Peut contenir soja, lait, sésame,","['en:whole-wheat-flour', 'en:cereal', 'en:flour', 'en:wheat', 'en:cereal-flour', 'en:wholemeal-flour', 'en:wheat-flour', 'en:wheat-bran', 'en:yeast', 'en:palm-oil', 'en:oil-and-fat', 'en:vegetable-oil-and-fat', 'en:palm-oil-and-fat', 'en:wheat-gluten', 'en:gluten', 'en:glucose-fructose-syrup', 'en:added-sugar', 'en:monosaccharide', 'en:fructose', 'en:glucose', 'en:sugar', 'en:disaccharide', 'en:salt', 'en:malted-wheat-flour', 'en:e300', 'en:wheat-starch', 'en:starch', 'en:wheat-germ']",['en:gluten'],"['en:milk', 'en:sesame-seeds', 'en:soybeans']",fr
5025125000037,Sourdough Grains & Seeds,"Wheat Flour (Wheat Flour, Calcium, Folic Acid, Iron, Niacin, Thiamin), Water, Mixed Seeds (Golden Linseeds, Sunflower Seeds (6%), Sprouted Whole Spelt (Wheat) (2.5%), Salt, Fermented Wheat Flour","['en:wheat-flour', 'en:cereal', 'en:flour', 'en:wheat', 'en:cereal-flour', 'en:water', 'en:seed', 'en:golden-flax-seeds', 'en:flax', 'en:flax-seed', 'en:sunflower-seed', 'en:whole-spelt', 'en:spelt', 'en:salt', 'en:calcium', 'en:minerals', 'en:folic-acid', 'en:vitamins', 'en:folate', 'en:iron', 'en:e375', 'en:thiamin']",['en:gluten'],[],en
3175681170872,"Lentilles cuisinées, riz & soja","Carottes* 24%, eau, lentilles vertes* 14%, riz basmati* complet 12%, oignons* 12%, huile de tournesol*, protéines de _soja_* texturées et réhydratées 6%, sauce _soja_* (eau, _soja_*, _blé_*, sel de mer, alcool*).

* Ingrédients issus de l'agriculture biologique","['en:carrot', 'en:vegetable', 'en:root-vegetable', 'en:taproot-vegetable', 'en:water', 'en:green-lentils', 'en:pod-and-seed-vegetable', 'en:legume', 'en:lentils', 'en:brown-basmati-rice', 'en:rice', 'en:long-grain-rice', 'en:whole-grain-rice', 'en:brown-rice', 'en:basmati-rice', 'en:onion', 'en:onion-family-vegetable', 'en:sunflower-oil', 'en:oil-and-fat', 'en:vegetable-oil-and-fat', 'en:vegetable-oil', 'en:textured-soy-protein', 'en:protein', 'en:plant-protein', 'en:soy-protein', 'en:soy-sauce', 'en:sauce', 'en:soya', 'en:wheat', 'en:cereal', 'en:sea-salt', 'en:salt', 'en:alcohol']","['en:gluten', 'en:soybeans']","['en:celery', 'en:eggs', 'en:milk', 'en:mustard', 'en:nuts', 'en:sesame-seeds']",fr
3700214614259,Chocolat noir 75% Pérou,"Pâte de cacao (Pérou), sucre de canne, beurre de cacao, gousse de vanille. Cacao: 75% minimum. Traces de soja, de lait et de fruits à coque.","['en:cocoa-paste', 'en:plant', 'en:cocoa', 'en:cane-sugar', 'en:added-sugar', 'en:disaccharide', 'en:sugar', 'en:cocoa-butter', 'en:oil-and-fat', 'en:vegetable-oil-and-fat', 'en:vegetable-fat', 'en:vanilla-pod', 'en:vanilla']",[],"['en:milk', 'en:nuts', 'en:soybeans']",fr
7622210103314,Queso cremoso,"Leche, nata, sal, E410, E401, E407, E202","['en:milk', 'en:dairy', 'en:cream', 'en:salt', 'en:e410', 'en:e401', 'en:e407', 'en:e202']",['en:milk'],[],es
5411188118961,Nature aux Amandes - Végétal soja & amande,"Base de soja (94,8%) (eau, fèves de soja sans OGM décortiquées (9,8%)], sucre, amande (1,5%), calcium (citrate tricalcique), stabilisant (pectines), correcteurs d'acidité (acide citrique, citrates de sodium), sel marin de table, antioxydants (extrait riche en tocophérols, esters d'acides gras de l'acide ascorbique), arômes, vitamines B12, E, D2, ferments de yaourt (S. thermophilus, L. bulgaricus). Contient: soja et amande. Peut contenir des traces de fruits à coque.","['en:soya', 'en:water', 'en:gmo-free-hulled-soya-bean', 'en:vegetable', 'en:pod-and-seed-vegetable', 'en:legume', 'en:pulse', 'en:soya-bean', 'en:hulled-soya-bean', 'en:sugar', 'en:added-sugar', 'en:disaccharide', 'en:almond', 'en:nut', 'en:tree-nut', 'en:calcium', 'en:minerals', 'en:e440a', 'en:e330', 'en:e331', 'en:sea-salt', 'en:salt', 'en:e306', 'en:e304', 'en:flavouring', 'en:vitamins', 'en:vitamin-b12', 'en:vitamin-e', 'en:ergocalciferol', 'en:vitamin-d', 'en:yogurt-culture', 'en:ferment', 'en:microbial-culture', 'en:lactic-ferments', 'en:e333', 'en:streptococcus-thermophilus', 'en:lactobacillus-bulgaricus', 'en:lactobacillus']","['en:nuts', 'en:soybeans']",['en:nuts'],fr
7622210995063,180G LT NOISETTE COTE D OR,"Sucre, NOISETTES (24%), pâte de cacao, beurre de cacao, LAIT écrémé en poudre, lactosérum en poudre (de LAIT), BEURRE concentré, émulsifiant (lécithines de SOJA), arôme naturel de vanille, arôme.","['en:sugar', 'en:added-sugar', 'en:disaccharide', 'en:hazelnut', 'en:nut', 'en:tree-nut', 'en:cocoa-paste', 'en:plant', 'en:cocoa', 'en:cocoa-butter', 'en:oil-and-fat', 'en:vegetable-oil-and-fat', 'en:vegetable-fat', 'en:skimmed-milk-powder', 'en:dairy', 'en:milk-powder', 'en:whey-powder', 'en:whey', 'en:butterfat', 'en:fat', 'en:milkfat', 'en:soya-lecithin', 'en:e322', 'en:e322i', 'en:natural-vanilla-flavouring', 'en:flavouring', 'en:natural-flavouring', 'en:vanilla-flavouring']","['en:milk', 'en:nuts', 'en:soybeans']",['en:nuts'],fr
3229820784939,Lait de coco fluide,"Noix de coco* 60%, eau, eau de Coco*, épaississant: gomme guar*. *Ingrédients biologiques.","['en:coconut', 'en:fruit', 'en:water', 'en:coconut-water', 'en:thickener', 'en:e412']",[],[],fr
3421557501722,Muesli croustillant tradition,"Flocons d'avoine complets, sucre de canne, huile de tournesol, billettes de céréales (riz, blé, avoine, sucre de canne, sel), sirop de riz, farine de blé, sirop de malt d’orge.","['en:whole-grain-oat-flakes', 'en:cereal', 'en:oat', 'en:oat-flakes', 'en:wholemeal-oat', 'en:cane-sugar', 'en:added-sugar', 'en:disaccharide', 'en:sugar', 'en:sunflower-oil', 'en:oil-and-fat', 'en:vegetable-oil-and-fat', 'en:vegetable-oil', 'fr:billettes-de-cereales', 'en:rice-syrup', 'en:syrup', 'en:wheat-flour', 'en:flour', 'en:wheat', 'en:cereal-flour', 'en:barley-malt-syrup', 'en:malt', 'en:malted-barley', 'en:barley-malt-extract', 'en:rice', 'en:salt']",['en:gluten'],"['en:milk', 'en:nuts', 'en:peanuts', 'en:sesame-seeds', 'en:soybeans']",fr
8410076610621,"Sweet & Salty Nut chocolat noir et mélange de noix, 5 barres de 30 g","Cacahuètes grillées (18,5%), avoine complète (14%), sirop de glucose, pépites de chocolat (9%) (pâte de cacao, sucre, beurre de cacao, émulsifiant (lecithines (soja)), huiles et graisses végétales (palme, tournesol, colza, karité), extrait de racine de chicorée, sucre, farine de blé, maltodextrine, farine de riz, fructose, cacao maigre en poudre, lactose (lait), morceaux d'amandes (1,3%), humectant (glycérol), sel de cuisine, émulsifiants (lécithines (soja)), beurre de cacahuète (0,75%), dextrose, arômes naturels, miel, antioxydant (extrait riche en tocopherols).","['en:roasted-peanut', 'en:nut', 'en:peanut', 'en:wholemeal-oat', 'en:cereal', 'en:oat', 'en:glucose-syrup', 'en:added-sugar', 'en:monosaccharide', 'en:glucose', 'en:chocolate-chunk', 'en:chocolate', 'en:cocoa-paste', 'en:plant', 'en:cocoa', 'en:sugar', 'en:disaccharide', 'en:cocoa-butter', 'en:oil-and-fat', 'en:vegetable-oil-and-fat', 'en:vegetable-fat', 'en:e322', 'en:chicory-root', 'en:vegetable', 'en:shoot-vegetable', 'en:chicory', 'en:wheat-flour', 'en:flour', 'en:wheat', 'en:cereal-flour', 'en:maltodextrin', 'en:rice-flour', 'en:rice', 'en:fructose', 'en:fat-reduced-cocoa-powder', 'en:cocoa-powder', 'en:fat-reduced-cocoa', 'en:lactose', 'en:almond', 'en:tree-nut', 'en:e422', 'en:salt', 'en:peanut-butter', 'en:dextrose', 'en:natural-flavouring', 'en:flavouring', 'en:honey', 'en:e306', 'en:soya-lecithin', 'en:e322i', 'en:palm-oil', 'en:palm-oil-and-fat', 'en:sunflower-oil', 'en:vegetable-oil', 'en:colza-oil', 'en:rapeseed-oil', 'en:shea-butter']","['en:gluten', 'en:milk', 'en:nuts', 'en:peanuts', 'en:soybeans']",['en:nuts'],fr
3175681077324,Biscuit chocolat saveur amande,"Farine de blé 53,7%, huile de colza, pépites de chocolat 9,9% (pâte de cacao², sucre, beurre de cacao², émulsifiant : lecithines (soja)), sucre non raffiné, amandes torréfiées 6,6%, germe de blé 5,1%, sirop de glucose, fructose, poudres à lever (carbonates de sodium, acide citrique), arôme naturel, magnésium, farine de riz, émulsifiant : lécithines, fibres d'avoine, farine d'avoine, farine de seigle, calcium, farine de maïs, sel, lactosérum en poudre, extrait de malt d'orge, vitamines (E, D, B6),","['en:wheat-flour', 'en:cereal', 'en:flour', 'en:wheat', 'en:cereal-flour', 'en:colza-oil', 'en:oil-and-fat', 'en:vegetable-oil-and-fat', 'en:rapeseed-oil', 'en:chocolate-chunk', 'en:chocolate', 'en:unrefined-sugar', 'en:added-sugar', 'en:disaccharide', 'en:sugar', 'en:almond', 'en:nut', 'en:tree-nut', 'en:wheat-germ', 'en:glucose-syrup', 'en:monosaccharide', 'en:glucose', 'en:fructose', 'en:e500', 'en:e330', 'en:natural-flavouring', 'en:flavouring', 'en:magnesium', 'en:minerals', 'en:rice-flour', 'en:rice', 'en:e322', 'en:oat-fibre', 'en:fiber', 'en:oat', 'en:vegetable-fiber', 'en:oat-flour', 'en:rye-flour', 'en:calcium', 'en:corn-flour', 'en:corn', 'en:salt', 'en:whey-powder', 'en:dairy', 'en:whey', 'en:barley-malt-extract', 'en:malt', 'en:malted-barley', 'en:vitamins', 'en:vitamin-e', 'en:vitamin-d', 'en:vitamin-b6', 'en:cocoa-paste', 'en:plant', 'en:cocoa', 'en:cocoa-butter', 'en:vegetable-fat', 'en:soya-lecithin', 'en:e322i']","['en:gluten', 'en:milk', 'en:nuts', 'en:soybeans']","['en:eggs', 'en:lupin', 'en:nuts', 'en:sesame-seeds', 'en:soybeans']",fr
3421557501975,Muesli croustillant duo pépites,"Flocons d'avoine complets* 42%, sucre de canne*, billettes de céréales* (riz*, blé* 0,8%, avoine* 0,5%, sucre de canne*, sel), miel* 5,8%, morceaux de chocolat noir* 4,5% (masse de cacao*, sucre de canne*, beurre de cacao&quot;), morceaux de chocolat au lait 4,5% (sucre de canne*, beurre de cacao&quot;, poudre de lait*, masse de cacao&quot;), flocons de blé complets* 4,3%, flocons de seigle complets* 4,3%, flocons d'orge complets* 4,3%, huile de tournesol&quot;, farine de blé* 3,1%, noix de coco séchée&quot;, amandes grillées* 1,4%, graines de sésame*, pétales de maïs* Ingrédients issus de l'Agriculture Biologique. Les informations en gras sont destinées aux personnes intolérantes ou allergiques.","['en:whole-grain-oat-flakes', 'en:cereal', 'en:oat', 'en:oat-flakes', 'en:wholemeal-oat', 'en:cane-sugar', 'en:added-sugar', 'en:disaccharide', 'en:sugar', 'fr:billettes-de-cereales', 'en:honey', 'en:dark-chocolate-chunks', 'en:chocolate', 'en:dark-chocolate', 'fr:pepites-de-chocolat-au-lait', 'en:milk-chocolate', 'en:whole-wheat-flakes', 'en:wheat', 'en:whole-wheat', 'en:wheat-flakes', 'en:whole-grain-rye-flakes', 'en:rye', 'en:rye-flakes', ""fr:flocons d'orge complets"", 'en:sunflower-oil', 'en:oil-and-fat', 'en:vegetable-oil-and-fat', 'en:vegetable-oil', 'en:wheat-flour', 'en:flour', 'en:cereal-flour', 'en:desiccated-coconut', 'en:fruit', 'en:coconut', 'en:roasted-almonds', 'en:nut', 'en:tree-nut', 'en:almond', 'en:sesame-seeds', 'en:seed', 'en:sesame', 'fr:pétales de maïs Les informations en gras sont destinées aux personnes intolérantes et allergiques', 'en:rice', 'en:salt', 'en:cocoa-paste', 'en:plant', 'en:cocoa', 'en:cocoa-butter', 'en:vegetable-fat', 'en:milk-powder', 'en:dairy']","['en:gluten', 'en:milk', 'en:nuts', 'en:sesame-seeds', 'fr:Avoine']","['en:nuts', 'en:peanuts', 'en:soybeans']",fr
3302740087103,Les Tranches Végé Haricots Blancs,"Eau, haricots blancs cuits 19,7%, blanc d'œuf poudre, huile de colza, fécules, bouillon (eau, carottes, oignons, plantes aromatiques, céleri, sel, huile de colza, épices), extrait de plantes, sel, arômes naturels, vinaigre tamponné, poivre, colorant: caramel ordinaire","['en:water', 'en:white-beans', 'en:vegetable', 'en:legume', 'en:pulse', 'en:egg-white', 'en:egg', 'en:colza-oil', 'en:oil-and-fat', 'en:vegetable-oil-and-fat', 'en:rapeseed-oil', 'en:starch', 'en:broth', 'en:extract', 'en:salt', 'en:natural-flavouring', 'en:flavouring', 'en:e267', 'en:pepper', 'en:seed', 'en:colour', 'en:carrot', 'en:root-vegetable', 'en:taproot-vegetable', 'en:onion', 'en:onion-family-vegetable', 'en:herb', 'en:celery', 'en:stalk-vegetable', 'en:spice', 'en:condiment', 'en:e150a']","['en:celery', 'en:eggs']",[],fr
3175681116832,Sablé saveur COCO,"Farine de blé 58,1%, édulcorant : maltitols d'origine végétale, huile de colza, amidon de blé, fibre de blé, arômes naturels, émulsifiant : lecithines, poudres à lever (acide citrique, carbonates d'ammonium), sel de mer.","['en:wheat-flour', 'en:cereal', 'en:flour', 'en:wheat', 'en:cereal-flour', 'en:sweetener', 'en:colza-oil', 'en:oil-and-fat', 'en:vegetable-oil-and-fat', 'en:rapeseed-oil', 'en:wheat-starch', 'en:starch', 'en:wheat-fiber', 'en:fiber', 'en:vegetable-fiber', 'en:natural-flavouring', 'en:flavouring', 'en:emulsifier', 'en:raising-agent', 'en:sea-salt', 'en:salt', 'en:e322', 'en:e330', 'en:e503']",['en:gluten'],"['en:eggs', 'en:lupin', 'en:milk', 'en:nuts', 'en:sesame-seeds', 'en:soybeans']",fr
7622300689124,Granola L'original Gros éclats de chocolat,"Farine de BLÉ 34 %, chocolat 33 % [sucre, pâte de cacao, graisses végétales (palme et karité en proportions variables), dextrose, beurre de cacao, émulsifiant (lécithines de SOJA)], huile de palme, sucre, poudres à lever (carbonates d'ammonium, carbonates de sodium, diphosphates), sel, colorant (carotènes), arôme, LAIT écrémé en poudre. PEUT CONTENIR ŒUFS , FRUITS À COQUE.","['en:wheat-flour', 'en:cereal', 'en:flour', 'en:wheat', 'en:cereal-flour', 'en:chocolate', 'en:palm-oil', 'en:oil-and-fat', 'en:vegetable-oil-and-fat', 'en:palm-oil-and-fat', 'en:sugar', 'en:added-sugar', 'en:disaccharide', 'en:e503', 'en:e500', 'en:e450', 'en:salt', 'en:e160', 'en:flavouring', 'en:skimmed-milk-powder', 'en:dairy', 'en:milk-powder', 'en:cocoa-paste', 'en:plant', 'en:cocoa', 'en:vegetable-fat', 'en:dextrose', 'en:monosaccharide', 'en:glucose', 'en:cocoa-butter', 'en:soya-lecithin', 'en:e322', 'en:e322i', 'en:shea-butter']","['en:eggs', 'en:gluten', 'en:milk', 'en:soybeans']","['en:eggs', 'en:nuts']",fr
8715700423913,Tomato ketchup,"Tomates (174 g pour 100 g de Tomato Ketchup), vinaigre d'alcool, sucre, sel, extraits d'épices et d'herbes (céleri), édulcorant (glycosides de stéviol), épice.","['en:tomato', 'en:vegetable', 'en:fruit-vegetable', 'en:alcohol-vinegar', 'en:vinegar', 'en:sugar', 'en:added-sugar', 'en:disaccharide', 'en:salt', 'en:herbs-and-spices', 'en:condiment', 'en:herb', 'en:spice', 'en:sweetener', 'en:e960']",['en:celery'],[],fr
6111203007520,tartine la Prairie classique 450g,"Corps gras végétal, eau, sucre, sel, مادة دسمة نباتية، ماء ، سكر، ملح مستحلب : أحادي وثنائي كلسريد نباتي ليستين الصوجا Emulsifiant : mono-diglycerides végétales كالسيوم، نشأ الذرة مادة حافضة : سوربات lécithine de soja, calcium, amidon البوتاسيوم مادة مضادة للأكسدة، E321 Conservateur: sorbate de potassium, arôme beurre, Colorant: B-carotène, 7 vitamines: A, B6, B2, B1, E, D et B12. محمض : حامض الستريك نكهة الزبدة ، ملون, antioxydant : E 321 Acidifiant : acide citrique بيتا كاروتين 7 فيتامينات : D، E ، B1، B2 ، B6 A ، و B12. أنتج بتاريخ (P) ويستحسن الإستهلاك قبل (E) : أنظر فوق الغطاء. ا قد يحتوي على Date de Production (P) et","['fr:Corps gras', 'en:water', 'en:sugar', 'en:added-sugar', 'en:disaccharide', 'en:salt', 'fr:مادة دسمة نباتية', 'fr:ماء', 'fr:سكر', 'fr:ملح مستحلب', 'fr:monodiglycerides végétales كالسيوم', 'fr:نشأ الذرة مادة حافضة', 'en:calcium', 'en:minerals', 'fr:amidon البوتاسيوم مادة مضادة للأكسدة', 'fr:e321 Conservateur', 'en:butter-flavouring', 'en:flavouring', 'en:colour', 'fr:7 vitamines', 'en:vitamin-a', 'en:vitamins', 'en:vitamin-b6', 'en:e101', 'en:thiamin', 'en:vitamin-e', 'en:vitamin-d', 'en:vitamin-b12', 'fr:محمض', 'fr:ملون', 'en:antioxidant', 'fr:acide citrique بيتا كاروتين 7 فيتامينات', 'fr:E', 'fr:B1', 'fr:B6 A', 'fr:و B12', 'fr:أنتج بتاريخ', 'fr:ويستحسن الإستهلاك قبل', 'fr:أحادي وثنائي كلسريد نباتي ليستين الصوجا Emulsifiant', 'fr:سوربات lécithine de soja', 'en:e202', 'fr:B-carotène', 'fr:حامض الستريك نكهة الزبدة', 'fr:e321 Acidifiant', 'fr:D', 'fr:P', 'fr:أنظر فوق الغطاء', 'fr:ا قد يحتوي على Date de Production', 'fr:et']",[],[],fr
3088542506508,Sirop d'Agave BIO,"100% Sirop d'Agave biologique, originaire du Mexique","['en:agave-syrup', 'en:added-sugar', 'en:disaccharide', 'fr:originaire']",[],[],fr
8002470023727,Huile d'olive vierge extra Bio Classico,Huile d'olive vierge extra,"['en:extra-virgin-olive-oil', 'en:oil-and-fat', 'en:vegetable-oil-and-fat', 'en:vegetable-oil', 'en:olive-oil', 'en:virgin-olive-oil']",['en:none'],['en:none'],fr
8710522922019,Ketchup 5 Ingrédients,"tomatoes (78,1%), alcohol vinegar (11%), sugar (10%), salt (0,8%), spice extract (0,1%)","['en:tomato', 'en:vegetable', 'en:fruit-vegetable', 'en:alcohol-vinegar', 'en:vinegar', 'en:sugar', 'en:added-sugar', 'en:disaccharide', 'en:salt', 'en:spice-extract', 'en:condiment', 'en:spice']",[],[],en
3175681290440,Petit Déj' Fruits Rouges à l'Épeautre,"Flocons d'avoine 34,4%, farine complète de grand épeautre (blé) 18,9%, farine de blé 17,2%, huile de tournesol oléique, sucre de canne, miel, cranberries déshydratées 2,6%, cassis déshydratés 1,4%, arôme naturel de framboise, poudres a lever (acide citrique, carbonates de sodium).","['en:oat-flakes', 'en:cereal', 'en:oat', 'fr:farine complète de grand épeautre', 'en:wheat-flour', 'en:flour', 'en:wheat', 'en:cereal-flour', 'en:high-oleic-sunflower-oil', 'en:oil-and-fat', 'en:vegetable-oil-and-fat', 'en:vegetable-oil', 'en:sunflower-oil', 'en:cane-sugar', 'en:added-sugar', 'en:disaccharide', 'en:sugar', 'en:honey', 'en:cranberry', 'en:fruit', 'en:blackcurrant', 'en:berries', 'en:natural-raspberry-flavouring', 'en:flavouring', 'en:natural-flavouring', 'en:e330', 'en:e500']",['en:gluten'],"['en:lupin', 'en:milk', 'en:mustard', 'en:nuts', 'en:sesame-seeds', 'en:soybeans']",fr
3229820786605,Crousti' Avoine Chocolat,"Flocons d'avoine* complète 45%, Sucre de canne* brut, Chocolat noir* 10 % (pâte de cacao*, sucre de canne&quot;, beurre de cacao*), Riz extrudé (farine de riz), Farine d'avoine* 8%, Son d'avoine* 5%, Flocons de blé, Huile de tournesol*, Stabilisant : gomme d'acacia*, Flocons de noix de coco*, Sel marin, Antioxydant : extrait riche en tocophérols.","['en:whole-grain-oat-flakes', 'en:cereal', 'en:oat', 'en:oat-flakes', 'en:wholemeal-oat', 'en:unrefined-cane-sugar', 'en:added-sugar', 'en:disaccharide', 'en:sugar', 'en:cane-sugar', 'en:unrefined-sugar', 'en:dark-chocolate', 'en:chocolate', 'en:extruded-rice', 'en:rice', 'en:oat-flour', 'en:flour', 'en:cereal-flour', 'en:oat-bran', 'en:wheat-flakes', 'en:wheat', 'en:sunflower-oil', 'en:oil-and-fat', 'en:vegetable-oil-and-fat', 'en:vegetable-oil', 'en:stabiliser', 'en:coconut-flakes', 'en:fruit', 'en:coconut', 'en:sea-salt', 'en:salt', 'en:antioxidant', 'en:cocoa-paste', 'en:plant', 'en:cocoa', 'en:cocoa-butter', 'en:rice-flour', 'en:e414', 'en:e306']",['en:gluten'],"['en:milk', 'en:nuts', 'en:sesame-seeds', 'en:soybeans']",fr
3033491451652,"Le petit suisse gervais nature 9,5 % 60 g x 12","LAIT écrémé et crème pasteurisés (LAIT), ferments lactiques (LAIT), conservateur : sorbate de calcium (papier traité) ou E 203 (papier traité)","['en:skim-milk-and-pasteurized-cream', 'en:dairy', 'en:cream', 'en:milk', 'en:skimmed-milk', 'en:lactic-ferments', 'en:ferment', 'en:microbial-culture', 'en:e203']",['en:milk'],[],fr
7622210421968,Véritable Petit Écolier Chocolat au Lait,"PETIT BEURRE 52 %: Farine de BLE 68 %, sucre, BEURRE concentré 14%, LAIT écrémé en poudre, poudres à lever (carbonates d'ammonium, carbonates de sodium, diphosphates), sel, correcteur d'acidité (acide citrique). Chocolat au LAIT 48%: Sucre, beurre de cacao, pâte de cacao, LAIT écrémé en poudre, lactosérum en poudre (de LAIT), BEURRE concentré, émulsifiants (lécithines de SOJA, E476), arôme. PEUT CONTENIR FRUITS À COQUE.","['en:petit-beurre', 'en:biscuit', 'en:sugar', 'en:added-sugar', 'en:disaccharide', 'en:butterfat', 'en:oil-and-fat', 'en:fat', 'en:dairy', 'en:milkfat', 'en:skimmed-milk-powder', 'en:milk-powder', 'en:e503', 'en:e500', 'en:e450', 'en:salt', 'en:e330', 'en:milk-chocolate', 'en:chocolate', 'en:cocoa-butter', 'en:plant', 'en:vegetable-oil-and-fat', 'en:vegetable-fat', 'en:cocoa', 'en:cocoa-paste', 'en:whey-powder', 'en:whey', 'en:soya-lecithin', 'en:e322', 'en:e322i', 'en:e476', 'en:flavouring', 'en:wheat-flour', 'en:cereal', 'en:flour', 'en:wheat', 'en:cereal-flour']","['en:gluten', 'en:milk', 'en:soybeans']",['en:nuts'],fr
3041090061615,Cracotte Chocolat,"Farine de BLÉ 49 %, sucre, huiles végétales (palme, colza en proportion variable), chocolat 10 % (cacao maigre en poudre, pâte de cacao, sucre), lactosérum en poudre (de LAIT), émulsifiant (lécithines de SOJA), sel. PEUT CONTENIR FRUITS À COQUE.","['en:wheat-flour', 'en:cereal', 'en:flour', 'en:wheat', 'en:cereal-flour', 'en:sugar', 'en:added-sugar', 'en:disaccharide', 'en:vegetable-oil', 'en:oil-and-fat', 'en:vegetable-oil-and-fat', 'en:chocolate', 'en:whey-powder', 'en:dairy', 'en:whey', 'en:soya-lecithin', 'en:e322', 'en:e322i', 'en:salt', 'en:palm-oil', 'en:palm-oil-and-fat', 'en:colza-oil', 'en:rapeseed-oil', 'en:fat-reduced-cocoa-powder', 'en:plant', 'en:cocoa', 'en:cocoa-powder', 'en:fat-reduced-cocoa', 'en:cocoa-paste']","['en:gluten', 'en:milk', 'en:soybeans']",['en:nuts'],fr
3760091726667,Chocolat noir 80% Équateur intense et floral,"pâte de cacao  70%, sucre de canne , beurre de cacao, Cacao : 80% minimum dans le chocolat,

° Issus de l'agriculture biologique (100%)
* Issus du commerce équitable (100% du poids total avec 89% SPP)","['en:cocoa-paste', 'en:plant', 'en:cocoa', 'en:cane-sugar', 'en:added-sugar', 'en:disaccharide', 'en:sugar', 'en:cocoa-butter']",['en:kiwi'],"['en:gluten', 'en:milk', 'en:nuts', 'en:sesame-seeds']",fr
6111250474191,vinaigre de table blanc,Vinaigre de table,"['en:table-vinegar', 'en:vinegar']",[],[],fr
3175681134935,Sablés sans sucres saveur citron yuzu,"Farine de blé 57,7%, édulcorant: maltitols d'origine végétale, huile de colza, amidon de blé, fibre de blé, arôme naturel, arôme naturel de citron avec autres arômes naturels, poudres à lever (acide citrique, carbonates d'ammonium), émulsifiant : lécithines, sel de mer.","['en:wheat-flour', 'en:cereal', 'en:flour', 'en:wheat', 'en:cereal-flour', 'en:sweetener', 'en:colza-oil', 'en:oil-and-fat', 'en:vegetable-oil-and-fat', 'en:rapeseed-oil', 'en:wheat-starch', 'en:starch', 'en:wheat-fiber', 'en:fiber', 'en:vegetable-fiber', 'en:natural-flavouring', 'en:flavouring', 'en:natural-lemon-flavouring', 'en:raising-agent', 'en:emulsifier', 'en:sea-salt', 'en:salt', 'en:e330', 'en:e503', 'en:e322']",['en:gluten'],"['en:celery', 'en:eggs', 'en:lupin', 'en:milk', 'en:nuts', 'en:sesame-seeds', 'en:soybeans']",fr
3083681093926,Aubergines cuisinées à la Provençal,"Dès d'aubergines préfrites 36% (aubergines 31%, huile de tournesol), tomates pelées concassées au jus 23% (tomates, jus de tomate), dès d'aubergines 15%, oignons coupés 12%, purée de tomates mi-réduite 5,4%, double concentré de tomates 2,2%, sucre 1,4%, huile d'olive vierge extra 1%, basilic 0,9%, sel, ail, jus concentré de citron.","['fr:aubergine-prefrite', 'en:vegetable', 'en:fruit-vegetable', 'en:aubergine', 'fr:tomates-pelees-concassees-au-jus', 'en:tomato', 'en:chopped-tomato', 'en:crushed-tomato', 'en:crushed-peeled-tomato', 'en:onion', 'en:root-vegetable', 'en:onion-family-vegetable', 'fr:puree-de-tomate-mi-reduite', 'en:tomato-puree', 'en:double-concentrated-tomato', 'en:concentrate', 'en:tomato-concentrate', 'en:sugar', 'en:added-sugar', 'en:disaccharide', 'en:extra-virgin-olive-oil', 'en:oil-and-fat', 'en:vegetable-oil-and-fat', 'en:vegetable-oil', 'en:olive-oil', 'en:virgin-olive-oil', 'en:basil', 'en:herb', 'en:salt', 'en:garlic', 'en:concentrated-lemon-juice', 'en:fruit', 'en:juice', 'en:fruit-juice', 'en:lemon-juice', 'en:sunflower-oil', 'en:tomato-juice']",[],[],fr
3770016162098,Chipos végétales aux herbes de Provence,"Eau, huile de colza, protéines de pois texturées (protéines de pois (11%), extrait de pois), enveloppe végétale (gélifiant : alginate de calcium), fibres (agrumes, bambou), stabilisant : méthylcellulose, correcteur d'acidité : vinaigre tamponné, herbes aromatiques (dont herbes de Provence 0,5%), épices, isolat de protéines de pois (1,6%), farine de riz, extrait de betterave rouge, amidon de pomme de terre, arômes naturels.  Ce produit peut contenir des traces de : CELERI, CEREALES CONTENANT DU GLUTEN, FRUITS A COQUE, MOUTARDE, SESAME, SOJA","['en:water', 'en:colza-oil', 'en:oil-and-fat', 'en:vegetable-oil-and-fat', 'en:rapeseed-oil', 'en:textured-pea-protein', 'en:protein', 'en:plant-protein', 'en:pea-protein', 'en:textured-plant-protein', 'fr:enveloppe végétale', 'en:fiber', 'en:stabiliser', 'en:acidity-regulator', 'en:herb', 'en:spice', 'en:condiment', 'en:pea-protein-isolate', 'en:rice-flour', 'en:flour', 'en:rice', 'en:red-beetroot', 'en:vegetable', 'en:root-vegetable', 'en:taproot-vegetable', 'en:beetroot', 'en:potato-starch', 'en:starch', 'en:natural-flavouring', 'en:flavouring', 'en:pea', 'en:pod-and-seed-vegetable', 'en:legume', 'en:gelling-agent', 'en:citrus-fibre', 'en:vegetable-fiber', 'en:bamboo-fibre', 'en:e461', 'en:e267', 'en:herbes-de-provence', 'en:e404']",['en:celery'],"['en:celery', 'en:gluten', 'en:mustard', 'en:nuts', 'en:sesame-seeds', 'en:soybeans']",fr
6111031005033,Tagger,"Sucre, Huiles Végétales Non-Hydrogénées (Palme, Palmiste), Farine De Blé, Cacao Maigre en Poudre, Lactosérum En Poudre, Emulsifiant (Lécithine De Soja), Poudre A Lever (Bicarbonate De Sodium), Sel. CONTIENT LAIT, BLE (GLUTEN),SOJA","['en:sugar', 'en:added-sugar', 'en:disaccharide', 'en:non-hydrogenated-vegetable-oils', 'en:oil-and-fat', 'en:vegetable-oil-and-fat', 'en:vegetable-oil', 'en:wheat-flour', 'en:cereal', 'en:flour', 'en:wheat', 'en:cereal-flour', 'en:fat-reduced-cocoa-powder', 'en:plant', 'en:cocoa', 'en:cocoa-powder', 'en:whey-powder', 'en:dairy', 'en:whey', 'en:emulsifier', 'en:raising-agent', 'en:salt', 'en:soya', 'en:palm-oil', 'en:palm-oil-and-fat', 'en:palm-kernel-oil', 'en:palm-kernel-oil-and-fat', 'en:soya-lecithin', 'en:e322', 'en:e322i', 'en:e500ii', 'en:e500']","['en:gluten', 'en:milk', 'en:soybeans', 'en:BLE', 'en:Blé', 'en:CONTIENT LAIT', 'en:Lécithine De Soja']",[],en
6111162001218,Filets de maquereau,"Maquereaux, huile végétale, sel.","['en:mackerel', 'en:fish', 'en:vegetable-oil', 'en:oil-and-fat', 'en:vegetable-oil-and-fat', 'en:salt']",['en:fish'],[],fr
6111206000696,Coeur de lait,تحضير من جبنة مدوية، %48 من المادة الدسمة في المادة الجافة. المكونات، حليب مركب، جين، دهون نباتية، مسحوق مصل الخليب، مالتودیکسترين، نشا، بروتينات الحليب، املاح مستحلبة (متعدد الفوسفاط، سيترات الصوديوم، تنائي الفوسفاط، فوسفاط الصوديوم)، ملح، مادة حافظة (سوربات البوتاسيوم)، مخثر(كاراجينان)، منظم الحموضة (حمض الستريك)، نكهة.,"['fr:تحضير من جبنة مدوية', 'fr:%48 من المادة الدسمة في المادة الجافة', 'fr:المكونات', 'fr:حليب مركب', 'fr:جين', 'fr:دهون نباتية', 'fr:مسحوق مصل الخليب', 'fr:مالتودیکسترين', 'fr:نشا', 'fr:بروتينات الحليب', 'fr:املاح مستحلبة', 'fr:ملح', 'fr:مادة حافظة', 'fr:مخثر', 'fr:منظم الحموضة', 'fr:نكهة', 'fr:متعدد الفوسفاط', 'fr:سيترات الصوديوم', 'fr:تنائي الفوسفاط', 'fr:فوسفاط الصوديوم', 'fr:سوربات البوتاسيوم', 'fr:كاراجينان', 'fr:حمض الستريك']",['en:milk'],[],fr
3240931548128,Lustucru gnocchi a poêler 520g,"Purée (eau, pommes de terre déshydratées, épice: curcuma), semoule de blé, huile de colza et/ou tournesol, sel, farine de blé","['en:puree', 'en:wheat-semolina', 'en:cereal', 'en:wheat', 'en:semolina', 'en:oil', 'en:oil-and-fat', 'en:salt', 'en:wheat-flour', 'en:flour', 'en:cereal-flour', 'en:water', 'en:mashed-potato', 'en:vegetable', 'en:root-vegetable', 'en:tuber', 'en:potato', 'en:spice', 'en:condiment', 'en:colza-oil', 'en:vegetable-oil-and-fat', 'en:rapeseed-oil', 'en:sunflower-oil', 'en:vegetable-oil', 'en:turmeric']",['en:gluten'],"['en:eggs', 'en:milk', 'en:mustard', 'en:soybeans']",fr
8480000168832,Crema de cacahuetes 100%,100% _Cacahuetes_ (Arachis hypogaea).,"['en:peanut', 'en:nut']",['en:peanuts'],['en:none'],es
3073781131888,verse smeltkaas,"pasteurized fresh milk 53% (origin: france), cream 32% (origin: france), water, milk proteins, milk mineral concentrate, lactic ferments, salt,","['en:milk', 'en:dairy', 'en:cream', 'en:water', 'en:milk-proteins', 'en:protein', 'en:animal-protein', 'en:milk-mineral-concentrate', 'en:milk-minerals', 'en:lactic-ferments', 'en:ferment', 'en:microbial-culture', 'en:salt']",['en:milk'],[],en
8000500082379,Nutella,"sugar, palm oil,  hazelnuts  (13%), skimmed  milk  powder (8,7 %), lean cocoa (7,4 %), emulsifier: lecithins ( soya ), vanillin,","['en:sugar', 'en:added-sugar', 'en:disaccharide', 'en:palm-oil', 'en:oil-and-fat', 'en:vegetable-oil-and-fat', 'en:palm-oil-and-fat', 'en:hazelnut', 'en:nut', 'en:tree-nut', 'en:skimmed-milk-powder', 'en:dairy', 'en:milk-powder', 'en:fat-reduced-cocoa', 'en:plant', 'en:cocoa', 'en:e322', 'en:vanillin']","['en:milk', 'en:nuts', 'en:soybeans']",[],en
3760049798876,10 Pains au lait frais sans sucres ajoutés 350g,"Farine de BLÉ* 58%, ŒUFS entiers frais*/** 12.5%, LAIT frais écrémé pasteurisé 7.6%, levain (eau, farines de BLE* 3.1% et de SEIGLE, levures), huile de colza, farine d'ORGE, BEURRE, arôme naturel de vanille (contient alcool), levure, sel, GLUTEN DE BLÉ, jus d'acérola déshydraté. *Ingrédients issus du commerce équitable français.**Œufs de poules élevées en plein air.","['en:wheat-flour', 'en:cereal', 'en:flour', 'en:wheat', 'en:cereal-flour', 'en:whole-fresh-eggs', 'en:egg', 'en:whole-egg', 'en:milk', 'en:dairy', 'en:sourdough', 'en:dough', 'en:colza-oil', 'en:oil-and-fat', 'en:vegetable-oil-and-fat', 'en:rapeseed-oil', 'en:barley-flour', 'en:barley', 'en:butter', 'en:natural-vanilla-flavouring', 'en:flavouring', 'en:natural-flavouring', 'en:vanilla-flavouring', 'en:yeast', 'en:salt', 'en:wheat-gluten', 'en:gluten', 'en:acerola', 'en:fruit', 'fr:français.**Œufs de poules élevées en plein air', 'en:water', 'en:rye-sourdough', 'en:rye']","['en:eggs', 'en:gluten', 'en:milk']",['fr:Blé œuf seigle orge beurre gluten'],fr
5060088700112,Protein Bars Cocoa Hazelnut,"Dates (38%), Peanuts (35%), Chicory fibre (10%), Peanut flour (8%), Hazelnuts (5%), Fat-reduced cocoa powder (3%), natural flavouring.","['en:date', 'en:fruit', 'en:peanut', 'en:nut', 'en:chicory-fibre', 'en:vegetable', 'en:fiber', 'en:shoot-vegetable', 'en:vegetable-fiber', 'en:chicory', 'en:peanut-flour', 'en:hazelnut', 'en:tree-nut', 'en:fat-reduced-cocoa-powder', 'en:plant', 'en:cocoa', 'en:cocoa-powder', 'en:fat-reduced-cocoa', 'en:natural-flavouring', 'en:flavouring']","['en:nuts', 'en:peanuts', 'en:Cacahuètes', 'en:Noisettes']","['en:nuts', 'en:soybeans']",en
6111246721957,Le berger From blanc Nat,"Produit à partir de Lait de vache pasteurisé, Protéines nutritives de lait de vache, Matière grasse végétale de Soja, Epaississant, Sorbate de potassium Ingredients Produced from Pasteurized cow's milk, Nutritional cow's milk proteins, Soybean vegetable fat, Thickener, Potassium sorbate energy wate","['fr:Produit à partir de Lait de vache pasteurisé', 'fr:Protéines nutritives de lait de vache', 'fr:Matière grasse végétale de Soja', 'en:thickener', ""fr:Sorbate de potassium Ingredients Produced from Pasteurized cow's milk"", ""fr:Nutritional cow's milk proteins"", 'fr:Soybean vegetable fat', 'fr:Thickener', 'fr:Potassium sorbate energy wate']",[],[],fr
3175681308190,Sésame,"Farine de blé 56,1%, sucre non raffiné, huile de colza, sésame toasté 10,5%, farine complète de blé 6,3%, germe de blé 5,3%, poudres à lever (carbonates d'ammonium, carbonates de sodium, tartrates de potassium), arôme naturel, magnésium, émulsifiant : lécithines, sel de mer, lait écrémé en poudre, vitamines (E, PP, B6, B1, B9), Fabriqué dans un atelier qui utilise des fruits à coque, du lupin, de la moutarde, des œufs et du soja,","['en:wheat-flour', 'en:cereal', 'en:flour', 'en:wheat', 'en:cereal-flour', 'en:unrefined-sugar', 'en:added-sugar', 'en:disaccharide', 'en:sugar', 'en:colza-oil', 'en:oil-and-fat', 'en:vegetable-oil-and-fat', 'en:rapeseed-oil', 'en:sesame', 'en:seed', 'en:whole-wheat-flour', 'en:wholemeal-flour', 'en:wheat-germ', 'en:raising-agent', 'en:natural-flavouring', 'en:flavouring', 'en:magnesium', 'en:minerals', 'en:emulsifier', 'en:sea-salt', 'en:salt', 'en:skimmed-milk-powder', 'en:dairy', 'en:milk-powder', 'en:vitamins', 'en:vitamin-e', 'en:e375', 'en:vitamin-b6', 'en:thiamin', 'en:folic-acid', 'en:folate', 'en:e503', 'en:e500', 'en:e336', 'en:e322']","['en:gluten', 'en:milk', 'en:sesame-seeds']","['en:eggs', 'en:lupin', 'en:mustard', 'en:nuts', 'en:soybeans']",fr
3175681026766,Crousti Miel Sésame,"Farine complète de blé 32,1%, farine de blé 28,5%, huile de colza, sucre non raffiné, fibres de chicorée, miel toutes fleurs 5,2%, sésame toasté 5,2%, farine de riz, arôme naturel, farine d'avoine, farine de seigle, poudres à lever (tartrates de potassium, carbonates de sodium, carbonates de potassium), émulsifiant: lécithines, farine de maïs, sel, lactosérum en poudre, extrait de malt d'orge.","['en:whole-wheat-flour', 'en:cereal', 'en:flour', 'en:wheat', 'en:cereal-flour', 'en:wholemeal-flour', 'en:wheat-flour', 'en:colza-oil', 'en:oil-and-fat', 'en:vegetable-oil-and-fat', 'en:rapeseed-oil', 'en:unrefined-sugar', 'en:added-sugar', 'en:disaccharide', 'en:sugar', 'en:chicory-fibre', 'en:vegetable', 'en:fiber', 'en:shoot-vegetable', 'en:vegetable-fiber', 'en:chicory', 'fr:miel-toutes-fleurs', 'en:honey', 'en:flower-honey', 'en:sesame', 'en:seed', 'en:rice-flour', 'en:rice', 'en:natural-flavouring', 'en:flavouring', 'en:oat-flour', 'en:oat', 'en:rye-flour', 'en:e336', 'en:e500', 'en:e501', 'en:e322', 'en:corn-flour', 'en:corn', 'en:salt', 'en:whey-powder', 'en:dairy', 'en:whey', 'en:barley-malt-extract', 'en:malt', 'en:malted-barley']","['en:eggs', 'en:gluten', 'en:lupin', 'en:milk', 'en:nuts', 'en:sesame-seeds', 'en:soybeans']",['en:\x1fen:eggs\x1f  \x1fen:lupin\x1f  \x1fen:nuts\x1f  \x1fen:soybeans\x1f'],fr
3155250364772,Primevère Tartine & Cuisson,"Huiles végétales non hydrogénées 62% (de colza origine France, palmiste, palme, lin), eau, émulsifiants (lécithines de tournesol), sel, arômes naturels, jus de citron concentré, antioxydant (extrait de romarin), colorant (bêta-carotène), vitamine B1","['en:non-hydrogenated-vegetable-oils', 'en:oil-and-fat', 'en:vegetable-oil-and-fat', 'en:vegetable-oil', 'en:water', 'en:emulsifier', 'en:salt', 'en:natural-flavouring', 'en:flavouring', 'en:concentrated-lemon-juice', 'en:fruit', 'en:juice', 'en:fruit-juice', 'en:lemon-juice', 'en:antioxidant', 'en:colour', 'en:thiamin', 'en:vitamins', 'en:sunflower-lecithin', 'en:e322', 'en:e322i', 'en:e392', 'en:beta-carotene-dye', 'en:e160a', 'en:e160ai']",[],[],fr
3168930003632,Quaker Oats,100% oatmeal,['en:oatmeal'],['en:gluten'],['en:gluten'],en
3272770095334,St Moret ligne et plaisir,"lait et crème pasteurisés (Origine :France), protéines du lait, sel. Fabriqué dans un atelier utilisant du lait de chèvre.","['en:milk', 'en:dairy', 'en:cream', 'en:milk-proteins', 'en:protein', 'en:animal-protein', 'en:salt']",['en:milk'],"['en:gluten', 'en:milk']",fr
20815394,Mix di frutta secca,"25% noci, 25% mandorle, 25% uva sultanina (99,5% uva sultanina, olio di semi di girasole), 25% mirtilli rossi americani, essiccati e zuccherati (60% mirtilli rossi americani, 39% zucchero, olio di semi di girasole). Può contenere tracce di altra frutta a guscio e arachidi. Confezionato in atmosfera protettiva.","['en:walnut', 'en:nut', 'en:tree-nut', 'en:almond', 'en:sultana', 'en:fruit', 'en:berries', 'en:grape', 'en:seedless-grape', 'en:white-grape', 'en:white-seedless-grape', 'it:mirtilli rossi americani', 'it:essiccati e zuccherati', 'en:peanut', 'it:Confezionato in atmosfera protettiva', 'en:sunflower-oil', 'en:oil-and-fat', 'en:vegetable-oil-and-fat', 'en:vegetable-oil', 'en:sugar', 'en:added-sugar', 'en:disaccharide']","['en:nuts', 'en:peanuts', 'en:sulphur-dioxide-and-sulphites']","['en:nuts', 'en:peanuts']",it
3029330022411,Maxi Tranches Sans sucre ajouté Nature,"Farine de BLÉ (67%), eau, huile de colza, levure, arôme naturel (contient alcool), sel, farine de maïs fermentée , GLUTEN DE BLÉ, farine de fève, jus d'acérola en poudre","['en:wheat-flour', 'en:cereal', 'en:flour', 'en:wheat', 'en:cereal-flour', 'en:water', 'en:colza-oil', 'en:oil-and-fat', 'en:vegetable-oil-and-fat', 'en:rapeseed-oil', 'en:yeast', 'en:natural-flavouring', 'en:flavouring', 'en:salt', 'en:corn', 'en:wheat-gluten', 'en:gluten', 'en:broad-bean-flour', 'en:acerola', 'en:fruit']",['en:gluten'],"['en:eggs', 'en:milk', 'en:sesame-seeds', 'en:soybeans']",fr
3660140948258,Savane,"Farine de BLE 26,1%, OEUFS frais, sucre, huile de colza, chocolat 5,8% (sucre, pâte de cacao, beurre de cacao, émulsifiant : lécithines, arôme naturel de vanille), fibre de racine de chicorée, stabilisant : glycérol, jaune d'OEUF, gomme d'acacia (fibre soluble), poudres à lever : carbonates de sodium - citrates de sodium, cacao en poudre, sel, fibres de BLE, amidon de maïs, arôme.","['en:wheat-flour', 'en:cereal', 'en:flour', 'en:wheat', 'en:cereal-flour', 'en:fresh-egg', 'en:egg', 'en:sugar', 'en:added-sugar', 'en:disaccharide', 'en:colza-oil', 'en:oil-and-fat', 'en:vegetable-oil-and-fat', 'en:rapeseed-oil', 'en:chocolate', 'en:chicory-fibre', 'en:vegetable', 'en:fiber', 'en:shoot-vegetable', 'en:vegetable-fiber', 'en:chicory', 'en:e422', 'en:egg-yolk', 'en:e414', 'en:e500', 'en:e331', 'en:cocoa-powder', 'en:plant', 'en:cocoa', 'en:salt', 'en:wheat-fiber', 'en:corn-starch', 'en:starch', 'en:flavouring', 'en:cocoa-paste', 'en:cocoa-butter', 'en:vegetable-fat', 'en:e322', 'en:natural-vanilla-flavouring', 'en:natural-flavouring', 'en:vanilla-flavouring', 'en:soluble-fibre']","['en:eggs', 'en:gluten', 'en:soybeans']","['en:milk', 'en:nuts', 'en:peanuts']",fr
5060088706022,NAKD Cacahuètes - 140g (4x1p),"dates 53%, peanuts 46%, sea salt, a hint of natural flavourings","['fr:dates', 'fr:peanuts', 'fr:sea salt', 'fr:a hint of natural flavourings']",['en:peanuts'],"['en:nuts', 'en:peanuts', 'en:soybeans', 'fr:Autres fruits à coques et petits morceaux de coquilles ou de noyaux']",fr
6111252860077,Trios,"Maïs, huile et/ou graisse végétale, arômes, sel et colorant","['en:corn', 'en:cereal', 'en:vegetable-oil-and-fat', 'en:oil-and-fat', 'en:flavouring', 'en:salt', 'en:colour']",[],[],fr
6111035001024,Oulmès eau minerale naturellement gazeuse,Eau minérale naturelle gazeuse,"['en:carbonated-natural-mineral-water', 'en:water', 'en:mineral-water', 'en:carbonated-water', 'en:natural-mineral-water']",[],[],fr
3229820116716,Muesli aux fruits,"Flocons d'avoine complète, flocons de seigle, flocons d'orge, flocons d'épeautre (blé), raisins 7% (raisins, huile de tournesol), flocons de blé, dattes 4% (dattes, farine de riz), pommes 3,5%, lamelles de bananes 3,5% (bananes, sucre de canne brut, huile de coco), copeaux de noix de coco 1.5%.","['en:whole-grain-oat-flakes', 'en:cereal', 'en:oat', 'en:oat-flakes', 'en:wholemeal-oat', 'en:rye-flakes', 'en:rye', 'en:barley-flakes', 'en:barley', 'fr:flocons-d-epeautre', 'en:spelt', 'en:grape', 'en:fruit', 'en:berries', 'en:wheat-flakes', 'en:wheat', 'en:date', 'en:apple', 'en:malaceous-fruit', 'en:banana', 'en:coconut', 'en:sunflower-oil', 'en:oil-and-fat', 'en:vegetable-oil-and-fat', 'en:vegetable-oil', 'en:rice-flour', 'en:flour', 'en:rice', 'en:unrefined-cane-sugar', 'en:added-sugar', 'en:disaccharide', 'en:sugar', 'en:cane-sugar', 'en:unrefined-sugar', 'en:coconut-oil']","['en:gluten', 'en:nuts']","['en:milk', 'en:nuts', 'en:sesame-seeds', 'en:soybeans', 'en:sulphur-dioxide-and-sulphites']",fr
8008698007389,MAESTRO CEREALE - Pain aux céréales tranché,"corn starch, water, sourdough 14% (rice flour, water), rice starch, vegetable fibre (psyllium), rice syrup, sunflower oil, soybean flakes, sunflower seeds 2.1%, millet flour 2%, flaxseed 1.9%, thickener: hpmc, quinoa flour 1.3%, yeast, rice flour 1.3%, soy protein, soy bran, iodized salt (salt,  potassium iodide), poppy seeds 0.6%, chia seeds (salvia hispanica) 0.6%, honey,","['en:corn-starch', 'en:starch', 'en:water', 'en:sourdough', 'en:dough', 'en:rice-starch', 'en:vegetable-fiber', 'en:fiber', 'en:rice-syrup', 'en:added-sugar', 'en:disaccharide', 'en:syrup', 'en:sunflower-oil', 'en:oil-and-fat', 'en:vegetable-oil-and-fat', 'en:vegetable-oil', 'en:soya-bean', 'en:vegetable', 'en:pod-and-seed-vegetable', 'en:legume', 'en:pulse', 'en:soya', 'en:sunflower-seed', 'en:seed', 'en:millet-flour', 'en:flour', 'en:cereal-flour', 'en:flax-seed', 'en:flax', 'en:thickener', 'en:quinoa-flour', 'en:plant', 'en:quinoa', 'en:yeast', 'en:rice-flour', 'en:rice', 'en:soy-protein', 'en:protein', 'en:plant-protein', 'en:soy-bran', 'en:cereal', 'en:bran', 'en:iodised-salt', 'en:salt', 'en:poppyseed', 'en:poppy', 'en:chia-seed', 'en:chia', 'en:honey', 'en:psyllium', 'en:e464', 'en:potassium-iodide', 'en:minerals', 'en:iodine']",['en:soybeans'],"['en:lupin', 'en:mustard', 'en:sesame-seeds']",en
3229820796857,Flocons d'avoine,Flocons d'_avoine_ biologiques,"['en:oat-flakes', 'en:cereal', 'en:oat']","['en:gluten', 'fr:avoine']","['en:milk', 'en:nuts', 'en:sesame-seeds', 'en:soybeans', 'en:sulphur-dioxide-and-sulphites']",fr
3229820801087,Avoine sans sucres,"Eau, avoine* 11%, huile de tournesol*, sel marin.","['en:water', 'en:oat', 'en:cereal', 'en:sunflower-oil', 'en:oil-and-fat', 'en:vegetable-oil-and-fat', 'en:vegetable-oil', 'en:sea-salt', 'en:salt']",[],[],fr
6111126005894,Kéfir Nature,"KEFIR Lait fermenté حليب مخمر المكونات حليب نصف الدسم، فيتامين B6 و B12 ، خمائر الكفير (مصدر للبروبيوتيك) وخمائر حليبية. INGRÉDIENTS Lait demi-écrémé,Vitamine B12 & B6, Ferments kéfir (source de probiotiques), Ferments lactiques INFORMATIONS NUTRITIONNELLES POUR 100G Énergie: المعلومات الغذائية لـ 100غ Kcal كيلوكالوري Graisses: 1,70 g dont acides 1,19 g gras saturés: Glucides: 4,50 g dont sucres: Protéines: 2,70 g Sel: 0,13 g Source de 0,21 mg vitamine B6 Source de vitamine B12 الطاقة الدهنيات : بما فيها الأحماض الدهنية المشبعة السكريات : بما فيها السكر : 4,20g البروتينات : الملح : مصدر فيتامين B6 مصدر فيتامين B12 0,300 111126 005894 me Préservons l'environnement لنحافظ على البيئة","['lb:KEFIR Lait fermenté حليب مخمر المكونات حليب نصف الدسم', 'lb:فيتامين B6 و B12', 'lb:خمائر الكفير', 'lb:وخمائر حليبية', 'lb:INGRÉDIENTS Lait demi-écrémé', 'lb:vitamins', 'lb:B12', 'en:vitamin-b6', 'en:vitamins', 'lb:Ferments kéfir', 'lb:Ferments lactiques INFORMATIONS NUTRITIONNELLES POUR 100G Énergie', 'lb:dont acides 1', 'lb:19\xa0% gras saturés', 'lb:dont sucres', 'lb:Sel', 'lb:بما فيها الأحماض الدهنية المشبعة السكريات', 'lb:البروتينات', ""lb:مصدر فيتامين B6 مصدر فيتامين B12 0‚300 111126 005894 me Préservons l'environnement لنحافظ على البيئة"", 'lb:مصدر للبروبيوتيك', 'lb:source de probiotiques', 'lb:المعلومات الغذائية لـ 100غ Kcal كيلوكالوري Graisses', 'lb:Glucides', 'lb:Protéines', 'lb:Source de 0‚21 mg vitamine B6 Source de vitamine B12 الطاقة الدهنيات', 'lb:بما فيها السكر', 'lb:الملح']",[],[],lb
3270190127765,Chocolate negro,"Pasta de cacao*, azúcar*, manteca de cacao*, emulgente: lecitinas* (girasol), extracto de vainilla*.","['en:cocoa-paste', 'en:plant', 'en:cocoa', 'en:sugar', 'en:added-sugar', 'en:disaccharide', 'en:cocoa-butter', 'en:oil-and-fat', 'en:vegetable-oil-and-fat', 'en:vegetable-fat', 'en:e322', 'en:vanilla-extract', 'en:extract', 'en:vanilla', 'en:vegetable-extract', 'en:sunflower-lecithin', 'en:e322i']",['en:none'],"['en:milk', 'en:nuts', 'es:Cereales que contengan gluten']",es
7613287514325,Fitness Nature Céréales complètes,"BLE complet 61.1%, riz 34.5%, sucre, fructo-olligosaccharides, sirop de sucre inverti, carbonate de calcium, extrait de malt d'ORGE (ORGE, ORGE malté), huile de tournesol, sel, mélasse, arômes naturels, fer, antioxydant : extrait riche en tocophérols ; vitamines B5, B3, B2, B9 et B6. Peut contenir du LAIT et FRUITS A COQUE.","['en:whole-wheat', 'en:cereal', 'en:wheat', 'en:rice', 'en:sugar', 'en:added-sugar', 'en:disaccharide', 'fr:fructo-olligosaccharides', 'en:invert-sugar-syrup', 'en:monosaccharide', 'en:syrup', 'en:invert-sugar', 'en:sugar-syrup', 'en:e170i', 'en:e170', 'en:barley-malt-extract', 'en:malt', 'en:malted-barley', 'en:sunflower-oil', 'en:oil-and-fat', 'en:vegetable-oil-and-fat', 'en:vegetable-oil', 'en:salt', 'en:molasses', 'en:natural-flavouring', 'en:flavouring', 'en:iron', 'en:minerals', 'en:e306', 'en:vitamins', 'en:pantothenic-acid', 'en:e375', 'en:e101', 'en:folic-acid', 'en:folate', 'en:vitamin-b6', 'en:barley']",['en:gluten'],"['en:milk', 'en:nuts']",fr
6111242101203,Linea,"Le lait naturel UHT LINEA est garanti sans acides gras, ni cholestérol, Il continue à vous apporter les bienfaits des protéines, calcium et phosphore du lait.","['fr:Le lait naturel UHT LINEA est garanti sans acides gras', 'fr:ni cholestérol', 'fr:Il continue à vous apporter les bienfaits des protéines', 'en:calcium', 'en:minerals', 'fr:phosphore du lait']",[],[],fr
3608580157885,Be Nuts ! 100 % Cacahuète,cacahuètes torréfiées,"['en:peanut', 'en:nut']",['en:peanuts'],['en:nuts'],fr
7622210476241,Petit brun extra,"Farine de _BLÉ_ 70%, sucre, huile de palme, sirop de glucose-fructose, poudres à lever (carbonates d'ammonium, carbonates de sodium, diphosphates), sel, correcteur d'acidité (acide citrique), arôme,
PEUT CONTENIR OEUF, LAIT, SÉSAME,","['en:wheat-flour', 'en:cereal', 'en:flour', 'en:wheat', 'en:cereal-flour', 'en:sugar', 'en:added-sugar', 'en:disaccharide', 'en:palm-oil', 'en:oil-and-fat', 'en:vegetable-oil-and-fat', 'en:palm-oil-and-fat', 'en:glucose-fructose-syrup', 'en:monosaccharide', 'en:fructose', 'en:glucose', 'en:e503', 'en:e500', 'en:e450', 'en:salt', 'en:e330', 'en:flavouring']","['en:eggs', 'en:gluten']","['en:eggs', 'en:milk', 'en:sesame-seeds']",fr
3272770094412,L'original tartare ail & fines herbes,"pasteurized milk and cream, garlic and herbs 2,6%, salt, pepper, preservative: potassium sorbate,","['en:pasteurized-milk-and-cream', 'en:dairy', 'en:cream', 'en:garlic', 'en:vegetable', 'en:root-vegetable', 'en:onion-family-vegetable', 'en:herb', 'en:salt', 'en:pepper', 'en:seed', 'en:e202']",['en:milk'],"['en:milk', 'en:nuts']",en
7622210204424,Príncipe crema de chocolate,"Harina de _trigo_ 49%, azúcar, grasa de palma, aceite de nabina, cacao magro en polvo 4.5%, jarabe de glucosa, almidón de _trigo_, gasificantes (carbonatos de amonio, carbonatos de sodio), emulgente (lecitinas de _soja_), sal, _leche_ desnatada en polvo, _leche_ en polvo, aroma.","['en:wheat-flour', 'en:cereal', 'en:flour', 'en:wheat', 'en:cereal-flour', 'en:sugar', 'en:added-sugar', 'en:disaccharide', 'en:palm-fat', 'en:oil-and-fat', 'en:vegetable-oil-and-fat', 'en:palm-oil-and-fat', 'en:colza-oil', 'en:rapeseed-oil', 'en:fat-reduced-cocoa-powder', 'en:plant', 'en:cocoa', 'en:cocoa-powder', 'en:fat-reduced-cocoa', 'en:glucose-syrup', 'en:monosaccharide', 'en:glucose', 'en:wheat-starch', 'en:starch', 'en:e503', 'en:e500', 'en:soya-lecithin', 'en:e322', 'en:e322i', 'en:salt', 'en:skimmed-milk-powder', 'en:dairy', 'en:milk-powder', 'en:flavouring']","['en:gluten', 'en:milk', 'en:soybeans']",['en:eggs'],es
3175681280502,Le petit Gerblé nature,"Farines (blé 36,9%, blé complet 18,5%), sucre de canne roux, huile de colza, flocons de blé complet 11,8%, germe de blé 10,2%, jus concentré de citron, poudre à lever : carbonates de sodium.","['en:flour', 'en:unrefined-cane-sugar', 'en:added-sugar', 'en:disaccharide', 'en:sugar', 'en:cane-sugar', 'en:unrefined-sugar', 'en:colza-oil', 'en:oil-and-fat', 'en:vegetable-oil-and-fat', 'en:rapeseed-oil', 'en:whole-wheat-flakes', 'en:cereal', 'en:wheat', 'en:whole-wheat', 'en:wheat-flakes', 'en:wheat-germ', 'en:concentrated-lemon-juice', 'en:fruit', 'en:juice', 'en:fruit-juice', 'en:lemon-juice', 'en:raising-agent', 'en:wheat-flour', 'en:cereal-flour', 'en:whole-wheat-flour', 'en:wholemeal-flour', 'en:e500']",['en:gluten'],[],fr
8410109121551,Cacao puro desgrasado en polvo,"Cacao desgrasado en polvo, correctores de acidez: carbonato de potasio, hidróxido de potasio. Contiene azúcares naturalmente presentes. Manteca de cacao: 16%","['en:fat-reduced-cocoa-powder', 'en:plant', 'en:cocoa', 'en:cocoa-powder', 'en:fat-reduced-cocoa', 'en:e501i', 'en:e501', 'en:e525', 'es:Contiene azúcares naturalmente presentes', 'en:cocoa-butter', 'en:oil-and-fat', 'en:vegetable-oil-and-fat', 'en:vegetable-fat']",[],[],es
6111162001201,Delicia double concentre de tomates,"Tomates
Extrait sec 28% min","['en:tomato', 'en:vegetable', 'en:fruit-vegetable']",[],[],fr
3161711001971,Fromage de France,"pasteurized cow's milk and cream from france, salt, lactic ferments (milk)","['en:cow-s-milk', 'en:dairy', 'en:milk', 'en:cream', 'en:salt', 'en:lactic-ferments', 'en:ferment', 'en:microbial-culture']",['en:milk'],[],en
3011360030498,Mayonnaise Classique à l'huile de colza,"rapeseed oil 69 %, water, egg yolks of hens raised outdoors 5 %, vinegars (alcohol, white wine), dijon mustard 4,2 % (water, mustard seed , vinegar, salt, antioxidant : disulfite of potassium, acidifying : citric acid), sugar, salt, modified starch, concentrated lemon juice, colouring agents : lutein and paprika extract, natural mustard flavour","['en:rapeseed-oil', 'en:oil-and-fat', 'en:vegetable-oil-and-fat', 'en:water', 'en:egg yolks of hens raised outdoors', 'en:vinegar', 'en:dijon-mustard', 'en:mustard', 'en:sugar', 'en:added-sugar', 'en:disaccharide', 'en:salt', 'en:modified-starch', 'en:starch', 'en:concentrated-lemon-juice', 'en:fruit', 'en:juice', 'en:fruit-juice', 'en:lemon-juice', 'en:e161b', 'en:e160c', 'en:natural mustard flavour', 'en:alcohol-vinegar', 'en:white-wine-vinegar', 'en:wine-vinegar', 'en:mustard-seed', 'en:condiment', 'en:spice', 'en:disulfite of potassium', 'en:acidifying', 'en:e330']","['en:eggs', 'en:mustard']",[],en
6111028001246,vach,"جبنة مذوبة للدهين, مواد دهنية مصدرها الحليب, بروتينات الحليب, أملاح استحلاب, أملاح معدنية, ملح, زبدة, مركزات بروتينات الحليب, كالسيوم, فيتامين د","['ar:جبنة مذوبة للدهين', 'ar:مواد دهنية مصدرها الحليب', 'ar:بروتينات الحليب', 'ar:أملاح استحلاب', 'ar:أملاح معدنية', 'en:salt', 'en:butter', 'en:dairy', 'ar:مركزات بروتينات الحليب', 'en:calcium', 'en:minerals', 'ar:فيتامين د']",['en:milk'],[],fr
3155251205302,Tartine doux,"vegetable oils and fats non-hydrogenated 54 % (rapeseed, coconut, palm, palm kernel), water, emulsifiers : mono and diglycerides of fatty acids, sunflower lecithin, salt, natural flavourings, antioxidant : extracts of rosemary, concentrated lemon juice, colouring agents : annatto, curcumin, vitamin b1,","['en:vegetable-oil', 'en:oil-and-fat', 'en:vegetable-oil-and-fat', 'en:fat', 'en:water', 'en:emulsifier', 'en:sunflower-lecithin', 'en:e322', 'en:e322i', 'en:salt', 'en:natural-flavouring', 'en:flavouring', 'en:antioxidant', 'en:concentrated-lemon-juice', 'en:fruit', 'en:juice', 'en:fruit-juice', 'en:lemon-juice', 'en:colour', 'en:e100', 'en:thiamin', 'en:vitamins', 'en:rapeseed-oil', 'en:coconut-fat', 'en:vegetable-fat', 'en:palm-fat', 'en:palm-oil-and-fat', 'en:palm-kernel-fat', 'en:palm-kernel-oil-and-fat', 'en:e471', 'en:e392', 'en:e160b']",[],[],en
3229820791081,Gaufres Miel,"Farine de blé* 27%, sirop de blé*, graisses végétales* (huile de tournesol*, beurre de cacao*), sucre de canne* non raffiné, miel* 12%, son de blé* 1,7%, sel de mer, œufs* entiers en poudre, émulsifiant: lécithines*, poudre à lever carbonates de sodium, cannelle*, jus de citron*. Peut contenir des traces de lait et de fruits à coque. *Ingrédients biologiques.","['en:wheat-flour', 'en:cereal', 'en:flour', 'en:wheat', 'en:cereal-flour', 'en:wheat-syrup', 'en:added-sugar', 'en:disaccharide', 'en:syrup', 'en:vegetable-fat', 'en:oil-and-fat', 'en:vegetable-oil-and-fat', 'en:unrefined-cane-sugar', 'en:sugar', 'en:cane-sugar', 'en:unrefined-sugar', 'en:honey', 'en:wheat-bran', 'en:sea-salt', 'en:salt', 'en:whole-egg', 'en:egg', 'en:e322', 'en:e500', 'en:cinnamon', 'en:condiment', 'en:spice', 'en:lemon-juice', 'en:fruit', 'en:juice', 'en:fruit-juice', 'en:sunflower-oil', 'en:vegetable-oil', 'en:cocoa-butter', 'en:plant', 'en:cocoa']","['en:eggs', 'en:gluten']","['en:milk', 'en:nuts']",fr
3229820794624,Galettes riz complet Bio,"Riz complet 99,7%, sel","['en:whole-grain-rice', 'en:rice', 'en:salt']",[],['en:sesame-seeds'],fr
7613032779566,chocapic,"Farine de BLÉ complet 37,5 %, farine de BLÉ 18,5 %, chocolat en poudre 18,1 % (sucre, cacao en poudre*), semoule de maïs, sirop de glucose, extrait de malt d'ORGE (ORGE, ORGE malté), huile de tournesol, carbonate de calcium, sucre, farine d'ORGE malté, émulsifiant : lécithines ; sel, arômes naturels, fer, vitamines B3, B5, D, B6, B1, B2, B9. Peut contenir du LAIT et des FRUITS À COQUE. *Bilan massique certifié Rainforest Alliance. www.ra.org/fr. Nestlé achète une quantité de cacao certifié Rainforest Alliance équivalente à celle nécessaire pour ce produit.","['en:whole-wheat-flour', 'en:cereal', 'en:flour', 'en:wheat', 'en:cereal-flour', 'en:wholemeal-flour', 'en:wheat-flour', 'en:chocolate-powder', 'en:chocolate', 'en:cornmeal', 'en:corn', 'en:glucose-syrup', 'en:added-sugar', 'en:monosaccharide', 'en:glucose', 'en:barley-malt-extract', 'en:malt', 'en:malted-barley', 'en:sunflower-oil', 'en:oil-and-fat', 'en:vegetable-oil-and-fat', 'en:vegetable-oil', 'en:e170i', 'en:e170', 'en:sugar', 'en:disaccharide', 'en:barley-malt-flour', 'en:barley', 'en:barley-flour', 'en:e322', 'en:salt', 'en:natural-flavouring', 'en:flavouring', 'en:iron', 'en:minerals', 'en:vitamins', 'en:e375', 'en:pantothenic-acid', 'en:vitamin-d', 'en:vitamin-b6', 'en:thiamin', 'en:e101', 'en:folic-acid', 'en:folate', 'fr:Bilan massique certifié Rainforest Alliance', 'fr:www.ra.org', 'fr:fr', 'fr:Nestlé achète une quantité de cacao certifié Rainforest Alliance équivalente à celle nécessaire pour ce produit', 'en:cocoa-powder', 'en:plant', 'en:cocoa']",['en:gluten'],"['en:milk', 'en:nuts']",fr
3154230600183,HERTA TARTE EN OR Pâte Feuilletée 230g,"Farine de BLÉ, Eau, Huiles végétales (palme, colza), GLUTEN de BLÉ, Alcool, Sel, Jus de citron concentré, Levure désactivée. Peut contenir : LAIT, SOJA, MOUTARDE.","['en:wheat-flour', 'en:cereal', 'en:flour', 'en:wheat', 'en:cereal-flour', 'en:water', 'en:vegetable-oil', 'en:oil-and-fat', 'en:vegetable-oil-and-fat', 'en:wheat-gluten', 'en:gluten', 'en:alcohol', 'en:salt', 'en:concentrated-lemon-juice', 'en:fruit', 'en:juice', 'en:fruit-juice', 'en:lemon-juice', 'en:deactivated-yeast', 'en:yeast', 'en:palm-oil', 'en:palm-oil-and-fat', 'en:colza-oil', 'en:rapeseed-oil']",['en:gluten'],"['en:milk', 'en:mustard', 'en:soybeans']",fr
3523230028431,La bûche Sainte-Maure (Poitou-Charentes,"Lait de chèvre pasteurisé (origine France), sel, ferments (dont lait).

Convient aux végétariens.","['en:pasteurised-goat-milk', 'en:dairy', 'en:milk', 'en:goat-milk', 'en:salt', 'en:ferment']",['en:milk'],[],fr
3168930010890,Quaker Cruesli Chocolat au lait,"AVOINE complète (37%),chocolat au lait* (13%) [sucre, LAIT en poudre, pâte de cacao, beurre de cacao, émulsifiant (lécithine de SOJA)],huile de tournesol,sucre,BLÉ complet (9%),sirop de glucose,oligofructose,farine de riz,farine de BLÉ,noix de coco,mélasse,sel,arôme naturel de caramel aux pommes et autre arôme naturel,antioxydant (tocophérol),* Le chocolat au lait contient 30% de cacao minimum.","['en:wholemeal-oat', 'en:cereal', 'en:oat', 'en:milk-chocolate', 'en:chocolate', 'en:sunflower-oil', 'en:oil-and-fat', 'en:vegetable-oil-and-fat', 'en:vegetable-oil', 'en:sugar', 'en:added-sugar', 'en:disaccharide', 'en:whole-wheat', 'en:wheat', 'en:glucose-syrup', 'en:monosaccharide', 'en:glucose', 'en:oligofructose', 'en:rice-flour', 'en:flour', 'en:rice', 'en:wheat-flour', 'en:cereal-flour', 'en:coconut', 'en:fruit', 'en:molasses', 'en:salt', 'fr:arôme naturel de caramel aux pommes', 'en:with-other-natural-flavouring', 'en:flavouring', 'en:natural-flavouring', 'en:vitamin-e', 'en:vitamins', 'fr:Le chocolat au lait contient 30\xa0% de cacao minimum', 'en:milk-powder', 'en:dairy', 'en:cocoa-paste', 'en:plant', 'en:cocoa', 'en:cocoa-butter', 'en:vegetable-fat', 'en:soya-lecithin', 'en:e322', 'en:e322i']","['en:gluten', 'en:milk', 'en:sesame-seeds', 'en:soybeans']","['en:nuts', 'en:sesame-seeds']",fr
3175681290297,Cookie Chocolat saveur noisette Sans sucres,"Farine de BLE 53,2%, édulcorant : maltitols, pépites de chocolat avec édulcorant 13,3% (pâte de cacao, édulcorant : maltitols, beurre de cacao, émulsifiant : lécithines), huile de colza, NOISETTES torréfiées 5%, fibres de BLE, émulsifiant : lécithines, arômes naturels, poudres à lever (acide citrique, carbonates de sodium, carbonates d'ammonium), sel de mer Fabriqué dans un atelier qui utilise FRUITS A COQUE, LAIT, LUPIN, OEUF, SESAME, SOJA","['en:wheat-flour', 'en:cereal', 'en:flour', 'en:wheat', 'en:cereal-flour', 'en:e965', 'fr:pépites de chocolat avec édulcorant', 'en:colza-oil', 'en:oil-and-fat', 'en:vegetable-oil-and-fat', 'en:rapeseed-oil', 'en:hazelnut', 'en:nut', 'en:tree-nut', 'en:wheat-fiber', 'en:fiber', 'en:vegetable-fiber', 'en:e322', 'en:natural-flavouring', 'en:flavouring', 'en:e330', 'en:e500', 'en:e503', 'en:cocoa-paste', 'en:plant', 'en:cocoa', 'en:cocoa-butter', 'en:vegetable-fat']","['en:gluten', 'en:nuts']","['en:eggs', 'en:lupin', 'en:milk', 'en:nuts', 'en:sesame-seeds', 'en:soybeans']",fr
5410041010800,Petit écolier chocolat noir pur beurre de cacao,"PETIT BEURRE 52% : Farine de BLÉ 68 %, sucre, BEURRE concentré 14%, LAIT écrémé en poudre, poudres à lever (carbonates d'ammonium, carbonates de sodium, diphosphates), sel, correcteur d'acidité (acide citrique). CHOCOLAT NOIR 48% cre pâte de cacao, beurre de cacao, LAIT écrémé en poudre, BEURRE concentré, lactose (de LAIT), émulsifiant (lécithines de SOJA), arôme. PEUT CONTENIR FRUITS À COQUE.","['en:petit-beurre', 'en:biscuit', 'en:sugar', 'en:added-sugar', 'en:disaccharide', 'en:butterfat', 'en:oil-and-fat', 'en:fat', 'en:dairy', 'en:milkfat', 'en:skimmed-milk-powder', 'en:milk-powder', 'en:e503', 'en:e500', 'en:e450', 'en:salt', 'en:e330', 'fr:CHOCOLAT NOIR 48\xa0% cre pâte de cacao', 'en:cocoa-butter', 'en:plant', 'en:vegetable-oil-and-fat', 'en:vegetable-fat', 'en:cocoa', 'en:lactose', 'en:soya-lecithin', 'en:e322', 'en:e322i', 'en:flavouring', 'en:wheat-flour', 'en:cereal', 'en:flour', 'en:wheat', 'en:cereal-flour']","['en:gluten', 'en:milk', 'en:soybeans']",['en:nuts'],fr
3273220541012,Fromage blanc au lait de brebis,"Lait de brebis pasteurisé, ferments lactiques sélectionnés (_lait_)","['en:sheeps-milk', 'en:dairy', 'en:milk', 'en:selected-lactic-ferments', 'en:ferment', 'en:microbial-culture', 'en:lactic-ferments']",['en:milk'],[],fr
42105220,Coca Cola,"water, sugar, carbonic acid, e150d, e338, natural flavors including caffeine","['en:water', 'en:sugar', 'en:added-sugar', 'en:disaccharide', 'en:carbonic-acid', 'en:e150d', 'en:e338', 'en:natural-flavors-including-caffeine']",[],[],en
3412290071801,Fromage à tartiner Ail et fines herbes fouetté MADAME LOIK - 150g,"FROMAGE frais, ail (2,5%), sel, fines herbes (0.4%) (persil, ciboulette) Ingrédients laitiers issus de lait pasteurisé Origine du lait : France : Bretagne, Pays de la Loire","['en:soft-white-cheese', 'en:dairy', 'en:cheese', 'en:garlic', 'en:vegetable', 'en:root-vegetable', 'en:onion-family-vegetable', 'en:salt', 'en:herb', 'fr:Ingrédients laitiers issus de lait pasteurisé', 'fr:Bretagne', 'fr:Pays', 'en:parsley', 'en:leaf-vegetable', 'en:chives']",['en:milk'],"['en:fish', 'en:nuts']",fr
6111242107366,Press Up moyen,"Jus d'orange, eau, sucre, acidifiant : acide citrique, vitamine C, arome naturel.","['en:orange-juice', 'en:fruit', 'en:citrus-fruit', 'en:juice', 'en:fruit-juice', 'en:orange', 'en:water', 'en:sugar', 'en:added-sugar', 'en:disaccharide', 'en:acid', 'en:vitamin-c', 'en:vitamins', 'en:natural-flavouring', 'en:flavouring', 'en:e330']",[],[],fr
3187570015447,Café moulu pur arabica des petits producteurs,Café moulu pur Arabica,"['fr:cafe-moulu-pur-arabica', 'en:coffee', 'en:arabica-coffee']",[],[],fr
3272770096942,Le goût primeur - Ligne & plaisir,"Lait et crème pasteurisés (Origine : France), protéines du lait, sel,","['en:milk', 'en:dairy', 'en:cream', 'en:milk-proteins', 'en:protein', 'en:animal-protein', 'en:salt']",['en:milk'],"['en:milk', 'en:nuts']",fr
8712100724572,Levure Chimique Alsacienne,"sodium diphosphates, sodium carbonates, corn starch,","['en:e450iii', 'en:e450', 'en:e500', 'en:corn-starch', 'en:starch']",[],[],en
20047559,Yogurt Greek Style,"cream, skimmed milk retentate, microbial cultures,","['en:cream', 'en:dairy', 'en:skimmed milk retentate', 'en:microbial-culture', 'en:ferment']",['en:milk'],[],en
90382383,Cappy pulpy,"eau, jus et pulpe d'orange, sucre, acidifiants: E330, E300, épaississant E440, émulsifiants: E414, E445; arômes naturels et identiques aux naturels, édulcorants: E954, E950; colorant: E160a.","['en:water', 'en:juice', 'en:orange-pulp', 'en:fruit', 'en:citrus-fruit', 'en:orange', 'en:pulp', 'en:sugar', 'en:added-sugar', 'en:disaccharide', 'en:acid', 'en:e300', 'en:thickener', 'en:emulsifier', 'en:e445', 'en:natural-flavouring', 'en:flavouring', 'fr:identiques aux naturels', 'en:sweetener', 'en:e950', 'en:colour', 'en:e330', 'en:e440a', 'en:e414', 'en:e954', 'en:e160a']",[],[],fr
6111262821150,Pindakaas,"ARACHIDES GRILLÉES (90%), HUILE VÉGÉTALE HYDROGÉNÉE, SUCRE ET SEL","['en:roasted-peanut', 'en:nut', 'en:peanut', 'en:hydrogenated-vegetable-oil', 'en:oil-and-fat', 'en:vegetable-oil-and-fat', 'en:oil', 'en:vegetable-oil', 'en:hydrogenated-oil', 'en:sugar', 'en:added-sugar', 'en:disaccharide', 'en:salt']",['en:peanuts'],[],fr
5449000000286,Coca Cola,"water, fructose-glucose syrup, carbon dioxide, colour: e 150d, acid: phosphoric acid, natural flavourings, flavouring caffeine, best before date: see bottle neck, keep cool and dry, do not expose to sunlight,","['en:water', 'en:glucose-fructose-syrup', 'en:added-sugar', 'en:monosaccharide', 'en:fructose', 'en:glucose', 'en:e290', 'en:e150d', 'en:e338', 'en:natural-flavouring', 'en:flavouring', 'en:flavouring caffeine', 'en:best before date', 'en:keep cool and dry', 'en:do not expose to sunlight', 'en:see bottle neck']",[],[],en
7622210713926,Belvita Brut & 5 céréales complètes,"Farine 30,4 % [BLÉ 27,4 %, ORGE complet 1%, épeautre complet (BLÉ) 1%, BLÉ complet 1%], flocons complets de SEIGLE 17,7 %, flocons complets d'AVOINE 15,5 %, sucre, huile de colza, sucre de canne, gruau complet d'AVOINE 6,8 %, sirop de sucre inverti, minéraux (carbonate de calcium, carbonate de magnésium, fer élémentaire), poudres à lever (carbonates de sodium, carbonates d'ammonium, diphosphates), sel, sirop d'ORGE malté, émulsifiant (lécithines de SOJA), LAIT écrémé en poudre. PEUT CONTENIR OEUF, FRUITS À COQUE.","['en:flour', 'fr:flocons complets de SEIGLE', ""fr:flocons complets d'AVOINE"", 'en:sugar', 'en:added-sugar', 'en:disaccharide', 'en:colza-oil', 'en:oil-and-fat', 'en:vegetable-oil-and-fat', 'en:rapeseed-oil', 'en:cane-sugar', ""fr:gruau complet d'AVOINE"", 'en:invert-sugar-syrup', 'en:monosaccharide', 'en:syrup', 'en:invert-sugar', 'en:sugar-syrup', 'en:minerals', 'en:raising-agent', 'en:salt', 'en:barley-malt-syrup', 'en:emulsifier', 'en:skimmed-milk-powder', 'en:dairy', 'en:milk-powder', 'en:wheat-flour', 'en:cereal', 'en:wheat', 'en:cereal-flour', 'fr:ORGE complet', 'en:wholemeal-spelt-flour', 'en:wholemeal-flour', 'en:spelt-flour', 'en:whole-wheat-flour', 'en:e170i', 'en:e170', 'en:e504i', 'en:e504', 'en:elemental-iron', 'en:iron', 'en:e500', 'en:e503', 'en:e450', 'en:soya-lecithin', 'en:e322', 'en:e322i']","['en:gluten', 'en:milk', 'en:soybeans', 'fr:Avoine', 'fr:Sarrasin']","['en:eggs', 'en:nuts']",fr
3155251205500,Beurre doux gastronomique,"Beurre (lait) (origine crème : France),","['en:butter', 'en:dairy']",['en:milk'],[],fr
5411188115472,Soyamilch,"SOJABASIS (96,8%) (Wasser, geschälte SOJABOHNEN (8%)), Zucker, Säureregulator (Kaliumphosphate), Calcium (Calciumcarbonat), Aroma, Meersalz, Stabilisator (Gellan), Vitamine (B2, B12, D2)","['en:soy-base', 'en:sugar', 'en:added-sugar', 'en:disaccharide', 'en:acidity-regulator', 'en:calcium', 'en:minerals', 'en:flavouring', 'en:sea-salt', 'en:salt', 'en:stabiliser', 'en:vitamins', 'en:e101', 'en:vitamin-b12', 'en:ergocalciferol', 'en:vitamin-d', 'en:water', 'en:soya-bean', 'en:vegetable', 'en:pod-and-seed-vegetable', 'en:legume', 'en:pulse', 'en:soya', 'en:e340', 'en:e170i', 'en:e170', 'en:e418']",['en:soybeans'],[],de
8076809529433,Whole Wheat Penne Rigate,"Fuldkorns _durumhvede_, Vand","['en:durum-wheat', 'en:cereal', 'en:wheat', 'en:water']","['en:gluten', 'en:durumhvede']","['en:mustard', 'en:soybeans', 'en:Moutarde']",en
8410376009415,Zero sin azúcares Chip Choco,"Harina de trigo, chips de chocolate con edulcorante [pasta de cacao, edulcorante (maltitol), manteca de cacao, emulgente (lecitina de soja), aroma], aceite vegetal (aceite girasol alto oleico), edulcorantes (maltitol e isomalt), sal, gasificantes (carbonato ácido de amonio y carbonato ácido de sodio), aromas. Puede contener trazas de frutos secos, leche y mostaza.","['en:wheat-flour', 'en:cereal', 'en:flour', 'en:wheat', 'en:cereal-flour', 'es:chips de chocolate con edulcorante', 'en:vegetable-oil', 'en:oil-and-fat', 'en:vegetable-oil-and-fat', 'en:e965', 'en:e953', 'en:salt', 'en:e503ii', 'en:e503', 'en:e500ii', 'en:e500', 'en:flavouring', 'en:cocoa-paste', 'en:plant', 'en:cocoa', 'en:cocoa-butter', 'en:vegetable-fat', 'en:soya-lecithin', 'en:e322', 'en:e322i', 'en:high-oleic-sunflower-oil', 'en:sunflower-oil']","['en:gluten', 'en:soybeans']","['en:milk', 'en:mustard', 'en:nuts', 'en:soybeans']",es
3083681148640,Celeri fromage blanc dnp 320g,"CELERI 70%, huile de colza, eau, FROMAGE blanc 0% de matières grasses 6,5% (LAIT écrémé pasteurisé, ferments LACTIQUES), vinaigre d'alcool, sel, MOUTARDE de Dijon, sucre, OEUF en poudre, épaississant : gomme de xanthane. Fabriqué dans un atelier utilisant également : gluten, crustacé, poisson, soja, fruits à coque.","['en:celery', 'en:vegetable', 'en:stalk-vegetable', 'en:colza-oil', 'en:oil-and-fat', 'en:vegetable-oil-and-fat', 'en:rapeseed-oil', 'en:water', 'fr:FROMAGE blanc 0\xa0% de matières grasses', 'en:alcohol-vinegar', 'en:vinegar', 'en:salt', 'en:dijon-mustard', 'en:mustard', 'en:sugar', 'en:added-sugar', 'en:disaccharide', 'en:egg-powder', 'en:egg', 'en:thickener', 'en:gluten', 'en:crustacean', 'en:shellfish', 'en:fish', 'en:soya', 'en:nut', 'en:pasteurized-skimmed-milk', 'en:dairy', 'en:milk', 'en:skimmed-milk', 'en:lactic-ferments', 'en:ferment', 'en:microbial-culture', 'en:e415', 'fr:Fabriqué dans un atelier utilisant également']","['en:celery', 'en:crustaceans', 'en:eggs', 'en:fish', 'en:gluten', 'en:milk', 'en:mustard']","['en:crustaceans', 'en:fish', 'en:nuts', 'en:soybeans', 'en:Cereals with Gluten', 'en:Crustaceans and shellfish']",fr
8410076610744,,"_cacahuètes_ grillées (38%), extrait de racine de chicorée, protéine isolée de _soja_, _amandes_ 9%, sirop de glucose, matière grasse végétale: palme; lactosérum (_lait_), fructose, maltodextrine, huile de tournesol, amidon de tapioca, humectant: glycérol; sel, caramel en poudre (sucre, _lait_ écrémé en poudre), _lait_ écrémé en poudre, émulsifiants: lécithines de tournesol et de _soja_; arômes naturels","['en:roasted-peanut', 'en:nut', 'en:peanut', 'en:chicory-root', 'en:vegetable', 'en:shoot-vegetable', 'en:chicory', 'fr:protéine isolée de _soja_', 'en:almond', 'en:tree-nut', 'en:glucose-syrup', 'en:added-sugar', 'en:monosaccharide', 'en:glucose', 'en:vegetable-fat', 'en:oil-and-fat', 'en:vegetable-oil-and-fat', 'en:whey', 'en:dairy', 'en:fructose', 'en:maltodextrin', 'en:sunflower-oil', 'en:vegetable-oil', 'en:tapioca', 'en:starch', 'en:e422', 'en:salt', 'en:e150', 'en:skimmed-milk-powder', 'en:milk-powder', 'en:sunflower-lecithin', 'en:e322', 'en:e322i', 'en:soya', 'en:natural-flavouring', 'en:flavouring', 'en:palm-oil', 'en:palm-oil-and-fat', 'en:sugar', 'en:disaccharide']","['en:milk', 'en:nuts', 'en:peanuts', 'en:soybeans', 'nl:amandes', 'nl:cacahuètes', 'nl:lactosérum', 'nl:lait']",[],nl
6111024002186,Wilor,"*** AJR : apport journalier recommandé, d0méga 6 que notre organisme ne peut fabriquer, 100g","['fr:AJR', 'fr:d0méga 6 que notre organisme ne peut fabriquer', 'fr:apport journalier recommandé']",[],['en:nuts'],fr
6111032010135,double zéro Cerise,"Lait écrémé, lait écrémé en poudre, préparations de fruits, épaississant (amidon), lactosérum, arômes, colorants naturels (toucylate et carmin), édulcorant (stevia), cultures lactiques pour yaourt. Contient naturellement 0% de sucres. Fabriqué dans une ligne pouvant contenir des amandes et du gluten.","['en:skimmed-milk', 'en:dairy', 'en:milk', 'en:skimmed-milk-powder', 'en:milk-powder', 'en:fruits-preparation', 'en:preparation', 'en:thickener', 'en:whey', 'en:flavouring', 'en:natural-colours', 'en:colour', 'en:sweetener', 'en:lactic-ferments', 'en:ferment', 'en:microbial-culture', 'fr:Contient naturellement 0\xa0% de sucres', 'en:starch', 'fr:toucylate', 'en:e120', 'en:e960']","['en:gluten', 'en:milk']","['en:gluten', 'en:nuts']",fr
6111203005779,الهاندس,"حليب خالي من الدسم مشكل، مادة دهنية حليبية، أجبان، بروتينات الحليب، أملاح مستحلبة (E450، E341، E452) فيتامينات E،D A,","['ar:حليب-خالي-من-الدسم-مشكل', 'ar:مادة-دهنية-حليبية', 'ar:أجبان', 'ar:بروتينات-الحليب', 'ar:أملاح-مستحلبة', 'ar:فيتامينات-e', 'ar:d-a', 'en:e450', 'en:e341', 'en:e452']",[],['en:lait cheddar'],ar
5010477365316,Oh my crisp ! - Noix,"Flocons d'avoine complète, fibre de racine de chicorée, raisins de sultane, huile de colza et de tournesol, morceaux de noix de cajou, amandes entières, noisettes grillées, farines d'avoine, de riz, graines de tournesol, noix de coco séché, arôme naturel.","['en:whole-grain-oat-flakes', 'en:cereal', 'en:oat', 'en:oat-flakes', 'en:wholemeal-oat', 'en:chicory-fibre', 'en:vegetable', 'en:fiber', 'en:shoot-vegetable', 'en:vegetable-fiber', 'en:chicory', 'fr:raisins-de-sultane', 'en:oil', 'en:oil-and-fat', 'en:cashew-nuts', 'en:nut', 'en:tree-nut', 'en:whole-almonds', 'en:almond', 'en:hazelnut', 'en:oat-flour', 'en:flour', 'en:cereal-flour', 'en:rice', 'en:sunflower-seed', 'en:plant', 'en:seed', 'en:sunflower', 'en:coconut', 'en:fruit', 'en:natural-flavouring', 'en:flavouring', 'en:colza-oil', 'en:vegetable-oil-and-fat', 'en:rapeseed-oil', 'en:sunflower-oil', 'en:vegetable-oil']",['en:nuts'],[],fr
7622300441937,Philadelphia Original,"whole milk, cream, milk protein preparation, concentrated whey permeate, salt, stabilizer (carob seed flour), acidifier (citric acid), pasteurized milk,","['en:whole-milk', 'en:dairy', 'en:milk', 'en:cream', 'en:milk protein preparation', 'en:whey-permeate', 'en:whey', 'en:salt', 'en:carob-seed-flour', 'en:vegetable', 'en:pod-and-seed-vegetable', 'en:flour', 'en:legume', 'en:pulse', 'en:carob-bean', 'en:e330']",['en:milk'],[],en
3664346315371,Grand Arôme moins de sucres,"Sugar, fat-reduced cocoa powder (11 % cocoa butter) 47%, natural flavouring.","['en:sugar', 'en:added-sugar', 'en:disaccharide', 'en:fat-reduced-cocoa-powder', 'en:plant', 'en:cocoa', 'en:cocoa-powder', 'en:fat-reduced-cocoa', 'en:natural-flavouring', 'en:flavouring', 'en:cocoa-butter', 'en:oil-and-fat', 'en:vegetable-oil-and-fat', 'en:vegetable-fat']",[],['en:milk'],en
3421557502446,T&C Muesli croustillant avoine amandes sans gluten,"Flocons d'avoine complets 64%, Sucre de canne complet, Huile de tournesol, Sirop de riz, riz (Riz, Sel), Amandes toastées 4.6%, Tapioca","['en:whole-grain-oat-flakes', 'en:cereal', 'en:oat', 'en:oat-flakes', 'en:wholemeal-oat', 'en:whole-cane-sugar', 'en:added-sugar', 'en:disaccharide', 'en:sugar', 'en:cane-sugar', 'en:unrefined-sugar', 'en:unrefined-cane-sugar', 'en:sunflower-oil', 'en:oil-and-fat', 'en:vegetable-oil-and-fat', 'en:vegetable-oil', 'en:rice-syrup', 'en:syrup', 'en:rice', 'en:almond', 'en:nut', 'en:tree-nut', 'en:tapioca', 'en:starch', 'en:salt']",['en:nuts'],"['en:milk', 'en:nuts', 'en:peanuts', 'en:sesame-seeds', 'en:soybeans']",fr
3661344688339,Les 2 Vaches Vanille Bio de Madagascar 4 x 115 g,"LAIT* demi-écrémé pasteurisé équitable (79,6%), sucre de canne* (8%), crème équitable (LAIT), - poudre de LAIT* écrémé, amidon, jus de citron* concentré, extrait de vanille*, ferments lactiques (LAIT). *Issu de l'agriculture biologique Peut contenir : CEREALES CONTENANT DU GLUTEN, FRUITS À COQUE. Lait: Origine France","['en:pasteurized-semi-skimmed-milk', 'en:dairy', 'en:milk', 'en:semi-skimmed-milk', 'en:cane-sugar', 'en:added-sugar', 'en:disaccharide', 'en:sugar', 'en:cream', 'en:skimmed-milk-powder', 'en:milk-powder', 'en:starch', 'en:concentrated-lemon-juice', 'en:fruit', 'en:juice', 'en:fruit-juice', 'en:lemon-juice', 'en:vanilla-extract', 'en:plant', 'en:extract', 'en:vanilla', 'en:vegetable-extract', 'en:lactic-ferments', 'en:ferment', 'en:microbial-culture']",['en:milk'],"['en:gluten', 'en:nuts']",fr
20150907,Cranberries,"66% Cranberries, 33,5 % Zucker, Sonnenblumenöl. Kann Spuren von Schalenfrüchten und Erdnüssen enthalten.","['en:cranberry', 'en:fruit', 'en:sugar', 'en:added-sugar', 'en:disaccharide', 'en:sunflower-oil', 'en:oil-and-fat', 'en:vegetable-oil-and-fat', 'en:vegetable-oil']",[],"['en:nuts', 'en:peanuts']",de
3155251204343,Tartine & cuisson doux à tartiner et à cuire,"Huiles et graisses végétales non hydrogénées 62,5% (colza, coprah, karité, lin), eau, émulsifiant: lécithine de tournesol, sel, antioxydant: extrait de romarin, jus concentré de citron, arômes naturels, colorants: rocou, curcumine, vitamine B1.","['en:oil', 'en:oil-and-fat', 'en:non-hydrogenated-vegetable-fats', 'en:vegetable-oil-and-fat', 'en:vegetable-fat', 'en:water', 'en:emulsifier', 'en:salt', 'en:antioxidant', 'en:concentrated-lemon-juice', 'en:fruit', 'en:juice', 'en:fruit-juice', 'en:lemon-juice', 'en:natural-flavouring', 'en:flavouring', 'en:colour', 'en:e100', 'en:thiamin', 'en:vitamins', 'en:colza-oil', 'en:rapeseed-oil', 'en:coconut-oil', 'en:vegetable-oil', 'en:shea-butter', 'en:linseed-oil', 'en:sunflower-lecithin', 'en:e322', 'en:e322i', 'en:e392', 'en:e160b']",[],[],fr
3770008009653,La pâte à tartiner cacao noisette,"Purée de haricots rouges* 30% (eau, farine de haricots rouges), sucre de betterave*, noisettes torréfiées* 18%, eau, cacao en poudre* 4,5%, caramel (sucre, eau), sel de Guérande IGP. *Ingrédients issus de l'agriculture biologique. Peut contenir des traces d'arachides et d'autres fruits à coque,","['en:red-bean', 'en:vegetable', 'en:legume', 'en:pulse', 'en:beet-sugar', 'en:added-sugar', 'en:disaccharide', 'en:sugar', 'en:hazelnut', 'en:nut', 'en:tree-nut', 'en:water', 'en:cocoa-powder', 'en:plant', 'en:cocoa', 'en:e150', 'en:salt-from-guerande', 'en:salt', 'en:sea-salt']",['en:nuts'],"['en:nuts', 'en:peanuts']",fr
5013665115571,BEURRE DE CACAHUETES 99% CACAHUETES,"Cacahuètes grillées (Arachides) 99%, sel marin.","['en:roasted-peanuts', 'en:nut', 'en:peanut', 'en:sea-salt', 'en:salt']",['en:peanuts'],"['en:milk', 'en:nuts', 'en:soybeans']",fr
90338243,Coca-Cola original taste,"Eau gazéifiée, sucre, colorant, E150d, acidifiant, acide phosphorique, arômes naturels (extraits végétaux), dont caféine.","['en:carbonated-water', 'en:water', 'en:sugar', 'en:added-sugar', 'en:disaccharide', 'en:colour', 'en:e150d', 'en:acid', 'en:e338', 'en:natural-flavouring', 'en:flavouring', 'en:caffeine', 'en:extract']",[],[],fr
5449000135544,Ciel 50cl,96 Bleagbooates,['ar:96-bleagbooates'],[],[],ar
3480341000704,Carré Frais 0% Ail & Fines Herbes,"_lait_ écrémé (origine: France), sel, ail, persil, ciboulette, poivre, arômes naturels, ferments lactiques,","['en:skimmed-milk', 'en:dairy', 'en:milk', 'en:salt', 'en:garlic', 'en:vegetable', 'en:root-vegetable', 'en:onion-family-vegetable', 'en:parsley', 'en:herb', 'en:leaf-vegetable', 'en:chives', 'en:pepper', 'en:seed', 'en:natural-flavouring', 'en:flavouring', 'en:lactic-ferments', 'en:ferment', 'en:microbial-culture']",['en:milk'],[],fr
3278690085646,Emprésuré chocolat intense,"Lait partiellement écrémé pasteurisé, lait concentré écrémé, sucre 9%, cacao 3,8%, chocolat 0,8% (pâte de cacao, sucre, beurre de cacao), présure.","['en:pasteurized-semi-skimmed-milk', 'en:dairy', 'en:milk', 'en:semi-skimmed-milk', 'en:sugar', 'en:added-sugar', 'en:disaccharide', 'en:cocoa', 'en:plant', 'en:chocolate', 'en:rennet', 'en:enzyme', 'en:coagulating-enzyme', 'en:cocoa-paste', 'en:cocoa-butter', 'en:oil-and-fat', 'en:vegetable-oil-and-fat', 'en:vegetable-fat']",['en:milk'],['en:milk'],fr
8000500435731,Eat natural Protéines,"Cacahuètes 55%, sirop de riz, flocons de soja , miel, dattes séchées (dattes séchées 4%, farine de riz), caramel en poudre 3% (lait écrémé pasteurisé en poudre, lactosérum doux en poudre, sucre, BEURRE), amandes 2,5%, billes croustillantes de riz, sel marin 0,4%, arôme naturel,","['en:peanut', 'en:nut', 'en:rice-syrup', 'en:added-sugar', 'en:disaccharide', 'en:syrup', 'en:soya', 'en:honey', 'en:date', 'en:fruit', 'en:e150', 'en:almond', 'en:tree-nut', 'fr:billes croustillantes de riz', 'en:sea-salt', 'en:salt', 'en:natural-flavouring', 'en:flavouring', 'en:rice-flour', 'en:flour', 'en:rice', 'en:pasteurized-skimmed-milk', 'en:dairy', 'en:milk', 'en:skimmed-milk', 'en:sweet-whey-powder', 'en:whey', 'en:sweet-whey', 'en:sugar', 'en:butter']","['en:milk', 'en:nuts', 'en:peanuts']",['en:nuts'],fr
3165440008935,Céréales Méditerranéennes,"Semoule de blé dur précuite (gluten) (52%), céréales complètes (30%) (semoule de blé dur complète précuite (gluten) (20%), flocons de seigle malté (gluten) (6,3%), flocons d'orge (gluten) (3%), flocons d'épeautre (gluten) (1%), semoule de maïs précuite (6,5%), arôme naturel, farine de blé précuite (gluten) (1,8%), sel, tomates déshydratées, poivrons rouges déshydratés, huile d'olive vierge extra (0,9%), ail (0,9%), persil déshydraté (0,75%), huile de tournesol, herbes de Provence (0,1%),","['fr:semoule-de-ble-dur-precuite', 'en:cereal', 'en:wheat', 'en:durum-wheat', 'en:semolina', 'en:durum-wheat-semolina', 'en:wholemeal-cereal', 'fr:semoule de blé dur complète précuite', 'en:malted-rye-flakes', 'en:malt', 'en:rye', 'en:rye-flakes', 'en:barley-flakes', 'en:barley', 'fr:flocons-d-epeautre', 'en:spelt', 'fr:semoule-de-mais-precuite', 'en:corn', 'en:cornmeal', 'en:natural-flavouring', 'en:flavouring', 'en:salt', 'en:tomato', 'en:vegetable', 'en:fruit-vegetable', 'en:red-bell-pepper', 'en:capsicum-annuum', 'en:bell-pepper', 'en:extra-virgin-olive-oil', 'en:oil-and-fat', 'en:vegetable-oil-and-fat', 'en:vegetable-oil', 'en:olive-oil', 'en:virgin-olive-oil', 'en:garlic', 'en:root-vegetable', 'en:onion-family-vegetable', 'en:parsley', 'en:herb', 'en:leaf-vegetable', 'en:sunflower-oil', 'en:herbes-de-provence']","['en:celery', 'en:gluten']","['en:celery', 'en:lupin', 'en:milk', 'en:mustard', 'en:nuts', 'en:sesame-seeds', 'en:soybeans']",fr
3497917000907,Chips saveur fromage du Jura,"Pommes de terre (France) (60,9%), huile de tournesol (31%), fromage du Jura fondu en poudre (5,3%) (élaboré exclusivement avec du Comté AOP), sel, petit lait en poudre, arôme naturel,","['en:potato', 'en:vegetable', 'en:root-vegetable', 'en:starchy-root-vegetable', 'en:tuber', 'en:sunflower-oil', 'en:oil-and-fat', 'en:vegetable-oil-and-fat', 'en:vegetable-oil', 'fr:fromage du Jura fondu en poudre', 'en:salt', 'en:whey-powder', 'en:dairy', 'en:whey', 'en:natural-flavouring', 'en:flavouring', 'fr:élaboré exclusivement avec du Comté']",['en:milk'],"['en:celery', 'en:mustard']",fr
7622400013935,Noir 86% Extra intense,"Pâte de cacao, beurre de cacao, cacao maigre en poudre, sucre, arôme naturel de vainille, émulsifiant (lécithines de _soja_), _lait_ écrémé en poudre.","['en:cocoa-paste', 'en:plant', 'en:cocoa', 'en:cocoa-butter', 'en:fat-reduced-cocoa-powder', 'en:cocoa-powder', 'en:sugar', 'en:added-sugar', 'en:disaccharide', 'fr:arome-naturel-de-vainille', 'en:emulsifier', 'en:skimmed-milk-powder', 'en:dairy', 'en:milk-powder', 'en:soya-lecithin', 'en:e322', 'en:e322i']","['en:milk', 'en:soybeans']",['en:nuts'],fr
0022314010025,Crème de marrons de l'Ardèche,"Châtaignes (50%), sucre, marrons glacés (châtaignes (54,6%), sucre, sirop de glucose, extrait de vanille de Madagascar), extrait de vanille Madagascar.","['en:chestnut', 'en:nut', 'en:tree-nut', 'en:sugar', 'en:added-sugar', 'en:disaccharide', 'fr:marrons glacés', 'fr:extrait de vanille Madagascar', 'en:glucose-syrup', 'en:monosaccharide', 'en:glucose', 'en:vanilla-extract', 'en:plant', 'en:extract', 'en:vanilla', 'en:vegetable-extract']",['en:nuts'],[],fr
6111021090049,Concentré de tomates Aicha,"tomate, sel,","['en:tomato', 'en:vegetable', 'en:fruit-vegetable', 'en:salt']",[],['en:nuts'],fr
6111162000822,Confiture de fraise,,,[],[],fr
8480000038524,Guacamole,"Aguacate 95%, sal, cebolla deshidratada, jalapeño, azúcar, antioxidantes (ácido ascórbico, ascorbato sódico, citrato sódico), corrector de acidez (ácido cítrico), conservador (sorbato potásico), aroma de ajo, cilantro deshidratado.","['en:avocado', 'en:vegetable', 'en:fruit-vegetable', 'en:salt', 'en:dehydrated-onion', 'en:root-vegetable', 'en:onion-family-vegetable', 'en:onion', 'en:jalapeno-pepper', 'en:chili-pepper', 'en:sugar', 'en:added-sugar', 'en:disaccharide', 'en:e300', 'en:e301', 'en:e331i', 'en:e331', 'en:e330', 'en:e202', 'en:garlic-flavouring', 'en:flavouring', 'en:coriander', 'en:herb']",[],[],es
3175681132467,Les galettes orge et boulgour au chèvre miel,"Concassé d'orge' cuit 41,8%, boulgour de blé complet réhydrate 29.2%, oignons&quot;, huiles vegetales&quot; (tournesol oléique&quot;, tournesol&quot;), fromage de chèvre&quot; (sans prèsure animale) 5.9%, farine de ble 5.3% flocons d'avoine complète*, flocons de blé complet 3,9%, miel 2.5%, graines de pavot 0.98% sel de mer, poivre&quot;. &quot;Ingrédients issus de l'agriculture biologique. NOS INGREDIENTS PROVIENNENT DE: ORGE. BLE ET MIEL ORIGINE UE. FROMAGE DE CHEVRE ORIGINE FRANCE","['en:barley', 'en:cereal', 'fr:boulgour de blé complet réhydrate', 'en:onion', 'en:vegetable', 'en:root-vegetable', 'en:onion-family-vegetable', 'en:vegetable-oil', 'en:oil-and-fat', 'en:vegetable-oil-and-fat', 'en:goat-cheese', 'en:dairy', 'en:cheese', 'fr:farine de ble 5', ""fr:3\xa0% flocons d'avoine complète"", 'en:whole-wheat-flakes', 'en:wheat', 'en:whole-wheat', 'en:wheat-flakes', 'en:honey', 'en:added-sugar', 'fr:graines de pavot 0', 'fr:98\xa0% sel de mer', 'en:pepper', 'en:seed', 'fr:""', 'fr:NOS INGREDIENTS PROVIENNENT DE', 'en:high-oleic-sunflower-oil', 'en:sunflower-oil', 'fr:sans prèsure animale']","['en:gluten', 'en:milk', 'fr:Avoine']","['en:celery', 'en:nuts', 'en:sesame-seeds', 'en:soybeans']",fr
3229820794556,"Muesli Proteines Soja, Dattes, Fruits Rouges","Flocons de soja* 31% Flocons de blé* Flocons d'avoine* ✔Dattes* 7% (dattes*, farine de riz*) Raisins secs* (raisins*, huile de tournesol*) Fruits rouges lyophilisés 1,4% (groseilles*, cassis, framboises*) Graines de sarrasin* Peut contenir du lait, des fruits à coque et des graines de sésame. *Ingrédients biologiques.","[""fr:Flocons de soja 31\xa0% Flocons de blé Flocons d'avoine ✔Dattes"", 'en:raisin', 'en:fruit', 'en:berries', 'en:dried-fruit', 'en:grape', 'en:red-fruit', 'en:date', 'en:rice-flour', 'en:flour', 'en:rice', 'en:sunflower-oil', 'en:oil-and-fat', 'en:vegetable-oil-and-fat', 'en:vegetable-oil', 'en:redcurrant', 'en:blackcurrant', 'en:raspberry']","['en:gluten', 'en:soybeans', 'fr:Avoine*']","['en:milk', 'en:nuts', 'en:sesame-seeds']",fr
3029330004240,Fines Tartines farine de Seigle,"Farine de SEIGLE (32%), eau, farine de BLÉ (29%), levain de SEIGLE (eau, farine de SEIGLE, sel), levure, sel iodé (sel, iodate de potassium), huile d'olive, GLUTEN DE BLÉ, correcteur d'acidité : acétates de sodium, malt d'ORGE torréfié, agent de traitement de la farine : acide ascorbique.","['en:rye-flour', 'en:flour', 'en:cereal-flour', 'en:water', 'en:wheat-flour', 'en:cereal', 'en:wheat', 'en:rye-sourdough', 'en:dough', 'en:rye', 'en:sourdough', 'en:yeast', 'en:iodised-salt', 'en:salt', 'en:olive-oil', 'en:oil-and-fat', 'en:vegetable-oil-and-fat', 'en:vegetable-oil', 'en:wheat-gluten', 'en:gluten', 'en:e262', 'en:malted-barley', 'en:malt', 'en:e300', 'en:e917']",['en:gluten'],"['en:nuts', 'en:soybeans']",fr
6111126001711,Jnane nature sans sucre,"lait entier, poudre de lait ecrémé, ferments lactiques","['en:whole-milk', 'en:dairy', 'en:milk', 'en:skimmed-milk-powder', 'en:milk-powder', 'en:lactic-ferments', 'en:ferment', 'en:microbial-culture']",['en:milk'],[],fr
3229820783338,Épeautre noisette,"Eau, épeautre* 7%, riz* 6%, avoine*, noisettes* 2%, huile de tournesol*, arôme naturel de noisettes, sel marin.

*Ingrédients biologiques","['en:water', 'en:spelt', 'en:cereal', 'en:rice', 'en:oat', 'en:hazelnut', 'en:nut', 'en:tree-nut', 'en:sunflower-oil', 'en:oil-and-fat', 'en:vegetable-oil-and-fat', 'en:vegetable-oil', 'fr:arome-naturel-de-noisette', 'en:flavouring', 'en:natural-flavouring', 'en:sea-salt', 'en:salt']","['en:gluten', 'en:nuts']",['en:nuts'],fr
3154230600121,HERTA TARTE EN OR Pâte Brisée 230g,"Farine de BLÉ, Eau, Huiles végétales (palme, colza), Alcool, Sel, Jus de citron concentré. Peut contenir : LAIT, SOJA, MOUTARDE.","['en:wheat-flour', 'en:cereal', 'en:flour', 'en:wheat', 'en:cereal-flour', 'en:water', 'en:vegetable-oil', 'en:oil-and-fat', 'en:vegetable-oil-and-fat', 'en:alcohol', 'en:salt', 'en:concentrated-lemon-juice', 'en:fruit', 'en:juice', 'en:fruit-juice', 'en:lemon-juice', 'en:palm-oil', 'en:palm-oil-and-fat', 'en:colza-oil', 'en:rapeseed-oil']",['en:gluten'],"['en:milk', 'en:mustard', 'en:soybeans']",fr
06175634,Tartines craquantes à la châtaigne,Le Pain des fleurs,['fr:le-pain-des-fleurs'],[],[],fr
5411188110842,Rich and indulgent Hazelnut,"Wasser, Zucker, Haselnüsse (2,8%), Calcium (Tricalciumphosphat), Meersalz, Stabilisatoren (Johannisbrotkernmehl, Gellan], Emulgator (Lecithine), Vitamine B2, B12, D2, E. Kann Spuren von Schalenfrüchten enthalten.","['en:water', 'en:sugar', 'en:added-sugar', 'en:disaccharide', 'en:hazelnut', 'en:nut', 'en:tree-nut', 'en:calcium', 'en:minerals', 'en:sea-salt', 'en:salt', 'en:stabiliser', 'en:carob-seed-flour', 'en:vegetable', 'en:pod-and-seed-vegetable', 'en:flour', 'en:legume', 'en:pulse', 'en:carob-bean', 'en:e418', 'en:e322', 'en:vitamins', 'en:e101', 'en:vitamin-b12', 'en:ergocalciferol', 'en:vitamin-d', 'en:vitamin-e', 'en:e341iii', 'en:e341']",['en:nuts'],['en:nuts'],de
5013665115557,Beurre de cacahuètes crunchy,"Cacahuètes grillées** (Arachides) 99%, sel marin.

** Ingredients biologiques.
Peut contenir des traces de fruits à coque.","['en:roasted-peanuts', 'en:nut', 'en:peanut', 'en:sea-salt', 'en:salt']",['en:peanuts'],['en:nuts'],fr
6111203007377,Classique Douceur de lait,"Lait écrémé reconstitué, Matière grasse laitière, Fromages, Huile de Palme, Sels de fonte (E452,E450, E341), Sel, Stabilisant : carraghénanes, Conservateur: Sorbate de Potassium, Vitamine A,D et E.","['en:skimmed-milk', 'en:dairy', 'en:milk', 'en:milkfat', 'en:oil-and-fat', 'en:fat', 'en:cheese', 'en:palm-oil', 'en:vegetable-oil-and-fat', 'en:palm-oil-and-fat', 'en:emulsifying-salts', 'en:salt', 'en:stabiliser', 'en:preservative', 'en:vitamins', 'en:vitamin-a', 'en:vitamin-d', 'en:vitamin-e', 'en:e452', 'en:e450', 'en:e341', 'en:e407', 'en:e202']",['en:milk'],[],fr
3023470001015,Galettes St Michel au beurre 4X5 - 130g,"Farine de BLÉ 66%, sucre, BEURRE 18%, ŒUFS, arôme naturel, sel, poudres à lever : carbonates d'ammonium, carbonates de sodium, LAIT écrémé en poudre","['en:wheat-flour', 'en:cereal', 'en:flour', 'en:wheat', 'en:cereal-flour', 'en:sugar', 'en:added-sugar', 'en:disaccharide', 'en:butter', 'en:dairy', 'en:egg', 'en:natural-flavouring', 'en:flavouring', 'en:salt', 'en:raising-agent', 'en:e500', 'en:skimmed-milk-powder', 'en:milk-powder', 'en:e503']","['en:eggs', 'en:gluten', 'en:milk']","['en:nuts', 'en:sesame-seeds', 'en:soybeans']",fr
3387390326574,Céréales Cookie Crisp,"Farine de BLÉ complet 35,3 %, semoule de maïs, sucre, sirop de glucose, amidon de BLÉ, huile de tournesol, carbonate de calcium, cacao maigre en poudre * 1,7%, farine de BLÉ, sel, poudre à lever : carbonates de sodium ; arôme naturel, antioxydant : extrait riche en tocophérols ; fer, vitamines B3, B5, D, B9, B6, B2. Peut contenir du LAIT et des FRUITS À COQUE. * Bilan massique certifié Rainforest Alliance. www.ra.org/fr. Nestlé achète une quantité de cacao certifié Rainforest Alliance équivalente à cette nécessaire pour ce produit.","['en:whole-wheat-flour', 'en:cereal', 'en:flour', 'en:wheat', 'en:cereal-flour', 'en:wholemeal-flour', 'en:wheat-flour', 'en:cornmeal', 'en:corn', 'en:sugar', 'en:added-sugar', 'en:disaccharide', 'en:glucose-syrup', 'en:monosaccharide', 'en:glucose', 'en:wheat-starch', 'en:starch', 'en:sunflower-oil', 'en:oil-and-fat', 'en:vegetable-oil-and-fat', 'en:vegetable-oil', 'en:e170i', 'en:e170', 'en:fat-reduced-cocoa-powder', 'en:plant', 'en:cocoa', 'en:cocoa-powder', 'en:fat-reduced-cocoa', 'en:salt', 'en:e500', 'en:natural-flavouring', 'en:flavouring', 'en:e306', 'en:iron', 'en:minerals', 'en:vitamins', 'en:e375', 'en:pantothenic-acid', 'en:vitamin-d', 'en:folic-acid', 'en:folate', 'en:vitamin-b6', 'en:e101', 'fr:Bilan massique certifié Rainforest Alliance', 'fr:www.ra.org', 'fr:fr', 'fr:Nestlé achète une quantité de cacao certifié Rainforest Alliance équivalente à cette nécessaire pour ce produit']","['en:gluten', 'en:peanuts']","['en:milk', 'en:nuts', 'en:peanuts']",fr
5025125000112,Proper Sourdough,"Wheat Flour (Wheat Flour, Calcium Carbonate, Iron, Niacin, Thiamin), Water, Rye Flour, Salt, Fermented Wheat","['en:wheat-flour', 'en:cereal', 'en:flour', 'en:wheat', 'en:cereal-flour', 'en:water', 'en:rye-flour', 'en:salt', 'en:e170i', 'en:e170', 'en:iron', 'en:minerals', 'en:e375', 'en:thiamin', 'en:vitamins']",['en:gluten'],[],en
3560071232719,Pain de mie complet,"Farine de _blé_* 44%, eau, farine complète de _blé_* 18%, huile de colza*, sucre de canne*, gluten de _blé_*, son de _blé_*, arôme naturel de vanille* (contient alcool*), sel, levure. * biologique
Peut contenir des traces de lait, oeufs et de graines de sésame.","['en:wheat-flour', 'en:cereal', 'en:flour', 'en:wheat', 'en:cereal-flour', 'en:water', 'en:whole-wheat-flour', 'en:wholemeal-flour', 'en:colza-oil', 'en:oil-and-fat', 'en:vegetable-oil-and-fat', 'en:rapeseed-oil', 'en:cane-sugar', 'en:added-sugar', 'en:disaccharide', 'en:sugar', 'en:wheat-gluten', 'en:gluten', 'en:wheat-bran', 'en:natural-vanilla-flavouring', 'en:flavouring', 'en:natural-flavouring', 'en:vanilla-flavouring', 'en:salt', 'en:yeast', 'en:alcohol']","['en:gluten', 'en:milk']","['en:eggs', 'en:milk', 'en:sesame-seeds']",fr
3033490004521,Danone le nature 125 g x 4,"LAIT partiellement écrémé à 1 % Mat. Gr. (94,7%), LAIT écrémé concentréou en poudre (5,2%), ferments lactiques (LAIT) LAIT : Origine France","['fr:LAIT partiellement écrémé à 1\xa0% Matières Grasses', 'fr:LAIT écrémé concentréou en poudre', 'en:lactic-ferments', 'en:ferment', 'en:microbial-culture', 'en:milk', 'en:dairy']",['en:milk'],[],fr
3034470003107,Benco Original,"sugar, highly defatted cocoo 21,4%, salt, flavouring, vitamin b1","['en:sugar', 'en:added-sugar', 'en:disaccharide', 'en:highly defatted cocoo', 'en:salt', 'en:flavouring', 'en:thiamin', 'en:vitamins']",[],[],en
3265474000018,Huile Isio 4,"Huile de colza 47%, huile de tournesol 43%, Oléisol (huile de tournesol à haute teneur en acide oléique) 5%, huile de lin 5%, arôme naturel de coriandre, vitamine D","['en:colza-oil', 'en:oil-and-fat', 'en:vegetable-oil-and-fat', 'en:rapeseed-oil', 'en:sunflower-oil', 'en:vegetable-oil', 'fr:oleisol', 'en:linseed-oil', 'fr:arôme naturel de coriandre', 'en:vitamin-d', 'en:vitamins', 'en:high-oleic-sunflower-oil']",[],[],fr
3272770096850,Le  goût primeur,"lait et crème pasteurisés ( Origine : France), protéines du lait, sel.","['en:milk', 'en:dairy', 'en:cream', 'en:milk-proteins', 'en:protein', 'en:animal-protein', 'en:salt']",['en:milk'],"['en:gluten', 'en:milk']",fr
3329770076471,Calin Extra,"Lait écrémé partiellement déshydraté, lait écrémé, crème, concentre des minéraux du lait, ferments lactiques (lait), vitamine D,","['en:skimmed-milk', 'en:dairy', 'en:milk', 'en:cream', 'en:milk-mineral-concentrate', 'en:milk-minerals', 'en:lactic-ferments', 'en:ferment', 'en:microbial-culture', 'en:vitamin-d', 'en:vitamins']",['en:milk'],[],fr
5000112611861,PET 1.75L COCA,"Eau gazéifiée, sucre, colorant: E150d, acidifiant : acide phosphorique, arômes naturels, caféine.","['en:carbonated-water', 'en:water', 'en:sugar', 'en:added-sugar', 'en:disaccharide', 'en:e150d', 'en:e338', 'en:natural-flavouring', 'en:flavouring', 'en:caffeine']",[],[],fr
7622210449313,Prince Multicéréales Goût Chocolat Au Blé Complet,"Céréales 52,3 % (farine de BLÉ 25,5 % farine complète de BLÉ 20,8 %, farine d'AVOINE 2 %, farine complète d'ORGE 2 %, farine de SEIGLE 2 %), sucre, huiles végétales (palme, colza), cacao maigre en poudre 3,5 %, sirop de glucose, amidon de BLÉ, poudres à lever (carbonates d'ammonium, carbonates de sodium), sel, émulsifiant (lécithines de SOJA), LAIT écrémé en poudre, perméat de lactosérum (de LAIT), arômes.

PEUT CONTENIR OEUF.","['en:cereal', 'en:sugar', 'en:added-sugar', 'en:disaccharide', 'en:vegetable-oil', 'en:oil-and-fat', 'en:vegetable-oil-and-fat', 'en:fat-reduced-cocoa-powder', 'en:plant', 'en:cocoa', 'en:cocoa-powder', 'en:fat-reduced-cocoa', 'en:glucose-syrup', 'en:monosaccharide', 'en:glucose', 'en:wheat-starch', 'en:starch', 'en:e503', 'en:e500', 'en:salt', 'en:soya-lecithin', 'en:e322', 'en:e322i', 'en:skimmed-milk-powder', 'en:dairy', 'en:milk-powder', 'en:whey-permeate', 'en:whey', 'en:flavouring', 'fr:farine de BLÉ 25', 'fr:5\xa0% farine complète de BLÉ', 'en:oat-flour', 'en:flour', 'en:cereal-flour', 'en:oat', 'en:wholemeal-barley-flour', 'en:wholemeal-flour', 'en:barley', 'en:barley-flour', 'en:rye-flour', 'en:palm-oil', 'en:palm-oil-and-fat', 'en:colza-oil', 'en:rapeseed-oil']","['en:eggs', 'en:gluten', 'en:milk', 'en:soybeans']",['en:eggs'],fr
7610313390076,Herbamare original,"Sel marin, légumes et fines herbes frais&quot;, algue marine kelp. Légumes et fines herbes frais (33 % à la mise en oeuvre): céleri, poireau, cresson&quot;, oignon, ciboulette&quot;, persil&quot;, livèche, ail&quot;, basilic&quot;, marjolaine&quot;, romarin et thym&quot; (&quot;issus de l'agriculture biologique).","['en:sea-salt', 'en:salt', 'en:vegetable', 'en:herb', 'fr:algue marine kelp', 'en:leek', 'en:onion-family-vegetable', 'en:cress', 'en:leaf-vegetable', 'en:onion', 'en:root-vegetable', 'en:chives', 'en:parsley', 'en:lovage', 'en:garlic', 'en:basil', 'en:marjoram', 'en:rosemary', 'en:thyme', 'fr:à la mise en oeuvre']",['en:celery'],[],fr
7622210869616,Chocolat Bio noir 85%,"Pâte de cacao, beurre de cacao, cacao maigre en poudre, sucre de canne, extrait de vanille. Peut contenir fruits à coque et lait","['en:cocoa-paste', 'en:plant', 'en:cocoa', 'en:cocoa-butter', 'en:oil-and-fat', 'en:vegetable-oil-and-fat', 'en:vegetable-fat', 'en:fat-reduced-cocoa-powder', 'en:cocoa-powder', 'en:fat-reduced-cocoa', 'en:cane-sugar', 'en:added-sugar', 'en:disaccharide', 'en:sugar', 'en:vanilla-extract', 'en:extract', 'en:vanilla', 'en:vegetable-extract']",[],"['en:milk', 'en:nuts']",fr
3083680901024,Ratatouille Cuisinée à la Provençal,"Dès d'aubergines préfrites 25% (aubergines 22%, huile de tournesol), dès de courgettes 25%, purée de tomates mi-réduite 20%, oignons en dès 13%, poivrons rouges en dès 8%, double concentré de tomate 3%, huile d'olive vierge extra 2%, sucre 1,3%, sel, ail, jus concentré de citron, farine de BLE, thym 0.1%.","['fr:aubergine-prefrite', 'en:vegetable', 'en:fruit-vegetable', 'en:aubergine', 'fr:dès de courgettes', 'fr:puree-de-tomate-mi-reduite', 'en:tomato', 'en:tomato-puree', 'fr:oignons en dès', 'fr:poivrons rouges en dès', 'en:double-concentrated-tomato', 'en:concentrate', 'en:tomato-concentrate', 'en:extra-virgin-olive-oil', 'en:oil-and-fat', 'en:vegetable-oil-and-fat', 'en:vegetable-oil', 'en:olive-oil', 'en:virgin-olive-oil', 'en:sugar', 'en:added-sugar', 'en:disaccharide', 'en:salt', 'en:garlic', 'en:root-vegetable', 'en:onion-family-vegetable', 'en:concentrated-lemon-juice', 'en:fruit', 'en:juice', 'en:fruit-juice', 'en:lemon-juice', 'en:wheat-flour', 'en:cereal', 'en:flour', 'en:wheat', 'en:cereal-flour', 'en:thyme', 'en:herb', 'en:sunflower-oil']","['en:gluten', 'en:Cereals with Gluten']",[],fr
3760020508388,Tartined Craquantes Châtaigne,"Farine de riz*, farine de châtaigne* 25 %, sel marin.
*Produits issus de l'agriculture biologique.","['en:rice-flour', 'en:flour', 'en:rice', 'en:chestnut-flour', 'en:sea-salt', 'en:salt']",[],[],fr
7322540548563,jempo,,,[],[],fr
3023260030928,Salakis 100% Brebis,"Fromage de brebis au lait pasteurisé. 

Lait origine: France. Convient aux végétariens.","['fr:fromage-de-brebis-au-lait-pasteurise', 'en:dairy', 'en:cheese', 'en:sheep-s-milk-cheese', 'en:milk']",['en:milk'],[],fr
6111032006718,Danette,milb 17 00 فلان کرآميل 33 يستهلك حتى: 21/04 15:24 رقم الإعتماد الصحی LPL;3.1.13 :ONSSA د المكونات: سکر، مسحوق الحليب بدون قشدة، مغطى بالكراميل، قشدة، مخثر )نشاء 20 20 و U0 مكالمة حرة 80غ 25 کراکینان(، نكهة، ملون طبيعي )با کاروتين(،مثبت )فوسفاط الصوديوم( م هن%1و2 6111032&quot;006718 الحاج قدور. مكناس - المغرب انتهاء الصلاحية - 30 يوم يحفظ في 5° على الأكثر. سنطرال دانون - طريق قلان كرامیل۔ تاريخ الإنتاج = تاریخ %3D,"['fr:milb 17 00 فلان کرآميل 33 يستهلك حتى', 'fr:24 رقم الإعتماد الصحی LPL', 'fr:3.1.13', 'fr:سکر', 'fr:مسحوق الحليب بدون قشدة', 'fr:مغطى بالكراميل', 'fr:قشدة', 'fr:مخثر )نشاء 20 20 و U0 مكالمة حرة 80غ 25 کراکینان', 'fr:با کاروتين', 'fr:فوسفاط الصوديوم', 'fr:م هن%1و2 6111032""006718 الحاج قدور', 'fr:مكناس', 'fr:المغرب انتهاء الصلاحية', 'fr:30 يوم يحفظ في 5° على الأكثر', 'fr:سنطرال دانون', 'fr:طريق قلان كرامیل۔ تاريخ الإنتاج = تاریخ %3D', 'fr:21', 'fr:04 15', 'fr:ONSSA د المكونات', 'fr:نكهة', 'fr:ملون طبيعي', 'fr:مثبت']",['en:milk'],['en:nuts'],fr
6111252422008,AQUAFINA,Coal.com سورية درهم المفتوح 13.00 Dh COMPOSITION INDICATIVE MOYENNE EN mg/L Dhse PVS معدل التركيب كانيونات جزء من المليون CATIONS Calcium &lt;1.0 Magnesium 20 Sodium 2.0 Potassium &lt;1.0 Fer 0.02 pH 6.5-8.5 COMPOSITION INDICATIVE MOYENNE EN mg/L ANIONS Chlorures Bicarbonates 1.3 3.0 Carbonate &lt;1.0 Nitrates &lt;0.5 Fluorure &lt;0.5 Sulfates 86 TDS 105 كالسيوم مغنيسيوم صوديوم بوتاسيوم حديد الرقم الهيدروجيني معدل التركيب اليونات جزء من المليون كلورير بيكربونات كربونات انیترات حفلة كيده كبريتات الأملاح الكلية الذائبة,"['fr:Coal.com سورية درهم المفتوح 13.00 Dh COMPOSITION INDICATIVE MOYENNE EN mg', 'fr:L Dhse PVS معدل التركيب كانيونات جزء من المليون CATIONS Calcium <1.0 Magnesium 20 Sodium 2.0 Potassium <1.0 Fer 0.02 pH 6.5-8.5 COMPOSITION INDICATIVE MOYENNE EN mg', 'fr:L ANIONS Chlorures Bicarbonates 1.3 3.0 Carbonate <1.0 Nitrates <0.5 Fluorure <0.5 Sulfates 86 TDS 105 كالسيوم مغنيسيوم صوديوم بوتاسيوم حديد الرقم الهيدروجيني معدل التركيب اليونات جزء من المليون كلورير بيكربونات كربونات انیترات حفلة كيده كبريتات الأملاح الكلية الذائبة']",[],[],fr
5900951311505,SNICKERS,"milk chocolate (sugar, cocoa butter, chocolate, skim milk, lactose, milkfat, soy lecithin), peanuts, corn syrup, sugar, palm oil, skim milk, lactose, salt, egg whites, artificial flavor, peanuts, milk, egg and soy, tree nuts,","['en:milk-chocolate', 'en:chocolate', 'en:peanut', 'en:nut', 'en:corn-syrup', 'en:added-sugar', 'en:monosaccharide', 'en:syrup', 'en:glucose', 'en:sugar', 'en:disaccharide', 'en:palm-oil', 'en:oil-and-fat', 'en:vegetable-oil-and-fat', 'en:palm-oil-and-fat', 'en:skimmed-milk', 'en:dairy', 'en:milk', 'en:lactose', 'en:salt', 'en:egg-white', 'en:egg', 'en:artificial-flavouring', 'en:flavouring', 'en:soya', 'en:tree-nut', 'en:cocoa-butter', 'en:plant', 'en:vegetable-fat', 'en:cocoa', 'en:milkfat', 'en:fat', 'en:soya-lecithin', 'en:e322', 'en:e322i']","['en:eggs', 'en:milk', 'en:nuts', 'en:peanuts', 'en:soybeans']",['en:nuts'],en
5449000267412,Coca-Cola goût original,"eau gazéifiée, sucre, colorant (E150d), acidifiant (acide phosphorique), arômes naturels, caféine","['en:carbonated-water', 'en:water', 'en:sugar', 'en:added-sugar', 'en:disaccharide', 'en:e150d', 'en:e338', 'en:natural-flavouring', 'en:flavouring', 'en:caffeine']",[],[],fr
3175681135895,Moelleux chocolat noix,"Farine de blé 23,6%, huile de colza 15,3%, sirop de sucre inverti, stabilisant : glycérol d'origine végétale, noix 5,9%, pépites de chocolat 5,2% (pâte de cacao, sucre, beurre de cacao, émulsifiant: lécithines (soja)), stabilisant : sorbitols, fibres de blé, amidon de blé, flocons de blé, flocons de soja, lait écrémé en poudre, cacao maigre en poudre, fibres d'avoine, émulsifiant : lécithines, flocons d'orge, flocons de seigle, flocons d'avoine, poudres à lever (acide citrique, carbonates de sodium), sel de mer.","['en:wheat-flour', 'en:cereal', 'en:flour', 'en:wheat', 'en:cereal-flour', 'en:colza-oil', 'en:oil-and-fat', 'en:vegetable-oil-and-fat', 'en:rapeseed-oil', 'en:invert-sugar-syrup', 'en:added-sugar', 'en:disaccharide', 'en:monosaccharide', 'en:syrup', 'en:invert-sugar', 'en:sugar-syrup', 'en:stabiliser', 'en:walnut', 'en:nut', 'en:tree-nut', 'en:chocolate-chunk', 'en:chocolate', 'en:wheat-fiber', 'en:fiber', 'en:vegetable-fiber', 'en:wheat-starch', 'en:starch', 'en:wheat-flakes', 'en:soya', 'en:skimmed-milk-powder', 'en:dairy', 'en:milk-powder', 'en:fat-reduced-cocoa-powder', 'en:plant', 'en:cocoa', 'en:cocoa-powder', 'en:oat-fibre', 'en:oat', 'en:emulsifier', 'en:barley-flakes', 'en:barley', 'en:rye-flakes', 'en:rye', 'en:oat-flakes', 'en:raising-agent', 'en:sea-salt', 'en:salt', 'en:cocoa-paste', 'en:sugar', 'en:cocoa-butter', 'en:e420', 'en:e322', 'en:e330', 'en:e500', 'en:soya-lecithin', 'en:e322i']","['en:gluten', 'en:milk', 'en:nuts', 'en:soybeans', 'fr:Avoine']","['en:eggs', 'en:lupin', 'en:nuts']",fr
8410376037784,Sandwich Zero Sin Azúcares,"Harina de _trigo_ 47%, crema de chocolate 37% (edulcorante (maltitol), grasa vegetal (palma), cacao desgrasado en polvo 12%, almidón de _trigo_, _leche_ desnatada en polvo, proteínas de la _leche_, emulgente (lecitina de _soja_), aroma), edulcorante (maltitol), aceite vegetal (girasol alto oleico), fibra vegetal, _leche_ desnatada en polvo, proteínas de la _leche_, gasificantes (carbonato ácido de sodio, carbonato ácido de amonio), sal, emulgente (lecitina de _soja_), aromas, antioxidante (metabisulfito sódico).","['en:wheat-flour', 'en:cereal', 'en:flour', 'en:wheat', 'en:cereal-flour', 'en:chocolate-cream', 'en:chocolate', 'en:e965', 'en:vegetable-oil', 'en:oil-and-fat', 'en:vegetable-oil-and-fat', 'en:vegetable-fiber', 'en:fiber', 'en:skimmed-milk-powder', 'en:dairy', 'en:milk-powder', 'en:milk-proteins', 'en:protein', 'en:animal-protein', 'en:e500ii', 'en:e500', 'en:e503ii', 'en:e503', 'en:salt', 'en:soya-lecithin', 'en:e322', 'en:e322i', 'en:flavouring', 'en:e223', 'en:vegetable-fat', 'en:fat-reduced-cocoa-powder', 'en:plant', 'en:cocoa', 'en:cocoa-powder', 'en:fat-reduced-cocoa', 'en:wheat-starch', 'en:starch', 'en:high-oleic-sunflower-oil', 'en:sunflower-oil', 'en:palm-fat', 'en:palm-oil-and-fat']","['en:gluten', 'en:milk', 'en:soybeans', 'en:sulphur-dioxide-and-sulphites']",['en:mustard'],es
4056489997511,Bio Hafer,"Wasser, 10,5% Hafer' fermentiert, Sonnenblumenöl, Inulin', Meersalz. ¹aus kontrolliert ökologischem Anbau. Ungeöffnet","['en:water', 'en:oat', 'en:cereal', 'en:sunflower-oil', 'en:oil-and-fat', 'en:vegetable-oil-and-fat', 'en:vegetable-oil', 'en:inulin', 'en:fiber', 'en:vegetable-fiber', 'en:sea-salt', 'en:salt', 'de:Ungeöffnet']",[],[],de
6111273590021,Acyl,"5L Composition minerale en mg/1 Residu seca 110C: 186 Sodium 65 Potassium 0,6 Magnésium 30 Calcium 60 Chlorures 14,93 Sulfates 243 Bicarbonates 3145 Nitrates 161","['fr:Composition minerale en mg', 'fr:1 Residu seca 110C', 'fr:186 Sodium 65 Potassium 0‚6 Magnésium 30 Calcium 60 Chlorures 14‚93 Sulfates 243 Bicarbonates 3145 Nitrates 161']",[],[],fr
3281780893915,Mon Taboulé Oriental,"Semoule de blé réhydratée 56% (semoule de blé, eau), légumes (poivrons, tomates, oignons), jus de citron à base de concentré, huile d'olive vierge extra, huile de colza, raisins secs, menthe, épices, vinaigre d'alcool, sel, conservateur: sorbate de potassium.","['en:wheat', 'en:cereal', 'en:vegetable', 'en:lemon-juice-from-concentrate', 'en:fruit', 'en:juice', 'en:fruit-juice', 'en:lemon-juice', 'en:extra-virgin-olive-oil', 'en:oil-and-fat', 'en:vegetable-oil-and-fat', 'en:vegetable-oil', 'en:olive-oil', 'en:virgin-olive-oil', 'en:colza-oil', 'en:rapeseed-oil', 'en:raisin', 'en:berries', 'en:dried-fruit', 'en:grape', 'en:mint', 'en:herb', 'en:spice', 'en:condiment', 'en:alcohol-vinegar', 'en:vinegar', 'en:salt', 'en:e202', 'en:wheat-semolina', 'en:semolina', 'en:water', 'en:bell-pepper', 'en:fruit-vegetable', 'en:capsicum-annuum', 'en:tomato', 'en:onion', 'en:root-vegetable', 'en:onion-family-vegetable']",['en:gluten'],"['en:celery', 'en:crustaceans', 'en:eggs', 'en:fish', 'en:gluten', 'en:milk', 'en:mustard', 'en:nuts', 'en:peanuts', 'en:sesame-seeds', 'en:soybeans']",fr
3021690201123,Lentilles Cuisinées à l'Auvergnate,"Eau, lentilles précuites 28%, couenne de porc, saindoux, oignons 1%, arôme naturel, farine de BLE, carottes 0,7%, graisse de canard, plante aromatique, arôme naturel de poivre avec autres arômes naturels, affermissant: chlorure de calcium, arôme naturel de CELERI. Traces éventuelles de : œuf, lait, moutarde.","['en:water', 'en:precooked-lentils', 'en:vegetable', 'en:legume', 'en:pulse', 'en:lentils', 'fr:couenne-de-porc', 'en:animal', 'en:meat', 'en:pork', 'en:pork-meat', 'en:lard', 'en:oil-and-fat', 'en:fat', 'en:animal-fat', 'en:pork-fat', 'en:onion', 'en:root-vegetable', 'en:onion-family-vegetable', 'en:natural-flavouring', 'en:flavouring', 'en:wheat-flour', 'en:cereal', 'en:flour', 'en:wheat', 'en:cereal-flour', 'en:carrot', 'en:taproot-vegetable', 'en:duck-fat', 'en:poultry-fat', 'en:herb', 'en:natural-pepper-flavouring', 'en:firming-agent', 'fr:arome-naturel-de-celeri', 'en:stalk-vegetable', 'en:celery', 'en:e509']","['en:celery', 'en:gluten']","['en:eggs', 'en:milk', 'en:mustard']",fr
7613035694989,Boulettes aux Légumes,"Eau, huiles végétales (tournesol, colza) en proportion variable, carottes 12,9%, petits pois 10,5%, maïs 8,2%, GLUTEN de BLÉ 7.9%, farine de SOJA 7.0%, oignons, flocon de pomme de terre, correcteur d'acidité : vinaigre tamponné ; poivron rouge 2.5%, stabilisant : méthylcellulose; oignon en poudre, amidon de maïs, sel, fibres d'agrumes, vinaigre d'alcool, poivre noir, curcuma. Peut contenir : OEUFS.","['en:water', 'en:vegetable-oil', 'en:oil-and-fat', 'en:vegetable-oil-and-fat', 'en:carrot', 'en:vegetable', 'en:root-vegetable', 'en:taproot-vegetable', 'en:garden-peas', 'en:pod-and-seed-vegetable', 'en:legume', 'en:pea', 'en:green-peas', 'en:corn', 'en:cereal', 'en:wheat-gluten', 'en:gluten', 'en:soya-flour', 'en:flour', 'en:pulse', 'en:soya', 'en:soya-bean', 'en:onion', 'en:onion-family-vegetable', 'en:potato-flakes', 'en:starchy-root-vegetable', 'en:tuber', 'en:potato', 'en:e267', 'en:red-bell-pepper', 'en:fruit-vegetable', 'en:capsicum-annuum', 'en:bell-pepper', 'en:e461', 'en:onion-powder', 'en:corn-starch', 'en:starch', 'en:salt', 'en:citrus-fibre', 'en:fiber', 'en:vegetable-fiber', 'en:alcohol-vinegar', 'en:vinegar', 'en:black-pepper', 'en:seed', 'en:pepper', 'en:turmeric', 'en:condiment', 'en:spice', 'en:sunflower-oil', 'en:colza-oil', 'en:rapeseed-oil']","['en:celery', 'en:eggs', 'en:gluten', 'en:soybeans']","['en:celery', 'en:eggs', 'en:mustard', 'en:sesame-seeds']",fr
6111251420272,Aïn Ifran Eau minérale naturelle,mineral water,"['en:mineral-water', 'en:water']",[],[],en
3254380008430,"CRISTALINE Eau De Source Pétillante 1,5L",Eau de Source avec adjonction de gaz carbonique,"['en:carbonated-spring-water', 'en:water', 'en:carbonated-water', 'en:spring-water']",[],[],fr
3229820797946,Muesli sans sucres ajoutés raisin figue datte abricot,"Flocons d'avoine* complète, Flocons de blé* complet, Raisins* 8% (raisins*, huile de tournesol*), Figues* séchées 8% (figues*, farine de riz, Flocons d'épeautre* complet (blé), Pétales de maïs*, Dattes* 4% (dattes*, farine de riz*), Abricots* secs 3% (abricots*, farine de riz*), Graines de tournesol*, Pétales d'épeautre* complet (blé), Graines de lin*, Graines de courge*.","['en:whole-grain-oat-flakes', 'en:cereal', 'en:oat', 'en:oat-flakes', 'en:wholemeal-oat', 'en:whole-wheat-flakes', 'en:wheat', 'en:whole-wheat', 'en:wheat-flakes', 'en:grape', 'en:fruit', 'en:berries', 'en:dried-fig', 'en:fig', 'en:rice-flour', 'en:flour', 'en:rice', 'en:whole-grain-spelt-flakes', 'en:spelt', 'en:whole-spelt', 'en:spelt-flakes', 'en:corn-flakes', 'en:corn', 'en:date', 'en:dried-apricots', 'en:prunus-species-fruit', 'en:apricot', 'en:sunflower-seed', 'en:plant', 'en:seed', 'en:sunflower', ""fr:Pétales d'épeautre* complet"", 'en:flax-seed', 'en:flax', 'en:pumpkin-seed', 'en:vegetable', 'en:fruit-vegetable', 'en:pumpkin', 'en:sunflower-oil', 'en:oil-and-fat', 'en:vegetable-oil-and-fat', 'en:vegetable-oil']",['en:gluten'],"['en:milk', 'en:nuts', 'en:sesame-seeds', 'en:soybeans']",fr
3168930170549,Ice tea,"Eau,sucre,fructose,acidifiants (acide citrique, acide malique),extrait de thé noir⁽¹⁾ (0,12%),jus de pêche à base de concentré (0,1%),correcteur d'acidité (citrate trisodique),arômes,antioxydant (acide ascorbique),édulcorant (Glycosides de stéviol issus de Stevia),⁽¹⁾ Certifié Rainforest Alliance.,Plus d'informations sur ra.org.,People and nature = l'humain et la nature.","['en:water', 'en:sugar', 'en:added-sugar', 'en:disaccharide', 'en:fructose', 'en:monosaccharide', 'en:e330', 'en:e296', 'fr:extrait de thé noir⁽¹⁾', 'en:peach', 'en:fruit', 'en:prunus-species-fruit', 'en:sodium-citrate', 'en:minerals', 'en:sodium', 'en:flavouring', 'en:e300', 'en:e960a', 'fr:⁽¹⁾ Certifié Rainforest Alliance', ""fr:Plus d'informations sur ra.org"", ""fr:People and nature = l'humain et la nature""]",[],[],fr
6111266963283,,حليب طري كامل مسحوق الحليب بدون قشدة، مختر نشاء لاكتاز، خمائر حليبية مختارة,"['ar:حليب طري كامل مسحوق الحليب بدون قشدة', 'ar:مختر نشاء لاكتاز', 'ar:خمائر حليبية مختارة']",['en:milk'],[],en
3228857001101,Beau & bon à la farine complète de blé,"Farines 57% (farine complète de BLÉ 28,6%, farine de BLÉ 28,4%), eau, graines de tournesol 6,1%, son de BLÉ 4,2%, graines de lin brun 3,1%, huile de colza, gluten de BLÉ, levure, arôme (contient alcool), sel, vinaigre, extrait d'acérola. Peut contenir des traces d'OEUF, SOJA, LAIT, FRUITS A COQUE, GRAINES DE SÉSAME, LUPIN et MOUTARDE.","['en:flour', 'en:water', 'en:sunflower-seed', 'en:plant', 'en:seed', 'en:sunflower', 'en:wheat-bran', 'en:cereal', 'en:wheat', 'en:brown-flax-seeds', 'en:flax', 'en:flax-seed', 'en:colza-oil', 'en:oil-and-fat', 'en:vegetable-oil-and-fat', 'en:rapeseed-oil', 'en:wheat-gluten', 'en:gluten', 'en:yeast', 'en:flavouring', 'en:salt', 'en:vinegar', 'en:acerola-juice', 'en:fruit', 'en:juice', 'en:fruit-juice', 'en:acerola', 'en:whole-wheat-flour', 'en:cereal-flour', 'en:wholemeal-flour', 'en:wheat-flour']",['en:gluten'],"['en:eggs', 'en:lupin', 'en:milk', 'en:mustard', 'en:nuts', 'en:sesame-seeds', 'en:soybeans']",fr
3175681134904,Sablé Nature sans sucres,"Farine de blé 58,4%, édulcorant : maltitols d'origine végétale, huile de colza, amidon de blé, fibre de blé, arômes naturels, poudres à lever (acide citrique, carbonates d'ammonium), sel de mer, émulsifiant : lécithines.","['en:wheat-flour', 'en:cereal', 'en:flour', 'en:wheat', 'en:cereal-flour', 'en:sweetener', 'en:colza-oil', 'en:oil-and-fat', 'en:vegetable-oil-and-fat', 'en:rapeseed-oil', 'en:wheat-starch', 'en:starch', 'en:wheat-fiber', 'en:fiber', 'en:vegetable-fiber', 'en:natural-flavouring', 'en:flavouring', 'en:raising-agent', 'en:sea-salt', 'en:salt', 'en:emulsifier', 'en:e330', 'en:e503', 'en:e322']",['en:gluten'],"['en:eggs', 'en:lupin', 'en:milk', 'en:nuts', 'en:soybeans']",fr
7622300685782,Philadelphia nature 300g,"whole milk, cream, milk protein preparation, whey permeate milk concentrate, salt, stabilizers (carob seed flour), acidifier (citric acid),","['en:whole-milk', 'en:dairy', 'en:milk', 'en:cream', 'en:milk protein preparation', 'en:whey permeate milk concentrate', 'en:salt', 'en:stabiliser', 'en:acid', 'en:carob-seed-flour', 'en:vegetable', 'en:flour', 'en:legume', 'en:pulse', 'en:carob-bean', 'en:e330']",['en:milk'],[],en
3263670162219,Plain Sardines,"Sardines,water,lemon pulp,salt.","['en:sardine', 'en:fish', 'en:oily-fish', 'en:water', 'en:lemon-pulp', 'en:fruit', 'en:citrus-fruit', 'en:lemon', 'en:salt']",['en:fish'],[],en
7613035859098,NESTLÉ DESSERT 70% Absolu 170g,"Pâte de cacao¹ (Afrique de l'Ouest, Amérique du Sud), sucre, beurre de cacao¹, BEURRE pâtissier, arôme naturel de vanille de Madagascar. Peut contenir : FRUITS À COQUE. Cacao : 70% minimum. *Bilan massique certifié Rainforest Alliance www.ra.org","['en:cocoa-paste', 'en:plant', 'en:cocoa', 'en:sugar', 'en:added-sugar', 'en:disaccharide', 'en:cocoa-butter', 'en:oil-and-fat', 'en:vegetable-oil-and-fat', 'en:vegetable-fat', 'en:butterfat', 'en:fat', 'en:dairy', 'en:milkfat', 'fr:arome-naturel-de-vanille-de-madagascar', 'en:flavouring', 'en:natural-flavouring', 'en:vanilla-flavouring', 'en:natural-vanilla-flavouring', 'fr:Bilan massique certifié Rainforest Alliance www.ra.org']",['en:milk'],['en:nuts'],fr
6111250472708,Jben AKNAZ,"Fromage frais, crème, eau, proteines laitières, sel. épaississants (E407, E410), conservateur, arôme.","['en:soft-white-cheese', 'en:dairy', 'en:cheese', 'en:cream', 'en:water', 'en:milk-proteins', 'en:protein', 'en:animal-protein', 'en:salt', 'en:thickener', 'en:preservative', 'en:flavouring', 'en:e407', 'en:e410']",['en:milk'],[],fr
6111246722084,cream-cheese,"lait écrémé pasteurisé, crème pasteurisée, ferments lactiques, présure, sel","['en:pasteurized-skimmed-milk', 'en:dairy', 'en:milk', 'en:skimmed-milk', 'en:cream', 'en:lactic-ferments', 'en:ferment', 'en:microbial-culture', 'en:rennet', 'en:enzyme', 'en:coagulating-enzyme', 'en:salt']",['en:milk'],[],fr
3175681116863,Sablé sésame saveur vanille,"Farine de blé 54%, édulcorant : maltitols d'origine végétale, huile de colza, amidon de blé, sésame toasté 5,7%, fibre de blé, sel de mer, poudres à lever (acide citrique, carbonates d'ammonium), émulsifiant : lécithines, arôme naturel.","['en:wheat-flour', 'en:cereal', 'en:flour', 'en:wheat', 'en:cereal-flour', 'en:sweetener', 'en:colza-oil', 'en:oil-and-fat', 'en:vegetable-oil-and-fat', 'en:rapeseed-oil', 'en:wheat-starch', 'en:starch', 'en:sesame', 'en:seed', 'en:wheat-fiber', 'en:fiber', 'en:vegetable-fiber', 'en:sea-salt', 'en:salt', 'en:raising-agent', 'en:emulsifier', 'en:natural-flavouring', 'en:flavouring', 'en:e330', 'en:e503', 'en:e322']","['en:gluten', 'en:sesame-seeds']","['en:eggs', 'en:lupin', 'en:milk', 'en:nuts', 'en:soybeans']",fr
5053990101597,Sour Cream & Onion,"Dehydrated potatoes, vegetable oils (Conflower, corn), rice flour, wheat starch, corn flour, sour cream & onion flavour, wheat starch, flavour enhancers (monosodium glutamate, disodium guanylate, disodium inosinate}, onion powder, maltodextrin, salt, dextrose, sunflower oil, sugar, sweet whey powder (milk), potato starch, modified maize starch, acids (citric acid, lactic acid, malic acid), sour cream powder (milk)*, natural and nature identical flavourings onion powder and sour cream yeast extract, glucose syrup, four), emulsifier (E471) colour (annatto). milk.","['en:potato', 'en:vegetable', 'en:root-vegetable', 'en:tuber', 'en:vegetable-oil', 'en:oil-and-fat', 'en:vegetable-oil-and-fat', 'en:rice-flour', 'en:flour', 'en:rice', 'en:wheat-starch', 'en:starch', 'en:corn-flour', 'en:cereal', 'en:corn', 'en:sour-cream', 'en:dairy', 'en:cream', 'en:onion-flavouring', 'en:flavouring', 'en:e621', 'en:e627', 'en:e631', 'en:onion-powder', 'en:onion-family-vegetable', 'en:onion', 'en:maltodextrin', 'en:salt', 'en:dextrose', 'en:added-sugar', 'en:monosaccharide', 'en:glucose', 'en:sunflower-oil', 'en:sugar', 'en:disaccharide', 'en:sweet-whey-powder', 'en:whey', 'en:sweet-whey', 'en:potato-starch', 'en:modified-corn-starch', 'en:corn-starch', 'en:modified-starch', 'en:e330', 'en:e270', 'en:e296', 'en:s onion powder and sour cream yeast extract', 'en:glucose-syrup', 'en:four', 'en:e471', 'en:e160b', 'en:milk', 'en:Conflower', 'en:natural-flavouring', 'en:nature-identical-flavouring']","['en:gluten', 'en:milk']",['en:\x1fen:gluten\x1f  \x1fen:milk\x1f'],ro
7622210416629,La Biscotte 96% de céréales,"Farine de blé 96 %, huile de palme, sucre, levure, sel, émulsifiants (E471, E481), agent de traitement de la farine (acide ascorbique).","['en:wheat-flour', 'en:cereal', 'en:flour', 'en:wheat', 'en:cereal-flour', 'en:palm-oil', 'en:oil-and-fat', 'en:vegetable-oil-and-fat', 'en:palm-oil-and-fat', 'en:sugar', 'en:added-sugar', 'en:disaccharide', 'en:yeast', 'en:salt', 'en:e471', 'en:e481', 'en:e300']",['en:gluten'],"['en:eggs', 'en:milk', 'en:sesame-seeds']",fr
6111035001710,Ain Atlas,Eau minérale naturelle,"['en:natural-mineral-water', 'en:water', 'en:mineral-water']",[],[],fr
8402001010873,Muesli Crunchy,"Copos de avena (gluten) (52%), fibras vegetales (achicoria, maiz), harina (20%) (arroz, trigo (gluten)), aceite de girasol alto oleico, extracto de malta de cebada (gluten), aromas, sal. Puede contener trazas de frutos de cáscara, soja, leche, cacahuetes, semillas de sésamo, sulfitos y mostaza.","['en:oat-flakes', 'en:cereal', 'en:oat', 'en:fiber', 'en:flour', 'en:high-oleic-sunflower-oil', 'en:oil-and-fat', 'en:vegetable-oil-and-fat', 'en:vegetable-oil', 'en:sunflower-oil', 'en:barley-malt-extract', 'en:malt', 'en:malted-barley', 'en:flavouring', 'en:salt', 'en:chicory-fibre', 'en:vegetable', 'en:shoot-vegetable', 'en:vegetable-fiber', 'en:chicory', 'en:corn-fiber', 'en:rice', 'en:wheat']","['en:gluten', 'en:milk']","['en:gluten', 'en:milk', 'en:mustard', 'en:nuts', 'en:peanuts', 'en:sesame-seeds', 'en:soybeans', 'en:sulphur-dioxide-and-sulphites']",es
3760278866964,Beurre bio cacahuètes crunchy,"Arachide* 99.1%, sel 0.9%
* Ingrédients issus de l'agriculture biologique","['en:peanut', 'en:nut', 'en:salt']",['en:peanuts'],['en:nuts'],fr
8712100731822,Amora Spécialité à la Moutarde de Dijon aux Épices Savora Bocal 385g,"Moutarde de Dijon 40% (eau, graines de MOUTARDE brunes 10%, vinaigre d'alcool, sel, acidifiant : acide citrique, conservateur : DISULFITE de potassium), vinaigre de malt d'ORGE 27%, eau, farine de BLÉ, sucre, vinaigre d'alcool, sel, miel 1,4%, épices et aromates 0,8% (curcuma, cannelle, ail, noix de muscade, oignon, graines de CÉLERI, piment de Cayenne, clou de girofle, graines de MOUTARDE blanches, estragon).","['en:dijon-mustard', 'en:mustard', 'en:barley-malt-vinegar', 'en:vinegar', 'en:malt-vinegar', 'en:water', 'en:wheat-flour', 'en:cereal', 'en:flour', 'en:wheat', 'en:cereal-flour', 'en:sugar', 'en:added-sugar', 'en:disaccharide', 'en:alcohol-vinegar', 'en:salt', 'en:honey', 'en:spice', 'en:condiment', 'en:brown-mustard-seed', 'en:mustard-seed', 'en:brown-mustard', 'en:e330', 'en:e224', 'en:turmeric', 'en:cinnamon', 'en:garlic', 'en:vegetable', 'en:root-vegetable', 'en:onion-family-vegetable', 'en:nutmeg-nut', 'en:nutmeg', 'en:onion', 'en:celery-seed', 'en:stalk-vegetable', 'en:celery', 'en:cayenne-pepper', 'en:clove', 'fr:graines de MOUTARDE blanches', 'en:tarragon', 'en:herb']","['en:celery', 'en:gluten', 'en:mustard', 'en:sulphur-dioxide-and-sulphites']",[],fr
8715700421353,Tomato ketchup,"Pomodori (148 g per 100 g Tomato Ketchup), aceto di alcool, zucchero, sale, estratti di spezie ed erbe aromatiche (contiene sedano), spezie.","['en:tomato', 'en:vegetable', 'en:fruit-vegetable', 'en:alcohol-vinegar', 'en:vinegar', 'en:sugar', 'en:added-sugar', 'en:disaccharide', 'en:salt', 'it:estratti di spezie ed erbe aromatiche', 'en:spice', 'en:condiment', 'it:per 100 g Tomato Ketchup']",['en:celery'],[],it
6111032000624,Lait naturel,lait entier uht,"['en:whole-milk', 'en:dairy', 'en:milk']",['en:milk'],[],fr
7622210770714,Moelleux goût choco-noisette,"Céréales 40,7 % [(farine de _blé_ 21,9 %, céréales complètes 16,4 % (sarrasin complet concassé 12,8 %, farine complète de _blé_ 0,9 %, farine complète d'_orge_ 0,9 %, farine complète d'épeautre (_blé_) 0,9%, flocons d'_avoine_ 0,9 %), farine de riz 2,3 %, farine de _blé_ malté 0,1%)], sucre, huile de colza, amidon modifié, inuline, isomaltulose , humectant (glycérol), amidon de maïs, cacao maigre en poudre 2,4 %, huile de palme, émulsifiant (lécithine de _soja_), agent de charge (maltitol), sel, poudre à lever (carbonate acide de sodium), minéraux (oxyde de magnésium, fer élémentaire), gluten de _blé_, dextrose, arômes, vitamines (vitamine B6, B9)), lait écrémé en poudre","['en:cereal', 'en:sugar', 'en:added-sugar', 'en:disaccharide', 'en:colza-oil', 'en:oil-and-fat', 'en:vegetable-oil-and-fat', 'en:rapeseed-oil', 'en:modified-starch', 'en:starch', 'en:inulin', 'en:fiber', 'en:vegetable-fiber', 'en:isomaltulose', 'en:e422', 'en:corn-starch', 'en:fat-reduced-cocoa-powder', 'en:plant', 'en:cocoa', 'en:cocoa-powder', 'en:fat-reduced-cocoa', 'en:palm-oil', 'en:palm-oil-and-fat', 'en:soya-lecithin', 'en:e322', 'en:e322i', 'en:e965', 'en:salt', 'en:e500ii', 'en:e500', 'en:minerals', 'en:wheat-gluten', 'en:gluten', 'en:dextrose', 'en:monosaccharide', 'en:glucose', 'en:flavouring', 'en:vitamins', 'en:vitamin-b6', 'en:folic-acid', 'en:folate', 'en:skimmed-milk-powder', 'en:dairy', 'en:milk-powder', 'en:wheat-flour', 'en:flour', 'en:wheat', 'en:cereal-flour', 'en:wholemeal-cereal', 'en:rice-flour', 'en:rice', 'en:malted-wheat-flour', 'en:e530', 'en:elemental-iron', 'en:iron', 'en:wholemeal-buckwheat', 'en:buckwheat', 'en:whole-wheat-flour', 'en:wholemeal-flour', 'en:wholemeal-barley-flour', 'en:barley', 'en:barley-flour', 'en:wholemeal-spelt-flour', 'en:spelt-flour', 'en:oat-flakes', 'en:oat']","['en:gluten', 'en:milk', 'en:soybeans', 'fr:Avoine', 'fr:avoine']",['en:milk'],fr
6111032004455,Dan up,"milk without whipped cream, milk powder without whipped cream, milky proteins, whipped cream, butter, coagulant (starch), flavor, yeast for yogurt,","['en:milk without whipped cream', 'en:milk powder without whipped cream', 'en:milky proteins', 'en:whipped-cream', 'en:dairy', 'en:cream', 'en:butter', 'en:starch', 'en:flavouring', 'en:yeast for yogurt']",['en:milk'],"['en:gluten', 'en:milk', 'en:nuts']",en
6111259347434,Biscotti,"Farine de blé, Graisses végétales (Palme), Sucre, Poudre levante (Bicarbonate de sodium E500ii), Carbonate de calcium, Emulsifiant d'origine végétale (lécithine de soja E322), Mixture de vitamines et Minéraux (Riboflavine B2, Vitamine B9, Fer, Vitamine B3, Vitamine B1), Sel et Arôme (Orange). Contient : Blé (céréales contenant du gluten) et Soja. Peut contenir des traces de lait, oeufs, fruits secs et arachides.","['en:wheat-flour', 'en:cereal', 'en:flour', 'en:wheat', 'en:cereal-flour', 'en:vegetable-fat', 'en:oil-and-fat', 'en:vegetable-oil-and-fat', 'en:sugar', 'en:added-sugar', 'en:disaccharide', 'en:e500ii', 'en:e500', 'en:e170i', 'en:e170', 'en:soya-lecithin', 'en:e322', 'en:e322i', 'fr:Mixture de vitamines', 'en:minerals', 'en:salt', 'en:flavouring', 'en:soya', 'en:palm-oil', 'en:palm-oil-and-fat', 'fr:Riboflavine B2', 'en:folic-acid', 'en:vitamins', 'en:folate', 'en:iron', 'en:e375', 'en:thiamin', 'en:orange-flavouring', 'en:cereals-containing-gluten']","['en:gluten', 'en:orange', 'en:soybeans']","['en:eggs', 'en:milk', 'en:nuts', 'en:peanuts']",fr
6111126005221,JBEN CHERGUI,"Crème fraîche, Fromage blanc, Protéines de lait, Eau, Amidon, Sel, Texturants (Agar - Gomme Xanthane), Arôme,","['en:fresh-cream', 'en:dairy', 'en:cream', 'en:fromage-blanc', 'en:cheese', 'en:milk-proteins', 'en:protein', 'en:animal-protein', 'en:water', 'en:starch', 'en:salt', 'fr:Texturants', 'en:flavouring', 'en:e406', 'en:e415']",['en:milk'],[],fr
3770018078144,La Vie Jambon Végétal,"Protéines de pois réhydratées 48%, Protéines de soja réhydratés, Arôme naturel, Jus concentré de radis, Sel, Correcteur d'acidité : acétates de potassium, Conservateur: acide lactique vegan","['en:pea-protein', 'en:protein', 'en:plant-protein', 'en:soy-protein', 'en:natural-flavouring', 'en:flavouring', 'fr:Jus concentré de radis', 'en:salt', 'en:e261', 'en:e270']",['en:soybeans'],"['en:eggs', 'en:milk', 'en:nuts']",fr
8410376026962,Digestive Avena Choco,"Copos de _avena_ 34%, harina integral de _trigo_  21%, chips de chocolate negro 15% (azúcar, pasta de cacao, dextrosa, manteca de cacao, emulgente (lecitina de _soja_)), aceite vegetal 14% (girasol alto oléico), azúcar, jarabe de glucosa y fructosa, gasificantes (carbonato ácido de sodio, carbonato ácido de amonio), sal.","['en:oat-flakes', 'en:cereal', 'en:oat', 'en:whole-wheat-flour', 'en:flour', 'en:wheat', 'en:cereal-flour', 'en:wholemeal-flour', 'en:wheat-flour', 'en:dark-chocolate-chunks', 'en:chocolate', 'en:dark-chocolate', 'en:vegetable-oil', 'en:oil-and-fat', 'en:vegetable-oil-and-fat', 'en:sugar', 'en:added-sugar', 'en:disaccharide', 'en:glucose-fructose-syrup', 'en:monosaccharide', 'en:fructose', 'en:glucose', 'en:e500ii', 'en:e500', 'en:e503ii', 'en:e503', 'en:salt', 'en:cocoa-paste', 'en:plant', 'en:cocoa', 'en:dextrose', 'en:cocoa-butter', 'en:vegetable-fat', 'en:soya-lecithin', 'en:e322', 'en:e322i', 'en:high-oleic-sunflower-oil', 'en:sunflower-oil']","['en:gluten', 'en:soybeans', 'es:Avena', 'es:avena']",['en:milk'],es
3259011799893,Galettes Boulgour & Sarrasin à l'Emmental,"Boulgour de blé complet réhydraté 46,3%, sarrasin* grillé réhydraté 17,4%, emmental* (sans présure animale) 10,3%, huiles végétales* 5,6% (huile de tournesol oléique* 5,3%, huile de tournesol* 0,3%), flocons de blé complet* 5,4%, oignons, flocons d'avoine complète* 3,1%, farine de blé 2%, gluten de blé 1,8%, sel de mer, poivre* 
*Ingrédients issus de l'agriculture biologique.","['en:whole-wheat-bulgur', 'en:cereal', 'en:wheat', 'en:durum-wheat', 'en:bulgur', 'en:buckwheat', 'en:emmental', 'en:dairy', 'en:cheese', 'en:vegetable-oil', 'en:oil-and-fat', 'en:vegetable-oil-and-fat', 'en:whole-wheat-flakes', 'en:whole-wheat', 'en:wheat-flakes', 'en:onion', 'en:vegetable', 'en:root-vegetable', 'en:onion-family-vegetable', 'en:whole-grain-oat-flakes', 'en:oat', 'en:oat-flakes', 'en:wholemeal-oat', 'en:wheat-flour', 'en:flour', 'en:cereal-flour', 'en:wheat-gluten', 'en:gluten', 'en:sea-salt', 'en:salt', 'en:pepper', 'en:seed', 'fr:sans présure animale', 'en:high-oleic-sunflower-oil', 'en:sunflower-oil']","['en:gluten', 'en:milk']","['en:celery', 'en:eggs', 'en:nuts', 'en:peanuts', 'en:sesame-seeds', 'en:soybeans']",fr
6111242101272,Muscly la force pour grandir,"Lait frais, crème, sucre, ferments lactiques, arôme fraise, colorant naturel. Matière grasse: 7,5%","['en:milk', 'en:dairy', 'en:cream', 'en:sugar', 'en:added-sugar', 'en:disaccharide', 'en:lactic-ferments', 'en:ferment', 'en:microbial-culture', 'en:strawberry-flavouring', 'en:flavouring', 'en:natural-colours', 'en:colour', 'en:fat', 'en:oil-and-fat']",['en:milk'],[],fr
6111021090056,Aicha Tomato Paste,التركيب : طماطم، ملح.,"['fr:التركيب', 'fr:ملح', 'fr:طماطم']",[],[],fr
3033710065967,NESQUIK Cacao,"Sucre, cacao maigre en poudre 23%*, émulsifiant : lécithine de SOJA, sel, vitamines : C, D, arôme naturel, cannelle. *Bilan massique certifié Rainforest Alliance www.ra.org/fr","['en:sugar', 'en:added-sugar', 'en:disaccharide', 'en:fat-reduced-cocoa-powder', 'en:plant', 'en:cocoa', 'en:cocoa-powder', 'en:fat-reduced-cocoa', 'en:soya-lecithin', 'en:e322', 'en:e322i', 'en:salt', 'en:vitamins', 'en:vitamin-c', 'en:vitamin-d', 'en:natural-flavouring', 'en:flavouring', 'en:cinnamon', 'en:condiment', 'en:spice', 'fr:Bilan massique certifié Rainforest Alliance www.ra.org', 'fr:fr']",['en:soybeans'],[],fr
3273220012123,petit billy,"_Lait_ de chèvre pasteurisé (origine : France, lait collecté à moins de 70 km de la fromagerie), sel, ferments lactiques","['en:pasteurised-goat-milk', 'en:dairy', 'en:milk', 'en:goat-milk', 'en:salt', 'en:lactic-ferments', 'en:ferment', 'en:microbial-culture']",['en:milk'],[],fr
6111032010128,Danone (zéro sucre ajouté zéro matière grasse),33337 دانون % 48 مواد دهنية سكر مضاف غني بالبروتين E : 26 JUL 1008E % شكل 21003,"['ar:33337 دانون % 48 مواد دهنية سكر مضاف غني بالبروتين E', 'ar:26 JUL 1008E % شكل 21003']",[],[],fr
5053990161669,Paprika Chips,"Dehydrated potatoes, sunflower oil, wheat flour, corn flour, rice flour, paprika seasoning (sugar, paprika powder, flavour enhancers (monosodium glutamate, disodium guanylate, disodium inosinate) dextrose, yeast powder, onion powder, salt, granulated broth (salt, hydrolysed vegetable protein, sunflower oil), flavourings, garlic powder, colour (paprika extract), acid (citric acid), sweet whey powder (milk)),  maltodextrin, emulsifier (E471), salt, colour (annatto norbixin). May contain soy.","['en:potato', 'en:vegetable', 'en:root-vegetable', 'en:starchy-root-vegetable', 'en:tuber', 'en:sunflower-oil', 'en:oil-and-fat', 'en:vegetable-oil-and-fat', 'en:vegetable-oil', 'en:wheat-flour', 'en:cereal', 'en:flour', 'en:wheat', 'en:cereal-flour', 'en:corn-flour', 'en:corn', 'en:rice-flour', 'en:rice', 'en:paprika seasoning', 'en:maltodextrin', 'en:e471', 'en:salt', 'en:e160b', 'en:sugar', 'en:added-sugar', 'en:disaccharide', 'en:paprika-powder', 'en:condiment', 'en:spice', 'en:paprika', 'en:e621', 'en:e627', 'en:e631', 'en:dextrose', 'en:monosaccharide', 'en:glucose', 'en:yeast-powder', 'en:yeast', 'en:onion-powder', 'en:onion-family-vegetable', 'en:onion', 'en:broth', 'en:flavouring', 'en:garlic-powder', 'en:garlic', 'en:e160c', 'en:e330', 'en:sweet-whey', 'en:dairy', 'en:whey', 'en:hydrolysed-vegetable-protein', 'en:protein', 'en:plant-protein']","['en:gluten', 'en:milk']",['en:soybeans'],nl
6111162001164,Delicia,"Fraises, sucre, acide citrique.","['en:strawberry', 'en:fruit', 'en:berries', 'en:sugar', 'en:added-sugar', 'en:disaccharide', 'en:e330']",[],[],fr
6111260680452,Marhaba,"Sucre, huile végétale (palm), poudre de cacao (8,3%), pâte de noisettes (8%), poudre de lait écrémé (7,2%), poudre de lactoserum, émulsifiants (lécithine de soja), arômes (vanilline).","['en:sugar', 'en:added-sugar', 'en:disaccharide', 'en:vegetable-oil', 'en:oil-and-fat', 'en:vegetable-oil-and-fat', 'en:cocoa-powder', 'en:plant', 'en:cocoa', 'en:hazelnut-paste', 'en:nut', 'en:tree-nut', 'en:hazelnut', 'en:skimmed-milk-powder', 'en:dairy', 'en:milk-powder', 'en:whey-powder', 'en:whey', 'en:soya-lecithin', 'en:e322', 'en:e322i', 'en:flavouring', 'fr:palm', 'en:vanillin-flavour']","['en:milk', 'en:nuts', 'en:soybeans']","['en:milk', 'en:nuts', 'en:peanuts']",fr
3168930173311,Doritos goût nature,"Maïs (83%), huile de colza, sel, antioxydants (extraits de romarin, acide ascorbique, extrait riche en tocopherols, acide citrique), Peut contenir: soja, blé (gluten), Il s'agit de la liste d'ingrédients typique de chips de maïs (type Tortillas) ou de galettes de maïs soufflées nature. [1] 
Voici ce qu'il faut retenir de cette composition :

* Ingrédient principal : Le maïs représente la grande majorité du produit (83 %).
* Matière grasse : L'huile de colza est utilisée, ce qui est généralement mieux perçu nutritionnellement que l'huile de palme.
* Additifs : Les antioxydants listés (romarin, acide ascorbique, tocophérols) sont d'origine naturelle et servent à éviter que l'huile ne rancisse.
* Allergènes : Attention si vous êtes allergique au soja ou intolérant au gluten, car des traces sont possibles. [2, 3, 4, 5, 6] 

C'est une composition plutôt &quot;propre&quot; et courte pour un produit industriel.
Souhaitez-vous vérifier si ce produit est adapté à un régime spécifique (sans gluten, vegan, etc.) ?

[1] [https://www.test-achats.be](https://www.test-achats.be/sante/alimentation-et-nutrition/chips)
[2] [https://fr.openfoodfacts.org](https://fr.openfoodfacts.org/produit/3263851355010/mais-doux-leader-price)
[3] [https://www.farmina.com](https://www.farmina.com/fr/farmina/2945-natural-&-delicious.html)
[4] [https://wlidaty.com](https://wlidaty.com/collections/quintesens)
[5] [https://www.pharmacie-forum-halles-paris.com](https://www.pharmacie-forum-halles-paris.com/oligobs-d3-k2-sante-osseuse-et-immunite-15ml-p53119)
[6] [https://fr.myprotein.com](https://fr.myprotein.com/p/nutrition-sportive/myvegan-protein-crisps-sample/12521554/)
Il ja du glutten dedans mais person le sais","['en:corn', 'en:cereal', 'en:colza-oil', 'en:oil-and-fat', 'en:vegetable-oil-and-fat', 'en:rapeseed-oil', 'en:salt', 'en:antioxidant', 'fr:il-s-agit-de-la-liste-d-ingredients-typique-de-chips-de-mais', 'fr:de-galettes-de-mais-soufflees-nature', 'fr:voici-ce-qu-il-faut-retenir-de-cette-composition', 'fr:le-mais-represente-la-grande-majorite-du-produit', 'en:fat', 'fr:ce-qui-est-generalement-mieux-percu-nutritionnellement-que-l-huile-de-palme', 'fr:additifs', 'en:e300', 'fr:tocopherols-sont', 'fr:car-des-traces-sont-possibles', 'fr:c-est-une-composition-plutot-propre-et-courte-pour-un-produit-industriel', 'fr:souhaitez-vous-verifier-si-ce-produit-est-adapte-a-un-regime-specifique', 'fr:il-ja-du-glutten-dedans-mais-person-le-sais', 'en:e392', 'en:vitamin-c', 'en:vitamins', 'en:e306', 'en:e330', 'fr:type-tortillas', 'fr:1', 'fr:ingredient-principal', 'fr:l-huile-de-colza-est-utilisee', 'fr:les-antioxydants-listes', 'en:rosemary', 'en:herb', 'fr:2', 'fr:3', 'fr:4', 'fr:5', 'fr:6', 'fr:vegan', 'fr:etc', 'fr:https', 'fr:www-test-achats-be', 'fr:sante', 'fr:alimentation-et-nutrition', 'fr:chips', 'fr:fr-openfoodfacts-org', 'fr:produit', 'fr:3263851355010', 'fr:mais-doux-leader-price', 'fr:www-farmina-com', 'fr:fr', 'fr:farmina', 'fr:2945-natural-delicious-html', 'fr:wlidaty-com', 'fr:collections', 'fr:quintesens', 'fr:www-pharmacie-forum-halles-paris-com', 'fr:oligobs-d3-k2-sante-osseuse-et-immunite-15ml-p53119', 'fr:fr-myprotein-com', 'fr:p', 'fr:nutrition-sportive', 'fr:myvegan-protein-crisps-sample', 'fr:12521554']",['en:gluten'],"['en:gluten', 'en:soybeans']",fr
5060042641406,Sea salt & cider vinegar,"Aardappelen, zonnebloemolie, aardappelmaltodextrine, zeezout, aardappelzetmeel, gedroogde appelazijn, gedroogde alcoholazijn, suiker, natuurlijke smaakstoffen, gedroogde moutazijn (_GERST_), appelpoeder, antioxidant (rozemarijnextract)","['en:potato', 'en:vegetable', 'en:root-vegetable', 'en:starchy-root-vegetable', 'en:tuber', 'en:sunflower-oil', 'en:oil-and-fat', 'en:vegetable-oil-and-fat', 'en:vegetable-oil', 'nl:aardappelmaltodextrine', 'en:sea-salt', 'en:salt', 'en:potato-starch', 'en:starch', 'en:apple-vinegar', 'en:vinegar', 'en:alcohol-vinegar', 'en:sugar', 'en:added-sugar', 'en:disaccharide', 'en:natural-flavouring', 'en:flavouring', 'en:malt-vinegar', 'en:apple', 'en:fruit', 'en:malaceous-fruit', 'en:e392', 'en:barley', 'en:cereal']",['en:gluten'],['en:milk'],nl
6111250470209,VIP Gold café instantané,Café soluble 100%,"['en:instant-coffee', 'en:coffee']",[],[],fr
6111243860376,Ice Passion,ماء غازي، سكر، عصير الليمون (3%)، عصير التفاح (2%)، محمض E330، مثبتات E1450 - E445، مادة حافظة E211، نكهة، محليات E950 - E955، ملونات E129 - E102 - E110.,"['ar:ماء غازي', 'en:sugar', 'en:added-sugar', 'en:disaccharide', 'ar:عصير الليمون', 'ar:عصير التفاح', 'ar:محمض e330', 'ar:مثبتات e1450', 'en:e445', 'ar:مادة حافظة e211', 'ar:نكهة', 'ar:محليات e950', 'en:e955', 'ar:ملونات e129', 'en:e102', 'en:e110']",[],[],ar
6111245370064,Levure,"Natural yeast (Saccharomyces cerevisiae), rehydrating agent (Sorbitan monostearate E491).","['en:natural-yeast', 'en:yeast', 'en:rehydrating agent', 'en:brewer-s-yeast', 'en:e491-rehydrating-agent']",[],[],fr
8000500435670,Protéines Cacahuètes & Chocolat Noir,"CACAHUETES 49,5%, miel, chocolat noir 12% (pâte de cacao, sucre de canne, beurre de cacao), croustillants de SOJA, noix de coco râpée déshydratée 7,5%, sirop de riz, sel Peut contenir LAIT, AMANDES, NOISETTES, NOIX, NOIX DE CAJOU, NOIX DE PECAN, NOIX DU BRESIL, PISTACHES, NOIX DE MACADAMIA","['en:peanut', 'en:nut', 'en:honey', 'en:added-sugar', 'en:dark-chocolate', 'en:chocolate', 'fr:croustillants de SOJA', 'en:coconut', 'en:fruit', 'en:rice-syrup', 'en:disaccharide', 'en:syrup', 'en:salt', 'en:cocoa-paste', 'en:plant', 'en:cocoa', 'en:cane-sugar', 'en:sugar', 'en:cocoa-butter', 'en:oil-and-fat', 'en:vegetable-oil-and-fat', 'en:vegetable-fat']","['en:peanuts', 'en:soybeans']","['en:milk', 'en:nuts']",fr
6111273780040,,water,['en:water'],[],[],ar
3068320114453,Badoit 1 L PET,Natürliches Mineralwasser mit Kohlensäure.,"['en:naturally-carbonated-natural-mineral-water', 'en:water', 'en:mineral-water', 'en:carbonated-water', 'en:natural-mineral-water', 'en:carbonated-natural-mineral-water']",[],[],de
8076809513388,Arrabbiata,"Polpa di pomodoro 70%, concentrato di pomodoro 13%, cipolla, olio di girasole, peperoni rossi 2%, aglio, prezzemolo, sale, zucchero, peperoncino 0,1%, aroma naturale","['en:tomato-pulp', 'en:vegetable', 'en:fruit-vegetable', 'en:tomato', 'en:chopped-tomato', 'en:tomato-concentrate', 'en:concentrate', 'en:onion', 'en:root-vegetable', 'en:onion-family-vegetable', 'en:sunflower-oil', 'en:oil-and-fat', 'en:vegetable-oil-and-fat', 'en:vegetable-oil', 'en:red-bell-pepper', 'en:capsicum-annuum', 'en:bell-pepper', 'en:garlic', 'en:parsley', 'en:herb', 'en:leaf-vegetable', 'en:salt', 'en:sugar', 'en:added-sugar', 'en:disaccharide', 'en:chili-pepper', 'en:natural-flavouring', 'en:flavouring']",[],[],it
3182189999805,Biscottes sans sel et sans sucre ajoutés,Farine de blé 70% - Farine de BLÉ complet 20% - gluten de BLÉ - Huile de tournesol - Levure boulangère - Agent de traitement de la farine : acide ascorbique.,"['en:wheat-flour', 'en:cereal', 'en:flour', 'en:wheat', 'en:cereal-flour', 'en:whole-wheat-flour', 'en:wholemeal-flour', 'en:wheat-gluten', 'en:gluten', 'en:sunflower-oil', 'en:oil-and-fat', 'en:vegetable-oil-and-fat', 'en:vegetable-oil', 'en:baker-s-yeast', 'en:yeast', 'en:flour-treatment-agent', 'en:e300']",['en:gluten'],[],fr
3175681297104,Matin Chocolat,"Farine complète de BLE 33%, farine de BLE 21,9%, sucre non raffiné, huile de colza, cacao maigre en poudre 4,9%, pépites de chocolat 4,9% (sucre, pâte de cacao, beurre de cacao, cacao maigre en poudre, émulsifiant : lécithines (SOJA), arôme naturel de vanille), flocons d'AVOINE complète 3,6%, flocons de SOJA toastés, flocons de BLE complet 3,6%, fibre de BLE, arôme naturel, émulsifiant : lécithines, poudres à lever (acide citrique, carbonates de sodium), magnésium, vitamines (PP, B5, B6, B2). Fabriqué dans un atelier qui utilise FRUITS A COQUE, LAIT, OEUF, SESAME","['en:whole-wheat-flour', 'en:cereal', 'en:flour', 'en:wheat', 'en:cereal-flour', 'en:wholemeal-flour', 'en:wheat-flour', 'en:unrefined-sugar', 'en:added-sugar', 'en:disaccharide', 'en:sugar', 'en:colza-oil', 'en:oil-and-fat', 'en:vegetable-oil-and-fat', 'en:rapeseed-oil', 'en:fat-reduced-cocoa-powder', 'en:plant', 'en:cocoa', 'en:cocoa-powder', 'en:fat-reduced-cocoa', 'en:chocolate-chunk', 'en:chocolate', 'en:whole-grain-oat-flakes', 'en:oat', 'en:oat-flakes', 'en:wholemeal-oat', 'en:soya', 'en:whole-wheat-flakes', 'en:whole-wheat', 'en:wheat-flakes', 'en:wheat-fiber', 'en:fiber', 'en:vegetable-fiber', 'en:natural-flavouring', 'en:flavouring', 'en:e322', 'en:e330', 'en:e500', 'en:magnesium', 'en:minerals', 'en:vitamins', 'en:e375', 'en:pantothenic-acid', 'en:vitamin-b6', 'en:e101', 'en:cocoa-paste', 'en:cocoa-butter', 'en:vegetable-fat', 'en:natural-vanilla-flavouring', 'en:vanilla-flavouring', 'en:soya-lecithin', 'en:e322i']","['en:gluten', 'en:soybeans']","['en:eggs', 'en:milk', 'en:nuts', 'en:sesame-seeds']",fr
3175681302679,Amande,"Farine de blé 30,6%, farine complète de blé 30,6%, sucre non raffiné, huile de colza, germe de blé 5,4% (origine UE), amandes torréfiées 5,4% (origine UE et non-UE), fibres de blé, arôme naturel, jus concentré de citron, émulsifiant lécithines, magnésium, poudre à lever carbonates de sodium, vitamines B1 et B9. Fabriqué dans un atelier qui utilise des fruits à coque, du lait, du lupin,  de la moutarde, de l'oeuf, du sésame et du soja.","['en:wheat-flour', 'en:cereal', 'en:flour', 'en:wheat', 'en:cereal-flour', 'en:whole-wheat-flour', 'en:wholemeal-flour', 'en:unrefined-sugar', 'en:added-sugar', 'en:disaccharide', 'en:sugar', 'en:colza-oil', 'en:oil-and-fat', 'en:vegetable-oil-and-fat', 'en:rapeseed-oil', 'en:wheat-germ', 'en:almond', 'en:nut', 'en:tree-nut', 'en:wheat-fiber', 'en:fiber', 'en:vegetable-fiber', 'en:natural-flavouring', 'en:flavouring', 'en:concentrated-lemon-juice', 'en:fruit', 'en:juice', 'en:fruit-juice', 'en:lemon-juice', 'en:emulsifier', 'en:magnesium', 'en:minerals', 'en:raising-agent', 'en:vitamins', 'en:thiamin', 'en:folic-acid', 'en:folate', 'en:e322', 'en:e500']","['en:gluten', 'en:nuts', 'en:blé', 'en:fibres de blé']","['en:eggs', 'en:lupin', 'en:milk', 'en:mustard', 'en:nuts', 'en:sesame-seeds', 'en:soybeans', 'en:fruits à coque', 'en:lait', 'en:moutarde', 'en:oeuf']",en
3608580823445,Confiture de fraise Intense,"Fraises 67%, sucre, jus de cassis, jus de citrons concentré, gélifiant : pectine de fruits","['en:strawberry', 'en:fruit', 'en:berries', 'en:sugar', 'en:added-sugar', 'en:disaccharide', 'en:blackcurrant', 'en:concentrated-lemon-juice', 'en:juice', 'en:fruit-juice', 'en:lemon-juice', 'en:gelling-agent', 'en:fruit-pectin', 'en:e440a']",[],[],fr
3033710074525,special filtre,Café.,['en:coffee'],[],[],fr
5010477356277,Granola Amandes Noisettes & Graines,"Flocons d'avoine complète (56%), flocons d’orge (24%), fibre de racine de chicorée, noix (8%) (amandes effilées & amandes entières, noisettes grillées hachées), huile de tournesol et huile colza en proportion variable , graines (1,5%) (graines de courge, graines de tournesol), noix de coco séchée, arôme naturel","['en:whole-grain-oat-flakes', 'en:cereal', 'en:oat', 'en:oat-flakes', 'en:wholemeal-oat', 'en:barley-flakes', 'en:barley', 'en:chicory-fibre', 'en:vegetable', 'en:fiber', 'en:shoot-vegetable', 'en:vegetable-fiber', 'en:chicory', 'en:walnut', 'en:nut', 'en:tree-nut', 'en:sunflower-oil', 'en:oil-and-fat', 'en:vegetable-oil-and-fat', 'en:vegetable-oil', 'en:colza-oil', 'en:rapeseed-oil', 'en:seed', 'en:desiccated-coconut', 'en:fruit', 'en:coconut', 'en:natural-flavouring', 'en:flavouring', 'en:flaked-almonds', 'en:almond', 'en:whole-almonds', 'en:hazelnut', 'en:pumpkin-seed', 'en:fruit-vegetable', 'en:pumpkin', 'en:sunflower-seed', 'en:plant', 'en:sunflower']","['en:gluten', 'en:nuts']","['en:gluten', 'en:nuts']",fr
8410111000707,Atún con tomate,"Thon 65 et sauce tomate 35 (eau, hui\e de soja, concentré de tomate, glucose, sucre, sel et arôme).","['fr:thon-65-et-sauce-tomate-35', 'en:water', 'fr:hui-e-de-soja', 'en:tomato-concentrate', 'en:vegetable', 'en:fruit-vegetable', 'en:concentrate', 'en:tomato', 'en:glucose', 'en:added-sugar', 'en:monosaccharide', 'en:sugar', 'en:disaccharide', 'en:salt', 'en:flavouring']",['en:fish'],[],fr
6111242107441,lait sans lactose,"Lactose-free Milk , Vitamins: A , D.","['en:milk', 'en:dairy', 'en:vitamins', 'en:vitamin-a', 'en:vitamin-d']",['en:milk'],[],en
8008698005576,MAESTRO CLASSIC - Pain de mie tranché nature,"corn starch, water, sourdough 16% (rice flour, water), rice starch, plant fiber (psyllium), rice syrup, sunflower oil, soy protein, thickener: hydroxypropyl methylcellulose, millet flour 1,9%, quinoa flour 1,3%, yeast, honey, iodized salt (salt, potassium iodide), may contain traces of lupin and mustard, lactose-free, wheat-free,","['en:corn-starch', 'en:starch', 'en:water', 'en:sourdough', 'en:dough', 'en:rice-starch', 'en:vegetable-fiber', 'en:fiber', 'en:rice-syrup', 'en:added-sugar', 'en:disaccharide', 'en:syrup', 'en:sunflower-oil', 'en:oil-and-fat', 'en:vegetable-oil-and-fat', 'en:vegetable-oil', 'en:soy-protein', 'en:protein', 'en:plant-protein', 'en:e464', 'en:millet-flour', 'en:flour', 'en:cereal-flour', 'en:quinoa-flour', 'en:plant', 'en:quinoa', 'en:yeast', 'en:honey', 'en:iodised-salt', 'en:salt', 'en:free', 'en:rice-flour', 'en:rice', 'en:psyllium', 'en:potassium-iodide', 'en:minerals', 'en:iodine']",['en:soybeans'],"['en:lupin', 'en:mustard']",en
3182180002542,Grilletine Sans sucres ajoutés Blé complet,"Farine de BLÉ 58% - Céréales complètes 19% (farine de BLÉ complet 18%, farine de SEIGLE complète 1%) - Huile de tournesol - Fibre soluble de maïs - Son de BLÉ - Levure boulangère - GLUTEN de blé - Farine de sarrasin - Farine de BLÉ malté - Sel - Agent de traitement de la farine (acide ascorbique).","['en:wheat-flour', 'en:cereal', 'en:flour', 'en:wheat', 'en:cereal-flour', 'en:wholemeal-cereal', 'en:sunflower-oil', 'en:oil-and-fat', 'en:vegetable-oil-and-fat', 'en:vegetable-oil', 'en:soluble-corn-fiber', 'en:fiber', 'en:vegetable-fiber', 'en:corn-fiber', 'en:wheat-bran', 'en:baker-s-yeast', 'en:yeast', 'en:wheat-gluten', 'en:gluten', 'en:buckwheat-flour', 'en:buckwheat', 'en:malted-wheat-flour', 'en:salt', 'en:flour-treatment-agent', 'en:whole-wheat-flour', 'en:wholemeal-flour', 'en:wholemeal-rye-flour', 'en:rye-flour', 'en:e300']",['en:gluten'],"['en:eggs', 'en:milk', 'en:nuts', 'en:sesame-seeds', 'en:soybeans']",fr
9002515601018,Pago Ace - Orange - Carotte - Citron,"Eau, jus à base de concentré de : orange (20%), citron 5%, sucre ; jus de carotte à base de concentré 5%, vitamine : C et E, provitamine A, arôme naturel.","['en:water', 'en:concentrated-juice', 'en:juice', 'en:lemon', 'en:fruit', 'en:citrus-fruit', 'en:sugar', 'en:added-sugar', 'en:disaccharide', 'en:carrot-juice-from-concentrate', 'en:vegetable', 'en:vegetable-juice', 'en:carrot-juice', 'en:vitamins', 'en:vitamin-c', 'en:vitamin-e', 'en:provitamin-a', 'en:e160a', 'en:e160ai', 'en:natural-flavouring', 'en:flavouring', 'en:concentrated-orange-juice', 'en:fruit-juice', 'en:orange', 'en:orange-juice']",[],[],fr
3608580758686,Confiture extra de Fraises,"Fraises, sucre, sucre roux de canne, jus de citrons concentré, gélifiant (pectine de fruits).","['en:strawberry', 'en:fruit', 'en:berries', 'en:sugar', 'en:added-sugar', 'en:disaccharide', 'en:unrefined-cane-sugar', 'en:cane-sugar', 'en:unrefined-sugar', 'en:concentrated-lemon-juice', 'en:juice', 'en:fruit-juice', 'en:lemon-juice', 'en:gelling-agent', 'en:fruit-pectin', 'en:e440a']",[],[],fr
3700278400881,Banania Original - Cacao Céréales Touche De Banane & Miel,"Sucre, cacao fortement dégraissé 19%, céréales (farines de blé, d’orge, de blé malté) 12%, flocons de banane déshydratés 0,25 %, miel 0,25%, arôme, sel.","['en:sugar', 'en:added-sugar', 'en:disaccharide', 'en:highly-fat-reduced-cocoa', 'en:plant', 'en:cocoa', 'en:fat-reduced-cocoa', 'en:cereal', 'en:banana', 'en:fruit', 'en:honey', 'en:flavouring', 'en:salt', 'en:wheat-flour', 'en:flour', 'en:wheat', 'en:cereal-flour', 'en:barley', 'en:wheat-malt', 'en:malt']",['en:gluten'],"['en:milk', 'en:soybeans']",fr
6111266962644,لذيذ,حليب بدون دسم، دهون نباتية، أجبان، زبدة، أملاح مستحلبة، فوسفات ثلاثي الكالسيوم، متعدد الفوسفات، فوسفات الصوديوم، حمض السيتريك، مختر (كاراجينات، نشا معدل)، بروتينات الحليب، ملح، مادة حافضة : حمض السوريك، فيتامين A و D3,"['ar:حليب بدون دسم', 'ar:دهون نباتية', 'ar:أجبان', 'en:butter', 'en:dairy', 'ar:أملاح مستحلبة', 'en:e341iii', 'en:e341', 'en:e452', 'en:e339', 'ar:حمض السيتريك', 'ar:مختر', 'ar:بروتينات الحليب', 'en:salt', 'ar:مادة حافضة', 'ar:فيتامين A و D3', 'ar:كاراجينات', 'en:modified-starch', 'en:starch', 'ar:حمض السوريك']",['en:milk'],[],ar
3228021170039,PRESIDENT CAMEMBERT 250g,"LAIT (origine France), ferments lactiques et d'affinage, sel","['en:milk', 'en:dairy', 'en:lactic-and-aging-ferments', 'en:ferment', 'en:microbial-culture', 'en:lactic-ferments', 'en:salt']",['en:milk'],[],fr
3165950211726,Filet de maquereaux au naturel,"Filets de maquereaux, eau, sel","['en:mackerel-fillet', 'en:fish', 'en:mackerel', 'en:water', 'en:salt']",['en:fish'],[],fr
3073781192186,La vache qui rit,"LAIT écrémé réhydraté (origine : France), FROMAGES, BEURRE, protéines de LAIT, sel de fonte : polyphosphates, calcium, concentré de minéraux du LAIT, concentré lactique LAITIER.","['en:skimmed-milk', 'en:dairy', 'en:milk', 'en:cheese', 'en:butter', 'en:milk-proteins', 'en:protein', 'en:animal-protein', 'en:emulsifying-salts', 'en:calcium', 'en:minerals', 'en:milk-mineral-concentrate', 'en:milk-minerals', 'fr:concentré lactique LAITIER', 'en:e452']",['en:milk'],[],fr
6111242100022,Leben JAOUDA,"Lait frais partiellement écrémé, ferments lactiques","['en:milk', 'en:dairy', 'en:lactic-ferments', 'en:ferment', 'en:microbial-culture']",['en:milk'],[],fr
3154230802280,HERTA Lardons fumés conservation sans nitrite - 2x75g,"Poitrine de porc, sel, conservateurs : lactate de potassium, acétate de potassium ; arôme naturel (présence naturelle de polyphénols), antioxydant : acide ascorbique.","['en:pork-breast', 'en:animal', 'en:meat', 'en:pork', 'en:pork-meat', 'en:breast', 'en:salt', 'en:e326', 'en:e261', 'en:natural-flavouring', 'en:flavouring', 'en:e300']",[],[],fr
5010477354051,Muesli Bio Superfruits,"Céréales complètes (82%) (flocons d'_avoine_, flocons de _blé_, pétales de blé grillé), raisins secs (raisins secs, huile de tournesol), graines de courge (3%), fruits lyophilisés (2%) (groseilles, myrtilles, baies entières de cassis)","['en:wholemeal-cereal', 'en:cereal', 'en:raisin', 'en:fruit', 'en:berries', 'en:grape', 'en:pumpkin-seed', 'en:vegetable', 'en:fruit-vegetable', 'en:seed', 'en:pumpkin', 'en:oat-flakes', 'en:oat', 'en:wheat-flakes', 'en:wheat', 'en:sunflower-oil', 'en:oil-and-fat', 'en:vegetable-oil-and-fat', 'en:vegetable-oil', 'en:redcurrant', 'en:blueberry', 'en:blackcurrant']","['en:gluten', 'fr:Avoine', 'fr:avoine']","['en:gluten', 'en:nuts']",fr
3229820181424,Boisson Noisette,"Eau,
Noisettes 6,5%,
Sucre de canne,
Maltodextrine de maïs,
Sel marin,
Épaississant: gomme guar*, gomme xanthane
Peut contenir des traces d'autres fruits à coque.","['en:water', 'en:hazelnut', 'en:nut', 'en:tree-nut', 'en:cane-sugar', 'en:added-sugar', 'en:disaccharide', 'en:sugar', 'en:corn-maltodextrin', 'en:maltodextrin', 'en:sea-salt', 'en:salt', 'en:thickener', 'en:e415', 'en:e412']",['en:nuts'],['en:\x1fen:nuts\x1f'],fr
3165433724019,Cassonade pure canne,100% pure brown sugar,"['en:brown-sugar', 'en:added-sugar', 'en:disaccharide', 'en:sugar']",[],[],en
3302740059193,Blanc de Poulet,"Filet de poulet 94%, bouillon (eau, os de poulet, échalote, ail, épices, plantes aromatiques, céleri, oignon, poireau, carotte), sel, jus concentré de carotte et céleri, dextrose, ferments, aröme naturel, antiOxYdant : ascorbate de sodium, colorant: caramel ordinaire,","['en:chicken-fillet', 'en:poultry', 'en:chicken', 'en:chicken-meat', 'en:broth', 'en:salt', 'en:concentrated-carrot-juice', 'en:vegetable', 'en:vegetable-juice', 'en:carrot-juice', 'en:celery', 'en:stalk-vegetable', 'en:dextrose', 'en:added-sugar', 'en:monosaccharide', 'en:glucose', 'en:ferment', 'en:natural-flavouring', 'en:flavouring', 'en:e301', 'en:e150a', 'en:water', 'en:chicken-bone', 'en:bone', 'en:shallot', 'en:root-vegetable', 'en:onion-family-vegetable', 'en:garlic', 'en:spice', 'en:condiment', 'en:herb', 'en:onion', 'en:leek', 'en:carrot', 'en:taproot-vegetable']",['en:celery'],[],fr
3168930168133,Chips recette paysanne nature,"Pommes de terre (65%),huiles végétales (tournesol, colza, maïs en proportion variable),sel","['en:potato', 'en:vegetable', 'en:root-vegetable', 'en:tuber', 'en:vegetable-oil', 'en:oil-and-fat', 'en:vegetable-oil-and-fat', 'en:salt', 'en:sunflower-oil', 'en:colza-oil', 'en:rapeseed-oil', 'en:corn', 'en:cereal']",[],[],fr
6111242102361,Raib vani jaouda,"Lait frais partiellement écrémé, sucre, ferments lactiques, arômes. Matière grasse: 1,8%","['en:milk', 'en:dairy', 'en:sugar', 'en:added-sugar', 'en:disaccharide', 'en:lactic-ferments', 'en:ferment', 'en:microbial-culture', 'en:flavouring', 'en:fat', 'en:oil-and-fat']",['en:milk'],[],fr
3276558775128,Tomates Cerises Allongées,Tomates cerise allongées,"['en:cherry-plum-tomatoes', 'en:vegetable', 'en:fruit-vegetable', 'en:tomato']",[],[],fr
3760091721747,Beurre de cacahuètes du Nicaragua,"Arachides 95%, huile de tournesol, stabilisant (colza), sel. Peut contenir des traces de fruits à coque.","['en:peanut', 'en:nut', 'en:sunflower-oil', 'en:oil-and-fat', 'en:vegetable-oil-and-fat', 'en:vegetable-oil', 'en:rapeseed', 'en:vegetable', 'en:root-vegetable', 'en:salt']",['en:peanuts'],['en:nuts'],fr
3760091724632,Chocolat noir PEROU GRAND CRU AMAZONAS 70%,"Pâte de cacao°* du Pérou 65%, sucre de canne°*, beurre de cacao°*. Cacao: 70% minimum dans le chocolat.","['en:cocoa-paste', 'en:plant', 'en:cocoa', 'en:cane-sugar', 'en:added-sugar', 'en:disaccharide', 'en:sugar', 'en:cocoa-butter', 'en:oil-and-fat', 'en:vegetable-oil-and-fat', 'en:vegetable-fat']",[],"['en:gluten', 'en:milk', 'en:nuts', 'en:sesame-seeds']",fr
6111035001383,Eau minerale,"Magnesium, Potassium, Bicarbonates, Sodium, Sulfates, Chlorides, Nitrates","['en:magnesium', 'en:minerals', 'en:potassium', 'en:Bicarbonates', 'en:sodium', 'en:sulfates', 'en:Chlorides', 'en:Nitrates']",[],[],fr
3272770016131,Chavroux Pur Chèvre,"Lait de chèvre, crème de chèvre , sel, arôme naturel de chèvre.","['en:goat-milk', 'en:dairy', 'en:milk', 'fr:crème de chèvre', 'en:salt', 'fr:arôme naturel de chèvre']",['en:milk'],['en:milk'],fr
3124480184344,Orangina et sa pulpe,"Eau gazéifiée, jus d'agrumes à base de concentrés 12% (orange 10%, citron, mandarine, pamplemousse), sucre, pulpe d'orange et mandarine 2%, extrait de zeste d'orange, arômes naturels d'orange,","['en:carbonated-water', 'en:water', 'en:citrus-fruit-juice', 'en:fruit', 'en:citrus-fruit', 'en:sugar', 'en:added-sugar', 'en:disaccharide', 'en:orange-pulp', 'en:orange', 'en:pulp', 'en:mandarin', 'de:orangeschalenextrakt', 'en:orange-zest', 'en:natural-orange-flavouring', 'en:flavouring', 'en:natural-flavouring', 'en:lemon', 'en:grapefruit']",['en:orange'],[],fr
6111024001202,Huile de tournesol,"Uhuale de tournesol content une guari *Uhe cuillerée à soupe dhule équaut a مق كبير من الزيت تعادل ما يقارب 0غ أو 90 كبلوكيالوري في على كمية مهمة من الأوميكا6 الأساسية ABRS UTNTONNELLES 100 Lipides i Acides gras saturés Acides gras monoinsaturés 27 IA Acdes gras polyinsaturés (e Oméga 6 e Fbres almentaires Viamine E mg Cholesterd Proteines g Guoides Sodum 100 11,3 613 liilia 61,15 0. الجسم إنتاجها۔ portated","['fr:Uhuale de tournesol content une guari *Uhe cuillerée à soupe dhule équaut a مق كبير من الزيت تعادل ما يقارب 0غ أو 90 كبلوكيالوري في على كمية مهمة من الأوميكا6 الأساسية ABRS UTNTONNELLES 100 Lipides i Acides gras saturés Acides gras monoinsaturés 27 IA Acdes gras polyinsaturés', 'fr:e Oméga 6 e Fbres almentaires Viamine E mg Cholesterd Proteines g Guoides Sodum 100 11‚3 613 liilia 61‚15 0', 'fr:الجسم إنتاجها۔ portated']",[],['en:nuts'],fr
3017620420702,Nutella pâte à tartiner aux noisettes et au cacao,"Sucre, huile de palme, NOISETTES 13%, LAIT écrémé en poudre 8,7%, cacao maigre 7,4%, émulsifiants: lécithines [SOJA]; vanilline.","['en:sugar', 'en:added-sugar', 'en:disaccharide', 'en:palm-oil', 'en:oil-and-fat', 'en:vegetable-oil-and-fat', 'en:palm-oil-and-fat', 'en:hazelnut', 'en:nut', 'en:tree-nut', 'en:skimmed-milk-powder', 'en:dairy', 'en:milk-powder', 'en:fat-reduced-cocoa', 'en:plant', 'en:cocoa', 'en:e322', 'en:vanillin', 'en:soya-lecithin', 'en:e322i']","['en:milk', 'en:nuts', 'en:soybeans']",[],fr
6111021013208,Confiture De Fraises Aicha,"Fraises, sucre, pectine de fruits, acidifiant : acide citrique","['en:strawberry', 'en:fruit', 'en:berries', 'en:sugar', 'en:added-sugar', 'en:disaccharide', 'en:fruit-pectin', 'en:e440a', 'en:acid', 'en:e330']",[],['en:nuts'],fr
3560071407650,Muesli de quinoa y chocolate,"Copos de trigo integrales 23,6%, arroz 21,4%, azúcar de caña, copos de avena&quot; integrales 10,8%, quinoa&quot; 9,6%, pepitas de chocolate 9% (pasta de cacao azúcar de caña, manteca de cacao&quot;). aceite de girasol&quot; (semillas de girasol, antioxidante: extracto de romero&quot;), harina de trigo 2.7%, coco rallado, avena integral 2%, cacao magro en polvo, miel&quot;, caramelo&quot; (azúcar de caña&quot;, agua), sal marina","['es:Copos de trigo integrales', 'en:rice', 'en:cane-sugar', 'en:added-sugar', 'en:disaccharide', 'en:sugar', 'en:whole-grain-oat-flakes', 'en:cereal', 'en:oat', 'en:oat-flakes', 'en:wholemeal-oat', 'en:quinoa', 'en:plant', 'en:chocolate-chunk', 'en:chocolate', 'en:sunflower-oil', 'en:oil-and-fat', 'en:vegetable-oil-and-fat', 'en:vegetable-oil', 'en:wheat-flour', 'en:flour', 'en:wheat', 'en:cereal-flour', 'en:coconut', 'en:fruit', 'en:fat-reduced-cocoa-powder', 'en:cocoa', 'en:cocoa-powder', 'en:fat-reduced-cocoa', 'en:honey', 'en:e150', 'en:sea-salt', 'en:salt', 'es:pasta de cacao azúcar de caña', 'en:cocoa-butter', 'en:vegetable-fat', 'en:sunflower-seed', 'en:seed', 'en:e392', 'en:water']","['en:gluten', 'es:Avena']","['en:milk', 'en:nuts', 'en:sesame-seeds', 'en:soybeans']",es
6111259093102,Cheeslé Blanc nature,Fromage blanc ; Protéine du lait ; Poudre de lait écrémé ; Huile végétale ; Amidon modifié ; Acide citrique ; Conservateur (E202).,"['en:fromage-blanc', 'en:dairy', 'en:cheese', 'en:milk-proteins', 'en:protein', 'en:animal-protein', 'en:skimmed-milk-powder', 'en:milk-powder', 'en:vegetable-oil', 'en:oil-and-fat', 'en:vegetable-oil-and-fat', 'en:modified-starch', 'en:starch', 'en:e330', 'en:e202']",['en:milk'],[],fr
3272770004725,"9 Minis St Moret (17,8% MG)","Lait et crème pasteurisés (Origine: France), protéines du lait, sel.
Fabriqué dans un atelier utilisant des fruits à coque et du lait de chèvre.","['en:milk', 'en:dairy', 'en:cream', 'en:milk-proteins', 'en:protein', 'en:animal-protein', 'en:salt']",['en:milk'],"['en:milk', 'en:nuts']",fr
6111032006749,Danettz Chocolat,"سكر، قشدة، مسحوق الحليب بدون قشدة، مختر(نشا)، كاكاو، ملون طبيعي(كراميل)، مثبت(فوسفاط البوتاسيوم), الشوكولاط,م,د 5%","['en:sugar', 'en:added-sugar', 'en:disaccharide', 'en:cream', 'en:dairy', 'ar:مسحوق الحليب بدون قشدة', 'ar:مختر', 'en:cocoa', 'en:plant', 'ar:ملون طبيعي', 'ar:مثبت', 'ar:الشوكولاط', 'ar:م', 'ar:د', 'en:starch', 'en:e150', 'ar:فوسفاط البوتاسيوم']",['en:milk'],[],ar
6111273590007,Acyl,,,[],[],fr
20004132,Chopped Tomatoes,"60% chopped tomatoes, 39,9% tomato juice, acidity regulator: citric acid","['en:chopped-tomato', 'en:vegetable', 'en:fruit-vegetable', 'en:tomato', 'en:tomato-juice', 'en:e330']",[],[],en
5449000015105,Sprite,"eau gazeuse
sucre
arome citrone naturel
E330 E331
E211
E950 E955","['ar:eau gazeuse sucre arome citrone naturel e330', 'ar:e331 e211', 'ar:e950 e955']",[],[],fr
6111203006646,la hollandaise,"Fromage fondu à 50% de matière grasse sur matière sèche.  ....Ingrédients : lait écrémé mélangé à du cheddar 23%, beurre, sels émulsifiants,
 (E450, E341, E452)
 Protéines de lait, sel, conservateur : sorbate de potassium, calcium, vitamines E, D, A","['fr:Fromage fondu à 50\xa0% de matière grasse sur matière sèche', 'fr:Ingrédients', 'en:butter', 'en:dairy', 'en:emulsifying-salts', 'en:milk-proteins', 'en:protein', 'en:animal-protein', 'en:salt', 'en:preservative', 'en:calcium', 'en:minerals', 'en:vitamins', 'en:vitamin-e', 'en:vitamin-d', 'en:vitamin-a', 'fr:lait écrémé mélangé à du cheddar', 'en:e450', 'en:e341', 'en:e452', 'en:e202']",['en:milk'],[],fr
6111271800030,Eau de source naturelle La Source,"Calcium, Magnesium, Nitrates, Sodium, Potassium, Bicarbonates","['en:calcium', 'en:minerals', 'en:magnesium', 'en:Nitrates', 'en:sodium', 'en:potassium', 'en:Bicarbonates']",[],[],fr
3029330069898,Tartines p’tit dej,"Farine complète de blé (51%), eau, farine de blé (18%), huile de colza, levure, arôme naturel (contient alcool), sel, farine de maïs , GLUTEN DE BLÉ, jus d'acérola en poudre.","['en:Farine complète de blé', 'en:eau', 'en:farine de blé', 'en:huile de colza', 'en:levure', 'en:arôme naturel', 'en:sel', 'en:farine de maïs', 'en:GLUTEN DE BLÉ', ""en:jus d'acérola en poudre"", 'en:contient alcool']",['en:gluten'],"['en:eggs', 'en:milk', 'en:sesame-seeds']",en
3336972109104,Chips de lentilles saveur oignons caramelisés,"Farine de lentilles (36%), huiles végétales (tournesol, colza), farine de riz, farine de maïs, amidons, oignons, sel, sucre, arôme naturel, poivre vert, régulateur d'acidité (acide citrique, acide lactique) chlorure de potassium.","['en:lentil-flour', 'en:vegetable', 'en:pod-and-seed-vegetable', 'en:legume', 'en:lentils', 'en:vegetable-oil', 'en:oil-and-fat', 'en:vegetable-oil-and-fat', 'en:rice-flour', 'en:flour', 'en:rice', 'en:corn-flour', 'en:cereal', 'en:corn', 'en:starch', 'en:onion', 'en:root-vegetable', 'en:onion-family-vegetable', 'en:salt', 'en:sugar', 'en:added-sugar', 'en:disaccharide', 'en:natural-flavouring', 'en:flavouring', 'en:green-pepper', 'en:seed', 'en:pepper', 'en:acidity-regulator', 'en:e508', 'en:sunflower-oil', 'en:colza-oil', 'en:rapeseed-oil', 'en:e330', 'en:e270']",[],"['en:gluten', 'en:milk', 'en:peanuts', 'en:soybeans']",fr
3330720244017,Confiture fraise sans sucre ajoutes,"Fraise 65g*, fibres végétales solubles 45,1g*, gélifiants: pectine, jus de citron concentré.","['en:strawberry', 'en:fruit', 'en:berries', 'fr:fibres végétales solubles', 'en:gelling-agent', 'en:concentrated-lemon-juice', 'en:juice', 'en:fruit-juice', 'en:lemon-juice', 'en:e440a']",[],[],fr
7622202028335,Mikado Chocolat au lait,"Farine de BLÉ, sucre, beurre de cacao, pâte de cacao, LAIT écrémé en poudre, lactosérum en poudre (de LAIT), graisses végétales (palme, coprah), BEURRE pâtissier, sel, émulsifiants (lécithines de SOJA, E476), poudre à lever (E503), levure, arôme.","['en:wheat-flour', 'en:cereal', 'en:flour', 'en:wheat', 'en:cereal-flour', 'en:sugar', 'en:added-sugar', 'en:disaccharide', 'en:cocoa-butter', 'en:oil-and-fat', 'en:plant', 'en:vegetable-oil-and-fat', 'en:vegetable-fat', 'en:cocoa', 'en:cocoa-paste', 'en:skimmed-milk-powder', 'en:dairy', 'en:milk-powder', 'en:whey-powder', 'en:whey', 'en:butterfat', 'en:fat', 'en:milkfat', 'en:salt', 'en:soya-lecithin', 'en:e322', 'en:e322i', 'en:e476', 'en:e503', 'en:yeast', 'en:flavouring', 'en:palm-oil', 'en:palm-oil-and-fat', 'en:coconut-oil', 'en:vegetable-oil']","['en:gluten', 'en:milk', 'en:soybeans']",[],fr
3664346305860,Noir Extra,"coconut 48%, sugar, cocoa paste, cocoa butter, lean cocoa powder, emulsifier (soy lecithin), flavouring, skimmed milk powder, cocoa: 47% minimum, may contain wheat, barley and nuts","['en:coconut', 'en:fruit', 'en:sugar', 'en:added-sugar', 'en:disaccharide', 'en:cocoa-paste', 'en:plant', 'en:cocoa', 'en:cocoa-butter', 'en:oil-and-fat', 'en:vegetable-oil-and-fat', 'en:vegetable-fat', 'en:fat-reduced-cocoa-powder', 'en:cocoa-powder', 'en:fat-reduced-cocoa', 'en:soya-lecithin', 'en:e322', 'en:e322i', 'en:flavouring', 'en:skimmed-milk-powder', 'en:dairy', 'en:milk-powder']","['en:milk', 'en:soybeans']","['en:gluten', 'en:milk', 'en:nuts']",fr
3023291122005,Yaos Yaourt à la Grecque Nature,"Lait entier (83,1%), crème (12,0%) (lait), poudre de lait écrémé, ferments lactiques. Fabriqué en France avec du lait français.","['en:whole-milk', 'en:dairy', 'en:milk', 'en:cream', 'en:skimmed-milk-powder', 'en:milk-powder', 'en:lactic-ferments', 'en:ferment', 'en:microbial-culture', 'fr:Fabriqué en France avec du lait']",['en:milk'],[],fr
7622210100917,Milka galette choco,"Farine de BLE 42 %, sucre, huile de palme, chocolat au LAIT du pays alpin 6% (sucre, beurre de cacao, LAIT écrémé en poudre, pâte de cacao, lactoserum en poudre (de LAIT), BEURRE pâtissier, émulsifiant (lécithines de SOJA), arome), cacao maigre en poudre 3,2 %, lactosérum en poudre (de LAIT), sirop de glucose, sel, LAIT entier en poudre, poudres à lever (carbonates d'ammonium, carbonates de sodium), arome (contient LAIT), émulsifiants (lécithines de SOJA, lécithines de tournesol)","['en:wheat-flour', 'en:cereal', 'en:flour', 'en:wheat', 'en:cereal-flour', 'en:sugar', 'en:added-sugar', 'en:disaccharide', 'en:palm-oil', 'en:oil-and-fat', 'en:vegetable-oil-and-fat', 'en:palm-oil-and-fat', 'fr:chocolat-au-lait-du-pays-alpin', 'en:chocolate', 'en:milk-chocolate', 'en:fat-reduced-cocoa-powder', 'en:plant', 'en:cocoa', 'en:cocoa-powder', 'en:fat-reduced-cocoa', 'en:whey-powder', 'en:dairy', 'en:whey', 'en:glucose-syrup', 'en:monosaccharide', 'en:glucose', 'en:salt', 'en:whole-milk-powder', 'en:milk-powder', 'en:e503', 'en:e500', 'en:flavouring', 'en:soya-lecithin', 'en:e322', 'en:e322i', 'en:sunflower-lecithin', 'en:cocoa-butter', 'en:vegetable-fat', 'en:skimmed-milk-powder', 'en:cocoa-paste', 'en:butterfat', 'en:fat', 'en:milkfat']","['en:gluten', 'en:milk', 'en:soybeans']",[],fr
3523230030793,beurre demi-sel,"_Crème_ pasteurisée (origine France), sel ajouté 3% dont 2% de cristaux de sel marin de Noirmoutier, ferments lactiques (dont _lait_)","['en:cream', 'en:dairy', 'fr:sel ajouté 3\xa0% dont 2\xa0% de cristaux de sel marin', 'en:lactic-ferments', 'en:ferment', 'en:microbial-culture']",['en:milk'],[],fr
5285000396437,Nouilles Instantanées Goût Boeuf,,,[],[],fr
7622300336738,OREO ORIGINAL,"Weizenmehl, Zucker, Palmöl, Rapsöl, Weizenstärke, fettarmes Kakaopulver 4,7 %, Glukose-Fruktose-Sirup, Backtriebmittel (Ammoniumcarbonate, Kaliumcarbonate, Natriumcarbonate), Speisesalz, Emulgator (Sojalecithine), Säureregulator (Natriumhydroxid), Aromen. 

Kann Milch enthalten.","['en:wheat-flour', 'en:cereal', 'en:flour', 'en:wheat', 'en:cereal-flour', 'en:sugar', 'en:added-sugar', 'en:disaccharide', 'en:palm-oil', 'en:oil-and-fat', 'en:vegetable-oil-and-fat', 'en:palm-oil-and-fat', 'en:rapeseed-oil', 'en:wheat-starch', 'en:starch', 'en:fat-reduced-cocoa-powder', 'en:plant', 'en:cocoa', 'en:cocoa-powder', 'en:fat-reduced-cocoa', 'en:glucose-fructose-syrup', 'en:monosaccharide', 'en:fructose', 'en:glucose', 'en:e503', 'en:e501', 'en:e500', 'en:salt', 'en:soya-lecithin', 'en:e322', 'en:e322i', 'en:e524', 'en:flavouring']","['en:gluten', 'en:soybeans', 'nl:Weizenmehl', 'nl:Weizenstärke']","['en:milk', 'nl:Milch']",nl
8852018101024,Yum Yum Chicken Flavour,"Instantní: nudle(88,5%): pšeničná mouka (mimo TH), palmový olej (palmový olej, antioxidant přírodní směs tokoferolů), tapiokový škrob, polévka (aroma, zvýrazňovač chuti: E635, výtažek z kvasnic), sůl, regulátory kyselosti: E500, E452, E451, zahušťovadlo: E466. Ochucující směs (11,5%): Sůl, palmový olej (palmový olej, antioxidant přírodní směs tokoferolů), zelenina (česnek a cibulová nať), aroma, zvýrazňovače chuti: E621, E635, cukr, mleté chilli, zahušťovadlo: E415, mletý pepř, regulátor kyselosti: E296, barvivo: E150c. Může obsahovat stopy korýšů, ryb, sóji, mléka, celeru a sezamu.","['cs:Instantní', 'en:wheat-flour', 'en:cereal', 'en:flour', 'en:wheat', 'en:cereal-flour', 'en:palm-oil', 'en:oil-and-fat', 'en:vegetable-oil-and-fat', 'en:palm-oil-and-fat', 'en:tapioca', 'en:starch', 'cs:polévka', 'en:salt', 'en:e500', 'en:e452', 'en:e451', 'en:e466', 'cs:Ochucující směs', 'en:vegetable', 'en:flavouring', 'cs:zvýrazňovače chuti', 'en:e635', 'en:sugar', 'en:added-sugar', 'en:disaccharide', 'cs:mleté chilli', 'en:e415', 'cs:mletý pepř', 'en:e296', 'en:e150a', 'cs:Může obsahovat stopy korýšů', 'cs:ryb', 'cs:sóji', 'en:milk', 'en:dairy', 'cs:celeru a sezamu', 'en:noodle', 'en:dough', 'cs:mimo TH', 'cs:antioxidant přírodní směs tokoferolů', 'cs:zvýrazňovač chuti', 'en:yeast-extract', 'en:yeast', 'en:garlic', 'en:root-vegetable', 'en:onion-family-vegetable', 'cs:cibulová nať', 'en:e621']","['en:gluten', 'en:milk']","['nl:mléka', 'nl:sezamu', 'nl:sóji']",nl
8410076901026,Protein Nut Bar Fruit & Chocolate,"roasted peanuts (39%), oligofructose, soy protein isolate, chocolate chunks (8%) (sugar, cocoa mass, cocoa butter, emulsifier (soy lecithin)), vegetable oils and fats (palm, rapeseed, sunflower in varying proportions), sugar, milk protein, fructose, glucose syrup, peanut butter (2%), low-fat cocoa powder, humectant (glycerol), tapioca starch, emulsifiers (lecithins (contains soy),  table salt, natural flavours (contains milk), maltodextrin, antioxidant (extract rich in tocopherols),","['en:roasted-peanut', 'en:nut', 'en:peanut', 'en:oligofructose', 'en:soy-protein-isolate', 'en:protein', 'en:plant-protein', 'en:soy-protein', 'en:chocolate-chunk', 'en:chocolate', 'en:vegetable-oil-and-fat', 'en:oil-and-fat', 'en:sugar', 'en:added-sugar', 'en:disaccharide', 'en:milk-proteins', 'en:animal-protein', 'en:fructose', 'en:monosaccharide', 'en:glucose-syrup', 'en:glucose', 'en:peanut-butter', 'en:fat-reduced-cocoa-powder', 'en:plant', 'en:cocoa', 'en:cocoa-powder', 'en:fat-reduced-cocoa', 'en:e422', 'en:tapioca', 'en:starch', 'en:emulsifier', 'en:e322', 'en:salt', 'en:natural-flavouring', 'en:flavouring', 'en:maltodextrin', 'en:extract rich in tocopherols', 'en:cocoa-paste', 'en:cocoa-butter', 'en:vegetable-fat', 'en:soya-lecithin', 'en:e322i', 'en:palm-oil-and-fat', 'en:rapeseed', 'en:vegetable', 'en:root-vegetable', 'en:sunflower']","['en:milk', 'en:peanuts', 'en:soybeans']",['en:Fruits à coques'],en
3302740039362,Rôti de Poulet - 100% filet,"Filet de poulet 98%, bouillon (eau, os de poulet, ail, carotte, _céleri_, épices, oignon, poireau), sel, dextrose, arômes naturels (présence naturelle de polyphénols), extrait de levure, poivre 0.1%, antioxydant: acide ascorbique, colorant : caramel ordinaire.","['en:chicken-fillet', 'en:poultry', 'en:chicken', 'en:chicken-meat', 'en:broth', 'en:salt', 'en:dextrose', 'en:added-sugar', 'en:monosaccharide', 'en:glucose', 'en:natural-flavouring', 'en:flavouring', 'en:yeast-extract', 'en:yeast', 'en:pepper', 'en:seed', 'en:antioxidant', 'en:colour', 'en:water', 'en:chicken-bone', 'en:bone', 'en:garlic', 'en:vegetable', 'en:root-vegetable', 'en:onion-family-vegetable', 'en:carrot', 'en:taproot-vegetable', 'en:celery', 'en:stalk-vegetable', 'en:spice', 'en:condiment', 'en:onion', 'en:leek', 'en:vitamin-c', 'en:vitamins', 'en:e150a']",['en:celery'],[],fr
5449000334343,Schweppes citron 1l,"sugar, concentrated lemon juice, sweeteners: E955 ,E950","['en:sugar', 'en:added-sugar', 'en:disaccharide', 'en:concentrated-lemon-juice', 'en:fruit', 'en:juice', 'en:fruit-juice', 'en:lemon-juice', 'en:sweetener', 'en:e950', 'en:e955']",[],[],en
8712100751370,Amora Ketchup Flacon Souple Tête en bas 550g,"Tomates, sucre, vinaigre d'alcool, sel, arômes naturels, épices","['en:tomato', 'en:vegetable', 'en:fruit-vegetable', 'en:sugar', 'en:added-sugar', 'en:disaccharide', 'en:alcohol-vinegar', 'en:vinegar', 'en:salt', 'en:natural-flavouring', 'en:flavouring', 'en:spice', 'en:condiment']",[],[],fr
3560070910366,Huile d\'olive vierge extra,Huile d'olive vierge extra issue de l'agriculture biologique.,"['en:extra-virgin-olive-oil', 'en:oil-and-fat', 'en:vegetable-oil-and-fat', 'en:vegetable-oil', 'en:olive-oil', 'en:virgin-olive-oil']",[],[],fr
6111242882263,,"Abricot, Sucre, Pectine de fruits, Acide Citrique E330, E202, Colorant E110","['en:apricot', 'en:fruit', 'en:prunus-species-fruit', 'en:sugar', 'en:added-sugar', 'en:disaccharide', 'en:fruit-pectin', 'en:e440a', 'en:e330', 'en:e202', 'en:colour', 'en:e110']",[],[],en
6111265800497,Albane Lait Entier UHT 1L,Lait UHT Entier 30g/l de matière grasse.,"['en:milk', 'en:dairy', 'en:fat', 'en:oil-and-fat']",['en:milk'],[],fr
8052575090247,Nocciolata,"Sucre brut, pâte de noisettes 18,5%, huile de tournesol, lait écrémé en poudre, cacao maigre en poudre 6,5%, beurre de cacao, lécithine de soja, extrait de vanille","['en:unrefined-sugar', 'en:added-sugar', 'en:disaccharide', 'en:sugar', 'en:hazelnut-paste', 'en:nut', 'en:tree-nut', 'en:hazelnut', 'en:sunflower-oil', 'en:oil-and-fat', 'en:vegetable-oil-and-fat', 'en:vegetable-oil', 'en:skimmed-milk-powder', 'en:dairy', 'en:milk-powder', 'en:fat-reduced-cocoa-powder', 'en:plant', 'en:cocoa', 'en:cocoa-powder', 'en:fat-reduced-cocoa', 'en:cocoa-butter', 'en:vegetable-fat', 'en:soya-lecithin', 'en:e322', 'en:e322i', 'en:vanilla-extract', 'en:extract', 'en:vanilla', 'en:vegetable-extract']","['en:milk', 'en:nuts', 'en:soybeans']",[],fr
3182180060320,Tartines de Pain Blé Complet,"Farine de BLÉ, Farine de BLÉ complet 17% , Son de BLÉ,  Huile de tournesol,  GLUTEN de BLÉ,  Sucre,  Sel,  Levure boulangère,  Agent de traitement de la farine : acide ascorbique.","['en:wheat-flour', 'en:cereal', 'en:flour', 'en:wheat', 'en:cereal-flour', 'en:whole-wheat-flour', 'en:wholemeal-flour', 'en:wheat-bran', 'en:sunflower-oil', 'en:oil-and-fat', 'en:vegetable-oil-and-fat', 'en:vegetable-oil', 'en:wheat-gluten', 'en:gluten', 'en:sugar', 'en:added-sugar', 'en:disaccharide', 'en:salt', 'en:baker-s-yeast', 'en:yeast', 'en:flour-treatment-agent', 'en:e300']",['en:gluten'],"['en:eggs', 'en:milk', 'en:nuts', 'en:sesame-seeds', 'en:soybeans']",fr
7622210988034,Véritable petit beurre,"Farine de _blé_ 73.4 %, sucre, _beurre_ 13.6%, _lait_ écrémé en poudre 1.3%, sel, poudre à lever (carbonate acide d'ammonium, carbonate acide de sodium), correcteur d'acidité (acide citrique), arôme.","['en:wheat-flour', 'en:cereal', 'en:flour', 'en:wheat', 'en:cereal-flour', 'en:sugar', 'en:added-sugar', 'en:disaccharide', 'en:butter', 'en:dairy', 'en:skimmed-milk-powder', 'en:milk-powder', 'en:salt', 'en:raising-agent', 'en:acidity-regulator', 'en:flavouring', 'en:e503ii', 'en:e503', 'en:e500ii', 'en:e500', 'en:e330']","['en:gluten', 'en:milk']","['en:eggs', 'en:sesame-seeds']",fr
80761761,Kinder Bueno White 39g,"white chocolate (cocoa butter, sugar, skimmed milk powder, concentrated butter, emulsifier: lecithins (soy), vanillin), sugar, palm oil, wheat flour, skimmed milk powder, whole milk powder, hazelnuts, whey powder, starch, fat reduced cocoa, sunflower oil, milk proteins, emulsifier: lecithins (soy), raising agents (ammonium hydrogen carbonate, sodium hydrogen carbonate), flavourings, salt","['en:white-chocolate', 'en:chocolate', 'en:sugar', 'en:added-sugar', 'en:disaccharide', 'en:palm-oil', 'en:oil-and-fat', 'en:vegetable-oil-and-fat', 'en:palm-oil-and-fat', 'en:wheat-flour', 'en:cereal', 'en:flour', 'en:wheat', 'en:cereal-flour', 'en:skimmed-milk-powder', 'en:dairy', 'en:milk-powder', 'en:whole-milk-powder', 'en:hazelnut', 'en:nut', 'en:tree-nut', 'en:whey-powder', 'en:whey', 'en:starch', 'en:fat-reduced-cocoa', 'en:plant', 'en:cocoa', 'en:sunflower-oil', 'en:vegetable-oil', 'en:milk-proteins', 'en:protein', 'en:animal-protein', 'en:e322', 'en:e503ii', 'en:e503', 'en:e500ii', 'en:e500', 'en:flavouring', 'en:salt', 'en:cocoa-butter', 'en:vegetable-fat', 'en:butterfat', 'en:fat', 'en:milkfat', 'en:vanillin']","['en:gluten', 'en:milk', 'en:nuts', 'en:soybeans']",[],en
3083681094459,Courgettes à la Provençale 1/2,"Courgettes préfrites 52% (courgettes 49%, huile de tournesol), tomates pelées concassées au jus 22% (tomates, jus de tomates), oignons 12%, purée de tomates mi-réduite 4,2%, double concentré de tomates 3%, sucre 2%, huile d'olive vierge extra 1,5%, jus concentré de citron, sel, basilic 0,7%, ail, farine de BLE, fenouil moulu. Peut contenir CELERI","['en:courgette', 'en:vegetable', 'en:fruit-vegetable', 'fr:tomates-pelees-concassees-au-jus', 'en:tomato', 'en:chopped-tomato', 'en:crushed-tomato', 'en:crushed-peeled-tomato', 'en:onion', 'en:root-vegetable', 'en:onion-family-vegetable', 'fr:puree-de-tomate-mi-reduite', 'en:tomato-puree', 'en:double-concentrated-tomato', 'en:concentrate', 'en:tomato-concentrate', 'en:sugar', 'en:added-sugar', 'en:disaccharide', 'en:extra-virgin-olive-oil', 'en:oil-and-fat', 'en:vegetable-oil-and-fat', 'en:vegetable-oil', 'en:olive-oil', 'en:virgin-olive-oil', 'en:concentrated-lemon-juice', 'en:fruit', 'en:juice', 'en:fruit-juice', 'en:lemon-juice', 'en:salt', 'en:basil', 'en:herb', 'en:garlic', 'en:wheat-flour', 'en:cereal', 'en:flour', 'en:wheat', 'en:cereal-flour', 'en:fennel', 'en:stalk-vegetable', 'en:sunflower-oil', 'en:tomato-juice']","['en:gluten', 'en:Cereals with Gluten']",['en:celery'],fr
3088540004440,Honey,Mélange de miels non originaires et originaires de l'UE.,"['en:blend-of-eu-and-non-eu-honeys', 'en:added-sugar', 'en:honey', 'en:blend-of-honeys']",[],[],fr
3178530407396,Petit Cookies Pépites de chocolat,"farines de céréales (farine de blé tendre,  farine d'avoine ), pépites de chocolat 33% (sucre,  pâte de cacao,  lactose,  émulsifiant  : lécithine (soja ),  arôme naturel de vanille,  cacao maigre en poudre), beurre,  sucre,  oeufs frais,  poudre à lever ( carbonates de sodium et diphosphates ), fibres de blé,  arôme naturel,  sel, poudre de lait écrémé.","['en:cereal-flour', 'en:flour', 'en:chocolate-chunk', 'en:chocolate', 'en:butter', 'en:dairy', 'en:sugar', 'en:added-sugar', 'en:disaccharide', 'en:fresh-egg', 'en:egg', 'en:e500', 'en:e450', 'en:wheat-fiber', 'en:fiber', 'en:vegetable-fiber', 'en:natural-flavouring', 'en:flavouring', 'en:salt', 'en:skimmed-milk-powder', 'en:milk-powder', 'en:soft-wheat-flour', 'en:cereal', 'en:wheat', 'en:wheat-flour', 'en:oat-flour', 'en:oat', 'en:cocoa-paste', 'en:plant', 'en:cocoa', 'en:lactose', 'en:e322i', 'en:e322', 'en:natural-vanilla-flavouring', 'en:vanilla-flavouring', 'en:fat-reduced-cocoa-powder', 'en:cocoa-powder', 'en:fat-reduced-cocoa', 'en:soya-lecithin']","['en:eggs', 'en:gluten', 'en:milk', 'en:soybeans']","['en:nuts', 'en:sesame-seeds']",fr
3248830000150,Pâte à tarte feuilletée - Pur beurre,"Farine de blé origine France 50%, eau, beurre pâtissier 22%, vinaigre, sel, levure désactivée,","['en:wheat-flour', 'en:cereal', 'en:flour', 'en:wheat', 'en:cereal-flour', 'en:water', 'en:butterfat', 'en:oil-and-fat', 'en:dairy', 'en:fat', 'en:milkfat', 'en:vinegar', 'en:salt', 'en:deactivated-yeast', 'en:yeast']","['en:gluten', 'en:milk']",[],fr
5000168198514,Sablés chocolat,"Farine 39% (farine de blé, calcium, fer, niacine, thiamine), chocolat au lait 30% (sucre, beurre de cacao, masse de cacao, lait écrémé en poudre, lactosérum en poudre (lait), beurre pâtissier (lait), graisses végétales (karité, palme), émulsifiants (lécithine de soja, E476), arôme naturel), huile de palme, farine de blé complète (9%), sucre, sirop de glucose-fructose, poudre à lever (carbonate de sodium, acide malique, carbonates d'ammonium), sel.","['en:flour', 'en:milk-chocolate', 'en:chocolate', 'en:palm-oil', 'en:oil-and-fat', 'en:vegetable-oil-and-fat', 'en:palm-oil-and-fat', 'en:whole-wheat-flour', 'en:cereal', 'en:wheat', 'en:cereal-flour', 'en:wholemeal-flour', 'en:wheat-flour', 'en:sugar', 'en:added-sugar', 'en:disaccharide', 'en:glucose-fructose-syrup', 'en:monosaccharide', 'en:fructose', 'en:glucose', 'en:e500i', 'en:e500', 'en:e296', 'en:e503', 'en:salt', 'en:calcium', 'en:minerals', 'en:iron', 'en:e375', 'en:thiamin', 'en:vitamins', 'en:cocoa-butter', 'en:plant', 'en:vegetable-fat', 'en:cocoa', 'en:cocoa-paste', 'en:skimmed-milk-powder', 'en:dairy', 'en:milk-powder', 'en:whey-powder', 'en:whey', 'en:butterfat', 'en:fat', 'en:milkfat', 'en:soya-lecithin', 'en:e322', 'en:e322i', 'en:e476', 'en:natural-flavouring', 'en:flavouring', 'en:shea-butter']","['en:gluten', 'en:milk', 'en:soybeans']",[],fr
8000500273296,Ferrero,"Chocolat au LAIT 30% (sucre, beurre de cacao, pâte de cacao, LAIT écrémé en poudre, BEURRE concentré, émulsifiants (lécithines de SOJA), vanilline), NOISETTES 28,5%, sucre, huile de palme, farine de FROMENT, LACTOSERUM en poudre, cacao maigre, émulsifiants (lécithines de SOJA), poudre à lever (carbonate acide de sodium), sel, vanilline.","['en:milk-chocolate', 'en:chocolate', 'en:hazelnut', 'en:nut', 'en:tree-nut', 'en:sugar', 'en:added-sugar', 'en:disaccharide', 'en:palm-oil', 'en:oil-and-fat', 'en:vegetable-oil-and-fat', 'en:palm-oil-and-fat', 'en:wheat-flour', 'en:cereal', 'en:flour', 'en:wheat', 'en:cereal-flour', 'en:whey-powder', 'en:dairy', 'en:whey', 'en:fat-reduced-cocoa', 'en:plant', 'en:cocoa', 'en:soya-lecithin', 'en:e322', 'en:e322i', 'en:e500ii', 'en:e500', 'en:salt', 'en:vanillin', 'en:cocoa-butter', 'en:vegetable-fat', 'en:cocoa-paste', 'en:skimmed-milk-powder', 'en:milk-powder', 'en:butterfat', 'en:fat', 'en:milkfat']","['en:gluten', 'en:milk', 'en:nuts', 'en:soybeans']",[],fr
3302740058660,Blanc de poulet 100% filet,"Filet de poulet, bouillon (eau, os de poulet, plantes aromatiques, ail, épices, oignon, poireau, _céleri_, carotte), sel, arômes naturels (présence naturėlle de polyphénols), antioxydant : acide ascorbique, dextrose, colorant : caramel ordinaire, Viande de poulet d'origine UE,","['en:chicken-fillet', 'en:poultry', 'en:chicken', 'en:chicken-meat', 'en:broth', 'en:salt', 'en:natural-flavouring', 'en:flavouring', 'en:e300', 'en:dextrose', 'en:added-sugar', 'en:monosaccharide', 'en:glucose', 'en:e150a', 'en:water', 'en:chicken-bone', 'en:bone', 'en:herb', 'en:garlic', 'en:vegetable', 'en:root-vegetable', 'en:onion-family-vegetable', 'en:spice', 'en:condiment', 'en:onion', 'en:leek', 'en:celery', 'en:stalk-vegetable', 'en:carrot', 'en:taproot-vegetable']",['en:celery'],[],fr
6111032009870,Raibi jamila,"lait, sucre, poudre de lait, beurre, gras, édulcorants","['en:milk', 'en:dairy', 'en:sugar', 'en:added-sugar', 'en:disaccharide', 'en:milk-powder', 'en:butter', 'fr:gras', 'en:sweetener']",['en:milk'],[],fr
6111252422428,saveur fruit rouge ice tea,"Eau, sucre, acidulant (acide-citrique), extrait de thé noir (0,12%), jus de canneberge à base de concentré (0,1%), jus de framboise à base de concentré (0,1%), jus de mûre à base de concentré (0,09), arome (nature identique), Stabilisant (Polyphosphates) Conservateur (Sorbate de Potassium), antioxydant (acide ascorbique), édulcorant (Glycosides de Steviol).. مشروب غير غازى بخلاصات الشاي الأسود و عصير التوت - محلى بالسكر والمحليات. المكونات: ماء سكر مادة 190,12، عصير التوت البري من مركز (0,1%)، عصير ) وت العليق عن مركز (0,1%)، عصير ون 7/10/2024, 17:34 .(%0 LEICA ـود XIAOMI ر التوت الأسود من عصير التوت ثرت (بوني","['en:water', 'en:sugar', 'en:added-sugar', 'en:disaccharide', 'en:acid', 'en:black-tea-extract', 'en:plant', 'en:tea', 'en:black-tea', 'cs:šťáva-z-klikvy-velkoplodé-z-koncentrátu', 'en:fruit', 'en:juice', 'en:fruit-juice', 'en:cranberry', 'en:raspberry-juice-from-concentrated-juice', 'en:berries', 'en:raspberry', 'en:raspberry-juice', 'en:blackberry', 'en:flavouring', 'en:stabiliser', 'en:preservative', 'en:antioxidant', 'en:sweetener', 'fr:مشروب غير غازى بخلاصات الشاي الأسود و عصير التوت', 'fr:محلى بالسكر والمحليات', 'fr:المكونات', 'fr:عصير التوت البري من مركز', 'fr:عصير ) وت العليق عن مركز', 'fr:عصير ون 7', 'fr:10', 'fr:2024', 'fr:17', 'en:e330', 'fr:0‚09', 'fr:nature identique', 'en:e452', 'en:e202', 'en:vitamin-c', 'en:vitamins', 'en:e960', 'fr:ماء سكر مادة 190‚12', 'fr:34', 'fr:%0 LEICA ـود XIAOMI ر التوت الأسود من عصير التوت ثرت', 'fr:بوني']",[],[],fr
6111032010333,Danone-Peche,,,[],[],en
3046920022705,Excellence Noir Orange Intense,"sucre, pâte de cacao, amandes 7%, jus d'orange à base de concentré 3,9%, beurre de cacao, beurre laitier concentré, sucre inverti, jus de citron à base de concentré, émulsifiant (lécithine de soja), ananas, gélifiant (pectine), arôme naturel d'orange,","['en:sugar', 'en:added-sugar', 'en:disaccharide', 'en:cocoa-paste', 'en:plant', 'en:cocoa', 'en:almond', 'en:nut', 'en:tree-nut', 'en:orange-juice-from-concentrate', 'en:fruit', 'en:citrus-fruit', 'en:juice', 'en:fruit-juice', 'en:orange', 'en:orange-juice', 'en:cocoa-butter', 'en:butterfat', 'en:oil-and-fat', 'en:dairy', 'en:fat', 'en:milkfat', 'en:invert-sugar', 'en:monosaccharide', 'en:lemon-juice-from-concentrate', 'en:lemon-juice', 'en:emulsifier', 'en:pineapple', 'en:gelling-agent', 'en:natural-orange-flavouring', 'en:flavouring', 'en:natural-flavouring', 'en:soya-lecithin', 'en:e322', 'en:e322i', 'en:e440a']","['en:milk', 'en:nuts', 'en:soybeans']","['en:nuts', 'en:sesame-seeds']",fr
20621469,Special Flakes Original,"62% Shredded Wholegrain Wheat, Rice, Sugar, Barley Malt Extract, Salt.","['en:wheat', 'en:cereal', 'en:rice', 'en:sugar', 'en:added-sugar', 'en:disaccharide', 'en:barley-malt-extract', 'en:malt', 'en:malted-barley', 'en:salt']","['en:gluten', 'en:Pode conter vestígios de outros cereais com glúten', 'en:amendoins e leite', 'en:frutos de casca rija']","['en:nuts', 'en:peanuts']",en
3560070669981,80% cacao noir,"Pâte de cacao (fèves de cacao* d'origine Côte d'Ivoire), sucre, beurre de cacao, arôme naturel de vanille.
Cacao : 80% minimum.
Peut contenir des traces de fruits à coque, de céréales contenant du gluten et de lait.
*Fèves de cacao issues du programme TRANSPARENCE CACAO.","['en:cocoa-paste', 'en:plant', 'en:cocoa', 'en:sugar', 'en:added-sugar', 'en:disaccharide', 'en:cocoa-butter', 'en:oil-and-fat', 'en:vegetable-oil-and-fat', 'en:vegetable-fat', 'en:natural-vanilla-flavouring', 'en:flavouring', 'en:natural-flavouring', 'en:vanilla-flavouring', 'fr:Fèves de cacao issues du programme TRANSPARENCE CACAO']",['en:nuts'],"['en:gluten', 'en:milk', 'en:nuts']",fr
5010477348555,Country Crisp 4 Noix,"Céréales complètes (48%) (flocons d'avoine, farine d'avoine), sucre, noix (14%) (noisettes grillées en morceaux et entières, amandes effilées et entières, morceaux de noix du Brésil, éclats de noix de pécan), flocons d'orge, huile de tournesol, farine de riz, noix de coco séchée, arôme naturel.
Peut contenir également : Autres sources de gluten, autres noix.","['en:wholemeal-cereal', 'en:cereal', 'en:sugar', 'en:added-sugar', 'en:disaccharide', 'en:walnut', 'en:nut', 'en:tree-nut', 'en:barley-flakes', 'en:barley', 'en:sunflower-oil', 'en:oil-and-fat', 'en:vegetable-oil-and-fat', 'en:vegetable-oil', 'en:rice-flour', 'en:flour', 'en:rice', 'en:desiccated-coconut', 'en:fruit', 'en:coconut', 'en:natural-flavouring', 'en:flavouring', 'en:oat-flakes', 'en:oat', 'en:oat-flour', 'en:cereal-flour', 'en:hazelnut', 'en:flaked-almonds', 'en:almond', 'en:pecan-nut']","['en:gluten', 'en:nuts']","['en:gluten', 'en:nuts']",fr
8434165466333,Krit krititas galletas saladas,"Harina de _trigo_, aceite de girasol alto oleico (26%), azúcar, jarabe de glucosa y fructosa, extracto de malta de _cebada_, sal, gasificantes (carbonatos de amonio, carbonatos sodio), corrector de acidez (fosfatos de calcio), sal mineral de potasio, levadura, agente de tratamiento de la harina (_metabisulfito_ sódico). Puede contener _sésamo, leche, mostaza, soja,huevo._","['en:wheat-flour', 'en:cereal', 'en:flour', 'en:wheat', 'en:cereal-flour', 'en:high-oleic-sunflower-oil', 'en:oil-and-fat', 'en:vegetable-oil-and-fat', 'en:vegetable-oil', 'en:sunflower-oil', 'en:sugar', 'en:added-sugar', 'en:disaccharide', 'en:glucose-fructose-syrup', 'en:monosaccharide', 'en:fructose', 'en:glucose', 'en:barley-malt-extract', 'en:malt', 'en:malted-barley', 'en:salt', 'en:raising-agent', 'en:acidity-regulator', 'en:e508', 'en:yeast', 'en:flour-treatment-agent', 'es:_', 'en:e503', 'en:e500i', 'en:e500', 'en:e341', 'en:e223']","['en:gluten', 'en:sulphur-dioxide-and-sulphites']","['en:eggs', 'en:milk', 'en:mustard', 'en:sesame-seeds', 'en:soybeans']",es
8076802085738,Barilla Penne Rigate Nº73,"_Hartweizengrieß_, Wasser.","['en:durum-wheat-semolina', 'en:cereal', 'en:wheat', 'en:durum-wheat', 'en:semolina', 'en:water']","['en:gluten', 'en:Hartweizengrieß']","['en:eggs', 'en:mustard', 'en:soybeans']",en
3560070614202,Copos de Avena Integral,"100% wholegrain oat flakes,","['en:oat-flakes', 'en:cereal', 'en:oat']","['en:gluten', 'fr:Avoine']","['en:lupin', 'en:Moutarde']",en
3228857001118,Pain 100% mie nature sans sucre ajouté,"Farine de blé 58,5%, eau, farine complète de blé 5,8%, huile de colza, fibre de chicorée, arôme (contient alcool), sel, vinaigre, levure, farine de fèves, extrait d'acérola. peut contenir des traces d'oeufs, soja, lait, fruits a coque, graines de sésame.","['en:wheat-flour', 'en:cereal', 'en:flour', 'en:wheat', 'en:cereal-flour', 'en:water', 'en:whole-wheat-flour', 'en:wholemeal-flour', 'en:colza-oil', 'en:oil-and-fat', 'en:vegetable-oil-and-fat', 'en:rapeseed-oil', 'en:chicory-fibre', 'en:vegetable', 'en:fiber', 'en:shoot-vegetable', 'en:vegetable-fiber', 'en:chicory', 'en:flavouring', 'en:salt', 'en:vinegar', 'en:yeast', 'en:broad-bean-flour', 'en:acerola-juice', 'en:fruit', 'en:juice', 'en:fruit-juice', 'en:acerola']",['en:gluten'],"['en:eggs', 'en:milk', 'en:nuts', 'en:sesame-seeds', 'en:soybeans', 'fr:Peut contenir des traces d ceufs', 'fr:fruits àcoque']",fr
3760020505936,Bouillon cube Légumes sans sel sans gluten,"INGRÉDIENTS DU BOUILLON DÉSHYDRATÉ :
beurre de karité*, légumes* 20% (tomates*, CELERI*, oignons*, carottes*, poireaux*, panais*), amidon de maïs*, sirop de glucose*, sucre de canne brut*, extrait de levure, jus de légumes* concentré (CELERI*, carottes*, oignons*), aromates* (ail*, feuilles de livèche*, persil*, feuilles de CELERI*, origan*, romarin*, thym*), huile d'olive*, épices*, sucre caramélisé*, huile de tournesol*.
*Produits issus de l'agriculture biologique.
Peut contenir des traces d'OEUFS, de LAIT, de SOJA et de MOUTARDE.","['fr:ingredients-du-bouillon-deshydrate', 'en:vegetable', 'en:corn-starch', 'en:starch', 'en:glucose-syrup', 'en:added-sugar', 'en:monosaccharide', 'en:glucose', 'en:unrefined-cane-sugar', 'en:disaccharide', 'en:sugar', 'en:cane-sugar', 'en:unrefined-sugar', 'en:yeast-extract', 'en:yeast', 'fr:jus-de-legumes-concentres', 'en:spice', 'en:condiment', 'en:olive-oil', 'en:oil-and-fat', 'en:vegetable-oil-and-fat', 'en:vegetable-oil', 'en:caramelised-sugar', 'en:sunflower-oil', 'en:shea-butter', 'en:vegetable-fat', 'en:tomato', 'en:fruit-vegetable', 'en:celery', 'en:stalk-vegetable', 'en:onion', 'en:root-vegetable', 'en:onion-family-vegetable', 'en:carrot', 'en:taproot-vegetable', 'en:leek', 'en:parsnip', 'en:garlic', 'en:lovage-leaves', 'en:herb', 'en:lovage', 'en:parsley', 'en:leaf-vegetable', 'en:celery-leaves', 'en:oregano', 'en:rosemary', 'en:thyme']",['en:celery'],"['en:eggs', 'en:milk', 'en:mustard', 'en:soybeans']",fr
3175681261365,Biscuits Abricot Pistache,"Farine de blé 54,9%, huile de colza, sucre non raffiné, germe de blé 5,6%, abricots secs 5,1%, pistaches 4,6%, amidon de blé, fibres de blé, jus concentré de citron, émulsifiant : lécithines, magnésium, poudre à lever (carbonates de sodium), arôme naturel d'abricot avec autres arômes naturels.","['en:wheat-flour', 'en:cereal', 'en:flour', 'en:wheat', 'en:cereal-flour', 'en:colza-oil', 'en:oil-and-fat', 'en:vegetable-oil-and-fat', 'en:rapeseed-oil', 'en:unrefined-sugar', 'en:added-sugar', 'en:disaccharide', 'en:sugar', 'en:wheat-germ', 'en:dried-apricots', 'en:fruit', 'en:prunus-species-fruit', 'en:apricot', 'en:pistachio-nuts', 'en:nut', 'en:tree-nut', 'en:wheat-starch', 'en:starch', 'en:wheat-fiber', 'en:fiber', 'en:vegetable-fiber', 'en:concentrated-lemon-juice', 'en:juice', 'en:fruit-juice', 'en:lemon-juice', 'en:emulsifier', 'en:magnesium', 'en:minerals', 'en:raising-agent', 'en:natural-apricot-flavouring', 'en:flavouring', 'en:natural-flavouring', 'en:e322', 'en:e500']","['en:gluten', 'en:nuts']","['en:lupin', 'en:milk', 'en:nuts', 'en:sesame-seeds', 'en:soybeans']",fr
6111180007339,,"sucre, poudre de cacao (25%), amidon de maïs, épaississant: gomme guar, arômes: vanille et chocolat","['en:sugar', 'en:added-sugar', 'en:disaccharide', 'en:cocoa-powder', 'en:plant', 'en:cocoa', 'en:corn-starch', 'en:starch', 'en:e412', 'en:flavouring', 'en:chocolate', 'en:vanilla-flavouring']",[],[],en
5449000132277,fanta tops lemon 1.5l,"ماء, سكر, عصير ليمون, ثاني أكسيد الكربون, نكهات طبيعية, حمض الستريك, بنزوات الصوديوم, صمغ عربي, استرات الجليسيرول, صبغة الكلوروفيل, صبغة الكاروتين","['en:water', 'en:sugar', 'en:added-sugar', 'en:disaccharide', 'ar:عصير-ليمون', 'ar:ثاني-أكسيد-الكربون', 'ar:نكهات-طبيعية', 'ar:حمض-الستريك', 'en:e211', 'en:e414', 'ar:استرات-الجليسيرول', 'ar:صبغة-الكلوروفيل', 'ar:صبغة-الكاروتين']",[],[],fr
6111252422411,Lipton Ice Tea Saveur Pêche,"eau, sucre, acidulant (acide citrique), extrait de fleur de pêche (0,1%), stabilisant (phosphates de potassium), arôme naturel de pêche, conservateur (sorbate de potassium), antioxydant (acide ascorbique), édulcorant (glycoside de stéviol)","['en:water', 'en:sugar', 'en:added-sugar', 'en:disaccharide', 'en:e330', 'fr:extrait de fleur de pêche', 'en:e340', 'en:natural-peach-flavouring', 'en:flavouring', 'en:natural-flavouring', 'en:e202', 'en:e300', 'en:e960']",[],[],en
3155251205524,Beurre tendre doux,"Beurre (lain) (crème (origine France et UE), matière grasse laitière, ferments lactiques). Nos beurres Président sont fabriqués en Normandie ou en Bretagne. En moyenne sur l'année, les crèmes utilisées sont très majoritairement françaises. Il peut arriver que nous sélectionnions des crèmes origine UE pour couvrir nos besoins sans jamais transiger sur la qualité","['en:butter', 'en:dairy', 'fr:Nos beurres Président sont fabriqués en Normandie et en', ""fr:En moyenne sur l'année"", 'fr:les crèmes utilisées sont très majoritairement', 'fr:Il peut arriver que nous sélectionnions des crèmes', 'fr:lain', 'en:cream', 'en:milkfat', 'en:oil-and-fat', 'en:fat', 'en:lactic-ferments', 'en:ferment', 'en:microbial-culture']",['en:milk'],[],fr
5449000232311,FuzeTea Thé noir glacé saveur pêche,"Eau, sucre, acide citrique, acide malique, extrait de thé noir (0,12%), jus de pêche à base de concentré (0.1%), arôme naturel de pêche, arômes naturels, citrates de sodium, acide ascorbique, glycosides de stéviol issus de Stevia, extrait d'hibiscus.","['en:water', 'en:sugar', 'en:added-sugar', 'en:disaccharide', 'en:e330', 'en:e296', 'en:black-tea-extract', 'en:plant', 'en:tea', 'en:black-tea', 'en:peach', 'en:fruit', 'en:prunus-species-fruit', 'en:natural-peach-flavouring', 'en:flavouring', 'en:natural-flavouring', 'en:e331', 'en:e300', 'en:e960a', 'en:roselle-flower']",[],[],fr
3302740050268,Jambon Simplement Bio - Conservation sans nitrite,"jambon de porc, bouillon (eau, ail, épices, plantes aromatiques), sel, extraits de caroube, extraits de citron (présence naturelle de polyphenols), extrait de levure, antioxydant (acide ascorbique), sucre de canne, jus concentré d'acérola, maltodextrine, citron déshydraté","['en:ham', 'en:animal', 'en:meat', 'en:pork', 'en:pork-meat', 'en:broth', 'en:salt', 'en:carob-bean', 'en:vegetable', 'en:legume', 'en:pulse', 'en:lemon-extract', 'en:fruit', 'en:citrus-fruit', 'en:extract', 'en:fruit-extract', 'en:citrus-fruit-extract', 'en:yeast-extract', 'en:yeast', 'en:antioxidant', 'en:cane-sugar', 'en:added-sugar', 'en:disaccharide', 'en:sugar', 'en:acerola-juice', 'en:juice', 'en:fruit-juice', 'en:acerola', 'en:maltodextrin', 'en:lemon', 'en:water', 'en:garlic', 'en:root-vegetable', 'en:onion-family-vegetable', 'en:spice', 'en:condiment', 'en:herb', 'en:vitamin-c', 'en:vitamins']",[],[],fr
7394376616709,Avena Barista Edition,"Agua, AVENA 10%, aceite de nabina, correctores de acidez (fosfato dipotásico), minerales (carbonato de calcio, yoduro de potasio), sal, vitaminas (D2, riboflavina, B12).","['en:water', 'en:oat', 'en:cereal', 'en:colza-oil', 'en:oil-and-fat', 'en:vegetable-oil-and-fat', 'en:rapeseed-oil', 'en:acidity-regulator', 'en:minerals', 'en:salt', 'en:vitamins', 'en:ergocalciferol', 'en:vitamin-d', 'en:e101', 'en:vitamin-b12', 'en:e340ii', 'en:e340', 'en:e170i', 'en:e170', 'en:potassium-iodide', 'en:iodine']",[],[],es
6111242660373,Beurre Badaouia,"Crème de lait de vache, matière grasse pas moins de 82%, matière laitière solide non grasse 2%, humidité pas plus de 16%","['fr:Crème de lait de vache', 'fr:matière grasse pas moins de', 'fr:matière laitière solide non grasse', 'fr:humidité pas plus de']",['en:milk'],[],fr
5449000036889,refresco de naranja,"agua carbonatada, azúcar, zumo de naranja,","['en:carbonated-water', 'en:water', 'en:sugar', 'en:added-sugar', 'en:disaccharide', 'en:orange-juice', 'en:fruit', 'en:citrus-fruit', 'en:juice', 'en:fruit-juice', 'en:orange']",[],[],es
3760020500658,Pâte à tartiner chocolat Noisette,"Sucre de canne*, huile de tournesol*, chocolat* 16,5% (sucre de canne*, poudre de cacao maigre*, beurre de cacao*), purée de NOISETTES* 10%, poudre de LAIT écrémé*, farine de SOJA*, émulsifiant : lécithines* (SOJA), extrait de vanille Bourbon*","['en:cane-sugar', 'en:added-sugar', 'en:disaccharide', 'en:sugar', 'en:sunflower-oil', 'en:oil-and-fat', 'en:vegetable-oil-and-fat', 'en:vegetable-oil', 'en:chocolate', 'en:hazelnut-paste', 'en:nut', 'en:tree-nut', 'en:hazelnut', 'en:skimmed-milk-powder', 'en:dairy', 'en:milk-powder', 'en:soya-flour', 'en:vegetable', 'en:pod-and-seed-vegetable', 'en:flour', 'en:legume', 'en:pulse', 'en:soya', 'en:soya-bean', 'en:e322', 'en:bourbon-vanilla-extract', 'en:plant', 'en:extract', 'en:vanilla', 'en:bourbon-vanilla', 'en:vegetable-extract', 'en:vanilla-extract', 'en:fat-reduced-cocoa-powder', 'en:cocoa', 'en:cocoa-powder', 'en:fat-reduced-cocoa', 'en:cocoa-butter', 'en:vegetable-fat', 'en:soya-lecithin', 'en:e322i']","['en:milk', 'en:nuts', 'en:soybeans']",['en:nuts'],fr
3229820019604,Soja nature sans sucre ajouté bio,"Tonyu (eau, fèves de soja 8%)","['en:soy-milk', 'en:preparation', 'en:soy-preparation', 'en:water', 'en:soya-bean', 'en:vegetable', 'en:pod-and-seed-vegetable', 'en:legume', 'en:pulse', 'en:soya']",['en:soybeans'],[],fr
3322680010290,crêpes de Landerneau,"LAIT frais entier (56 g), farine de BLÉ (44 g), sucre, ŒUFS (15 g*), BEURRE pâtissier (7,5 g), sel, farine de sarrasin (0,7 g*). Peut contenir des traces de soja et fruits à coque.","['en:milk', 'en:dairy', 'en:wheat-flour', 'en:cereal', 'en:flour', 'en:wheat', 'en:cereal-flour', 'en:sugar', 'en:added-sugar', 'en:disaccharide', 'en:egg', 'en:butterfat', 'en:oil-and-fat', 'en:fat', 'en:milkfat', 'en:salt', 'en:buckwheat-flour', 'en:buckwheat']","['en:eggs', 'en:gluten', 'en:milk']","['en:nuts', 'en:soybeans']",fr
3033710003228,RICORÉ® aux céréales et à la chicorée solubles Boîte 250g,"Orge (44%), Orge maltée (28%). Seigle (14%), Chicorée (14%).","['en:barley', 'en:cereal', 'en:malted-barley', 'en:malt', 'en:rye', 'en:chicory', 'en:vegetable', 'en:shoot-vegetable']",['en:gluten'],[],fr
3229820762692,TOFU NATURE,"water, soy beans * non-gmo (32%), agent of coagulation, with : magnesium chloride (nigari), calcium sulfate,","['en:water', 'en:soy beans * non-gmo', 'en:agent of coagulation', 'en:with', 'en:e516', 'en:e511', 'en:nigari']",['en:soybeans'],['en:none'],en
6111251420135,Aïn Ifrane,eau minérale,"['en:mineral-water', 'en:water']",[],[],fr
3154230809890,jambon,"Jambon frais de porc, Sel, Arômes naturels (présence naturelle de polyphénols), Bouillon (eau, gras et couenne de porc, os de porc, sel, extraits de carotte et d'oignon, épices et plantes aromatiques), Sucre, Chlorure de potassium, Antioxydant: Acide ascorbique, Vinaigre en poudre.","['fr:jambon-de-porc-frais', 'en:animal', 'en:meat', 'en:pork', 'en:pork-meat', 'en:ham', 'en:salt', 'en:natural-flavouring', 'en:flavouring', 'en:broth', 'en:sugar', 'en:added-sugar', 'en:disaccharide', 'en:e508', 'en:e300', 'en:vinegar', 'en:water', 'fr:gras-et-couenne-de-porc', 'en:pork-bone', 'en:pork-by-product', 'en:carrot-extract', 'en:vegetable', 'en:root-vegetable', 'en:taproot-vegetable', 'en:carrot', 'en:onion', 'en:onion-family-vegetable', 'en:herbs-and-spices', 'en:condiment', 'en:herb', 'en:spice']",[],[],fr
3029330801924,pain Burger complet,"Farine complète de blé (38%), farine de blé (23%), eau, sucre, levure, huile de colza, graines de sésame (1,8%), arôme naturel (contient alcool), sel, farine de maïs fermentée, gluten de blé, jus d'acérola en poudre.","['en:whole-wheat-flour', 'en:cereal', 'en:flour', 'en:wheat', 'en:cereal-flour', 'en:wholemeal-flour', 'en:wheat-flour', 'en:water', 'en:sugar', 'en:added-sugar', 'en:disaccharide', 'en:yeast', 'en:colza-oil', 'en:oil-and-fat', 'en:vegetable-oil-and-fat', 'en:rapeseed-oil', 'en:sesame-seeds', 'en:seed', 'en:sesame', 'en:natural-flavouring', 'en:flavouring', 'en:salt', 'en:corn', 'en:wheat-gluten', 'en:gluten', 'en:acerola', 'en:fruit']","['en:gluten', 'en:sesame-seeds']","['en:eggs', 'en:milk']",fr
6111250473453,VIP crema gold café instantané,café soluble 100%,"['en:instant-coffee', 'en:coffee']",[],[],fr
6111032002888,Velouté Fraise,"المکونات: حليب بدون قشدة، سكر، مستحضرات الفواکه قشدة، مسحوق الحليب بدون قشدة، زبدة، مخثر(نشا)، نکهات، خمائرحليبية لليوغورت ملون طبيعي(احمرکارمین )م.د.%3.
مصنوع في خط قد يمکن ان يحتوي علي الکلوتین والفستق رقم الآعتماد الصحي LFPL.2.1.13 ONSSA الوزن الصافي 110غ.","['fr:المکونات', 'fr:سكر', 'fr:مستحضرات الفواکه قشدة', 'fr:مسحوق الحليب بدون قشدة', 'fr:زبدة', 'fr:مخثر', 'fr:نکهات', 'fr:خمائرحليبية لليوغورت ملون طبيعي', 'fr:م.د.%3', 'fr:مصنوع في خط قد يمکن ان يحتوي علي الکلوتین والفستق رقم الآعتماد الصحي LFPL.2.1.13 ONSSA الوزن الصافي 110غ', 'fr:حليب بدون قشدة', 'fr:نشا', 'fr:احمرکارمین']",[],['fr:مصنوع-في-خط-قد-يمکن-ان-يحتوي-علي-الکلوتین-والفستق'],fr
6111242102552,Dessert gourmand choco,"lait entier, crème, sucre, épaississant: (amidon, carraghénane), caramel, arôme, colorant naturel. Matière grasse: 4%","['en:whole-milk', 'en:dairy', 'en:milk', 'en:cream', 'en:sugar', 'en:added-sugar', 'en:disaccharide', 'en:thickener', 'en:e407', 'en:e150', 'en:flavouring', 'en:natural-colours', 'en:colour', 'en:fat', 'en:oil-and-fat', 'en:starch']","['en:milk', 'en:crème', 'en:lait entier']",[],en
3033491454080,SKYR,"Lait écrémé, ferments lactiques (lait). Lait: Origine France","['en:skimmed-milk', 'en:dairy', 'en:milk', 'en:lactic-ferments', 'en:ferment', 'en:microbial-culture']",['en:milk'],[],fr
3281780893892,Taboulé oriental à l'huile d'olive vierge extra,"Semoule de blé dur réhydratée 56% (semoule de blé dur, eau), légumes (poivrons, tomates, oignons), jus de citron à base de concentré, huile d'olive vierge extra, huile de colza, raisins secs, menthe, épices, vinaigre d'alcool, sel, conservateur: sorbate de potassium.","['en:durum-wheat', 'en:cereal', 'en:wheat', 'en:vegetable', 'en:lemon-juice-from-concentrate', 'en:fruit', 'en:juice', 'en:fruit-juice', 'en:lemon-juice', 'en:extra-virgin-olive-oil', 'en:oil-and-fat', 'en:vegetable-oil-and-fat', 'en:vegetable-oil', 'en:olive-oil', 'en:virgin-olive-oil', 'en:colza-oil', 'en:rapeseed-oil', 'en:raisin', 'en:berries', 'en:dried-fruit', 'en:grape', 'en:mint', 'en:herb', 'en:spice', 'en:condiment', 'en:alcohol-vinegar', 'en:vinegar', 'en:salt', 'en:e202', 'en:durum-wheat-semolina', 'en:semolina', 'en:water', 'en:bell-pepper', 'en:fruit-vegetable', 'en:capsicum-annuum', 'en:tomato', 'en:onion', 'en:root-vegetable', 'en:onion-family-vegetable']",['en:gluten'],"['en:celery', 'en:crustaceans', 'en:eggs', 'en:fish', 'en:gluten', 'en:milk', 'en:mustard', 'en:nuts', 'en:peanuts', 'en:sesame-seeds', 'en:soybeans']",fr
6191585701858,كريميو,"Lait écrémé, lait reconstitué, fromage cheddar, matière grasse végétale, huile de coco hydrogénée, sels de fonte, sel, phosphate de sodium, citrate de sodium, maltodextrine, correcteur d'acidité, conservateur, carraghénane, correcteur d'acidité","['en:skimmed-milk', 'en:dairy', 'en:milk', 'en:cheddar', 'en:cheese', 'en:vegetable-fat', 'en:oil-and-fat', 'en:vegetable-oil-and-fat', 'en:coconut-oil', 'en:vegetable-oil', 'en:emulsifying-salts', 'en:salt', 'en:e339', 'en:sodium-citrate', 'en:minerals', 'en:sodium', 'en:maltodextrin', 'en:acidity-regulator', 'en:preservative', 'en:e407']",['en:milk'],[],fr
3175681110106,germe de blé,"Germe de blé. Fabriqué dans un atelier qui utilise des fruits à coque, du lupin, de l'oeuf, du lait, du sésame et du soja.","['en:wheat-germ', 'en:cereal', 'en:wheat']",['en:gluten'],"['en:celery', 'en:eggs', 'en:lupin', 'en:milk', 'en:nuts', 'en:sesame-seeds', 'en:soybeans']",fr
3174660084513,Cassonade,sucre roux de canne,"['en:unrefined-cane-sugar', 'en:added-sugar', 'en:disaccharide', 'en:sugar', 'en:cane-sugar', 'en:unrefined-sugar']",[],[],fr
3421557910203,Flocons d'avoine complets,Flocons d'avoine complets.,"['en:whole-grain-oat-flakes', 'en:cereal', 'en:oat', 'en:oat-flakes', 'en:wholemeal-oat']","['en:gluten', 'fr:Avoine']","['en:gluten', 'en:lupin', 'en:milk', 'en:mustard', 'en:nuts', 'en:peanuts', 'en:sesame-seeds', 'en:soybeans']",fr
5053990127726,Pringles Original,"Patate disidratate,  olio di girasole,  farina di frumento, farina di mais, farina di riso, maltodestrina, emulsionante (E471), colorante (norbissina di annatto), sale. palmier.","['en:potato', 'en:vegetable', 'en:root-vegetable', 'en:starchy-root-vegetable', 'en:tuber', 'en:sunflower-oil', 'en:oil-and-fat', 'en:vegetable-oil-and-fat', 'en:vegetable-oil', 'en:wheat-flour', 'en:cereal', 'en:flour', 'en:wheat', 'en:cereal-flour', 'en:corn-flour', 'en:corn', 'en:rice-flour', 'en:rice', 'en:maltodextrin', 'en:e471', 'it:norbissina di annatto', 'en:salt', 'it:palmier']",['en:gluten'],"['en:milk', 'en:soybeans']",it
5053827199568,Müsli-Tresor-Choco Nut,"Getreidemehle(53%)(_Weizen_, _Hafer_, Reis), Füllung mit Schokoladen - und _Haselnussgeschmack_(Zucker, pflanzliche Öle{Palm, Sonnenblume, Raps), Glukosesirup, Schokolade(4%)(Zucker, Kakaomasse), fettarmes Kakaopulver, _Süßmolkenpulver_, _Magermilchpulver_, _Haselnüsse_(1%), Emulgator {Sonnenblumenlecithin}, natürliches Aroma), Zucker, Salz, Farbstoff(Annatto Norbixin, Carotin), Antioxidationsmittel(Ascorbylpalmitat, Alpha-Tocopherol). VITAMINE: Riboflavin, Thiamin, Vitamin B6, Vitamin B12. Kann enthalten: Gluten anderer Getreidesorten, andere Schalenfrüchte.","['en:cereal-flour', 'en:flour', 'de:Füllung mit Schokoladen', 'de:und _Haselnussgeschmack_', 'en:glucose-syrup', 'en:added-sugar', 'en:monosaccharide', 'en:glucose', 'en:chocolate', 'en:fat-reduced-cocoa-powder', 'en:plant', 'en:cocoa', 'en:cocoa-powder', 'en:fat-reduced-cocoa', 'en:sweet-whey-powder', 'en:dairy', 'en:whey', 'en:sweet-whey', 'en:skimmed-milk-powder', 'en:milk-powder', 'en:hazelnut', 'en:nut', 'en:tree-nut', 'en:natural-flavouring', 'en:flavouring', 'en:sugar', 'en:disaccharide', 'en:salt', 'en:e160b', 'en:e160a', 'en:e304i', 'en:e304', 'en:e307', 'en:vitamins', 'en:e101', 'en:thiamin', 'en:vitamin-b6', 'en:vitamin-b12', 'de:anderer Getreidesorten', 'en:wheat', 'en:cereal', 'en:oat', 'en:rice', 'en:vegetable-oil', 'en:oil-and-fat', 'en:vegetable-oil-and-fat', 'en:palm', 'en:palm-oil-and-fat', 'en:palm-oil', 'en:sunflower', 'en:rapeseed', 'en:vegetable', 'en:root-vegetable', 'en:cocoa-paste', 'en:sunflower-lecithin', 'en:e322', 'en:e322i']","['en:gluten', 'en:milk', 'en:nuts', 'de:Haselnussgeschmack']","['en:nuts', 'en:soybeans']",de
5053990107339,Pringles Original,"Kartoffelp Ole (Sonnenblume, Mais), Reismehl, Weizenstärke, Maism (E471), Maltodextrin, Speisesalz, Hefeextrakt, Hefepulver, F (Annatto).","['de:Kartoffelp Ole', 'en:rice-flour', 'en:flour', 'en:rice', 'en:wheat-starch', 'en:starch', 'de:Maism', 'en:maltodextrin', 'en:salt', 'en:yeast-extract', 'en:yeast', 'en:yeast-powder', 'de:F', 'en:sunflower', 'en:plant', 'en:corn', 'en:cereal', 'en:e471', 'en:e160b']","['en:gluten', 'en:milk', 'en:soybeans']",[],de
6111184000701,Star moutarde 200 g,"water, sesame seeds, salt, citric acid","['en:water', 'en:sesame-seeds', 'en:seed', 'en:sesame', 'en:salt', 'en:e330']",['en:sesame-seeds'],[],fr
6111028001017,kiri 36p,"fromage blanc, lait écrémé réhydraté, matière grasse laitière, protéines de lait, sels de fonte (polyphosphate, phosphate tricalcique, acide citrique), amidon modifié, sel, épaississant (carraghénane)","['en:fromage-blanc', 'en:dairy', 'en:cheese', 'en:skimmed-milk', 'en:milk', 'en:milkfat', 'en:oil-and-fat', 'en:fat', 'en:milk-proteins', 'en:protein', 'en:animal-protein', 'en:emulsifying-salts', 'en:modified-starch', 'en:starch', 'en:salt', 'en:thickener', 'en:e452', 'en:e341', 'en:e330', 'en:e407']",['en:milk'],[],fr
5410041005707,Pim's Sinaasappel,"Glucose-fructosestroop, suiker, TARWEBLOEM 15 %, EIEREN, cacaomassa, geconcentreerd sinaasappelsap 4,5 %, cacaoboter, koolzaadolie, geconcentreerde sinaasappelpuree 1,5 %, voedingszuur (citroenzuur), plantaardige vetten (mangopit, sal, shea, palm in wisselende verhoudingen), geleermiddel (pectinen), rijsmiddelen (ammoniumcarbonaten, difosfaten, natriumcarbonaten), TARWEZETMEEL, zuurteregelaars (natriumcitraten, calciumcitraten), emulgator (SOJALECITHINEN), zout, natuurlijk sinaasappelaroma, verdikkingsmiddel (xanthaangom), aroma, magere MELKPOEDER.","['en:glucose-fructose-syrup', 'en:added-sugar', 'en:monosaccharide', 'en:fructose', 'en:glucose', 'en:sugar', 'en:disaccharide', 'en:wheat-flour', 'en:cereal', 'en:flour', 'en:wheat', 'en:cereal-flour', 'en:egg', 'en:cocoa-paste', 'en:plant', 'en:cocoa', 'en:concentrated-orange-juice', 'en:fruit', 'en:citrus-fruit', 'en:juice', 'en:fruit-juice', 'en:orange', 'en:orange-juice', 'en:cocoa-butter', 'en:oil-and-fat', 'en:vegetable-oil-and-fat', 'en:vegetable-fat', 'en:colza-oil', 'en:rapeseed-oil', 'en:e330', 'en:e440a', 'en:e503', 'en:e500', 'en:wheat-starch', 'en:starch', 'en:e331', 'en:e333', 'en:soya-lecithin', 'en:e322', 'en:e322i', 'en:salt', 'en:natural-orange-flavouring', 'en:flavouring', 'en:natural-flavouring', 'en:e415', 'en:skimmed-milk-powder', 'en:dairy', 'en:milk-powder', 'nl:mangopit', 'en:shorea-robusta-seed-oil', 'en:vegetable-oil', 'en:shea-butter']","['en:eggs', 'en:gluten', 'en:milk', 'en:soybeans']",['en:sesame-seeds'],nl
7613035694958,Carré gourmand Tomates et mozzarella,"Tomates 29,3 %, FROMAGE blanc au LAIT écrémé pasteurisé 13.8%, chapelure 11,3% (farine de BLÉ, levure, sel, huile de colza, épices, extrait de paprika), MOZZARELLA (LAIT) 7%, huiles végétales (colza, tournesol) en proportion variable, oignons, plantes aromatiques (basilic, persil), amidon de maïs, blanc d'ŒUF en poudre 3,9%, EDAM (LAIT) 3,5%, farine de BLÉ, ail, correcteur d'acidité : vinaigre tamponné ; fibres de bambou, sucre, sel. Peut contenir : SOJA.","['en:tomato', 'en:vegetable', 'en:fruit-vegetable', 'fr:FROMAGE blanc au LAIT écrémé pasteurisé', 'en:breadcrumbs', 'en:coating', 'en:mozzarella', 'en:dairy', 'en:cheese', 'en:vegetable-oil', 'en:oil-and-fat', 'en:vegetable-oil-and-fat', 'en:onion', 'en:root-vegetable', 'en:onion-family-vegetable', 'en:herb', 'en:corn-starch', 'en:starch', 'en:egg-white', 'en:egg', 'en:edam', 'en:wheat-flour', 'en:cereal', 'en:flour', 'en:wheat', 'en:cereal-flour', 'en:garlic', 'en:e267', 'en:bamboo-fibre', 'en:fiber', 'en:vegetable-fiber', 'en:sugar', 'en:added-sugar', 'en:disaccharide', 'en:salt', 'en:yeast', 'en:colza-oil', 'en:rapeseed-oil', 'en:spice', 'en:condiment', 'en:e160c', 'en:sunflower-oil', 'en:basil', 'en:parsley', 'en:leaf-vegetable']","['en:eggs', 'en:gluten', 'en:milk']","['en:celery', 'en:mustard', 'en:sesame-seeds', 'en:soybeans']",fr
3168930010869,Cruesli Chocolat noir maxi format,"AVOINE complète (37%),chocolat noir* (12%) [pâte de cacao, sucre, arôme naturel de vanille, émulsifiants (lécithine de SOJA, polyglycérol polyricinoléate)],huile de tournesol,sucre,BLÉ complet (9,6%),sirop de glucose,oligofructose (extrait de racine de chicorée),farine de riz,farine de BLÉ,noix de coco séchée,mélasse,sel,cannelle,arôme naturel de caramel aux pommes et autres arômes naturels,antioxydant (tocophérol),*le chocolat noir contient 65% de cacao minimum.","['en:wholemeal-oat', 'en:cereal', 'en:oat', 'en:dark-chocolate', 'en:chocolate', 'en:sunflower-oil', 'en:oil-and-fat', 'en:vegetable-oil-and-fat', 'en:vegetable-oil', 'en:sugar', 'en:added-sugar', 'en:disaccharide', 'en:whole-wheat', 'en:wheat', 'en:glucose-syrup', 'en:monosaccharide', 'en:glucose', 'en:oligofructose', 'en:rice-flour', 'en:flour', 'en:rice', 'en:wheat-flour', 'en:cereal-flour', 'en:desiccated-coconut', 'en:fruit', 'en:coconut', 'en:molasses', 'en:salt', 'en:cinnamon', 'en:condiment', 'en:spice', 'fr:arôme naturel de caramel aux pommes', 'en:natural-flavouring', 'en:flavouring', 'en:vitamin-e', 'en:vitamins', 'fr:le chocolat noir contient 65\xa0% de cacao minimum', 'en:cocoa-paste', 'en:plant', 'en:cocoa', 'en:natural-vanilla-flavouring', 'en:vanilla-flavouring', 'en:soya-lecithin', 'en:e322', 'en:e322i', 'fr:polyglycérol polyricinoléate', 'en:chicory-root', 'en:vegetable', 'en:shoot-vegetable', 'en:chicory']","['en:gluten', 'en:milk', 'en:soybeans']","['en:milk', 'en:nuts', 'fr:Noix-non-traitees']",fr
3067140037898,Chicoree soluble nature bio 100g,Chicorée Soluble,"['fr:chicoree-soluble', 'en:vegetable', 'en:shoot-vegetable', 'en:chicory']",['en:gluten'],[],fr
3560071010058,Le pain aux Céréales,"Eau, farine de _blé_ 18%, levain de _seigle_ (eau, farine de _seigle_ 7,7%), farine de _blé_ complet 8,7%, farine de _seigle_ 5,9%, graines de lin brun 5,5%, graines de tournesol 3,6%, flocons d'_avoine_ 3,2%, farine de _seigle_ complet 2,6%, flocons d'_orge_ 2,6%, graines de millet 2,6%, levure, extrait de malt d'orge, huile de tournesol, sel, protéines de _blé_, conservateur : acide sorbique, correcteur d'acidité : acétates de sodium, agent de traitement de la farine : acide ascorbique, arôme naturel (contient alcool). Peut contenir des traces de graines de sésame, lupin, moutarde et soja.","['en:water', 'en:wheat-flour', 'en:cereal', 'en:flour', 'en:wheat', 'en:cereal-flour', 'en:rye-sourdough', 'en:dough', 'en:rye', 'en:sourdough', 'en:whole-wheat-flour', 'en:wholemeal-flour', 'en:rye-flour', 'en:brown-flax-seeds', 'en:seed', 'en:flax', 'en:flax-seed', 'en:sunflower-seed', 'en:plant', 'en:sunflower', 'en:oat-flakes', 'en:oat', 'en:wholemeal-rye-flour', 'en:barley-flakes', 'en:barley', 'en:millet-seed', 'en:millet', 'en:yeast', 'en:barley-malt-extract', 'en:malt', 'en:malted-barley', 'en:sunflower-oil', 'en:oil-and-fat', 'en:vegetable-oil-and-fat', 'en:vegetable-oil', 'en:salt', 'en:wheat-protein', 'en:protein', 'en:plant-protein', 'en:preservative', 'en:acidity-regulator', 'en:flour-treatment-agent', 'en:natural-flavouring', 'en:flavouring', 'en:e200', 'en:e262', 'en:e300']","['en:gluten', 'fr:Avoine', 'fr:avoine']","['en:lupin', 'en:mustard', 'en:sesame-seeds', 'en:soybeans']",fr
3245413451804,Avoine,"Eau, _avoine_* 11%, huile de tournesol*, sel marin. *Ingrédients issus de l'agriculture biologique.
**Contient des sucres naturellement présents et des sucres formés lors du procédé de fabrication.","['en:water', 'en:oat', 'en:cereal', 'en:sunflower-oil', 'en:oil-and-fat', 'en:vegetable-oil-and-fat', 'en:vegetable-oil', 'en:sea-salt', 'en:salt', 'fr:Contient des sucres naturellement présents et des sucres formés lors du procédé de fabrication']","['en:gluten', 'fr:Avoine', 'fr:avoine']",[],fr
20002183,Fiocchi di latte,"Latte pastorizzato, sale, fermenti lattici, caglio microbico","['en:milk', 'en:dairy', 'en:salt', 'en:lactic-ferments', 'en:ferment', 'en:microbial-culture', 'en:microbial-rennet', 'en:enzyme', 'en:coagulating-enzyme', 'en:rennet', 'en:vegetarian-rennet']",['en:milk'],['en:none'],it
6111246721995,fromage blanc nature,"Lait de Vache pasteurisé, Crème fraiche pasteurisée ferments lactiques, Présure.","['en:cow-s-milk', 'en:dairy', 'en:milk', 'fr:Crème fraiche pasteurisée ferments lactiques', 'en:rennet', 'en:enzyme', 'en:coagulating-enzyme']",['en:milk'],[],fr
8076800376999,Lasagne all'uovo,"Semola di grano duro, uova fresche di categoria A (19.36%).","['en:durum-wheat-semolina', 'en:cereal', 'en:wheat', 'en:durum-wheat', 'en:semolina', 'en:fresh-category-a-eggs', 'en:egg', 'en:category-a-eggs']","['en:eggs', 'en:gluten']","['en:mustard', 'en:soybeans']",it
5060042641420,Chips sel de mer et poivre noir,"Pomme de terre, huile de tournesol, farine de riz, sel de mer, épices (poivre noir concassé, poivre noir moulu), sucre, extrait de levure, arôme naturel.","['en:potato', 'en:vegetable', 'en:root-vegetable', 'en:starchy-root-vegetable', 'en:tuber', 'en:sunflower-oil', 'en:oil-and-fat', 'en:vegetable-oil-and-fat', 'en:vegetable-oil', 'en:rice-flour', 'en:flour', 'en:rice', 'en:sea-salt', 'en:salt', 'en:spice', 'en:condiment', 'en:sugar', 'en:added-sugar', 'en:disaccharide', 'en:yeast-extract', 'en:yeast', 'en:natural-flavouring', 'en:flavouring', 'en:cracked-black-pepper', 'en:seed', 'en:pepper', 'en:black-pepper']",[],['en:milk'],fr
6111248360116,Eau,Eau,['en:water'],[],[],fr
6111271800016,,,,[],[],fr
6111245470023,Afia,"Huile de Soja 95%, Huile de Maïs 5%, Provitamine A.","['en:soya-oil', 'en:oil-and-fat', 'en:vegetable-oil-and-fat', 'en:vegetable-oil', 'en:corn-oil', 'en:provitamin-a', 'en:e160a', 'en:e160ai']",['en:soybeans'],[],fr
6111035503115,vitalya,"التركيبة المعدنية ب ملغ / لترم Magnésium مفتريوم Potassium بوتاسيوم Sodium 2 صوديوم Calcium كالسيوم Sulfates 80 سلفات Bicarbonate 9 بيكربونات Chlorures كلورير Nitrates نترات pH:6,5-8,5","['fr:التركيبة-المعدنية-ب-ملغ', 'fr:لترم-magnesium-مفتريوم-potassium-بوتاسيوم-sodium-2-صوديوم-calcium-كالسيوم-sulfates-80-سلفات-bicarbonate-9-بيكربونات-chlorures-كلورير-nitrates-نترات-ph', 'fr:6-5-8-5']",[],[],fr
3366321053307,Oméga 3,"Huiles et stéarines végétales non hydrogénées 51% (colza 30%, palmiste, lin 5,4%, palme), eau, émulsifiant (lécithine de SOJA), sel, arômes, colorant (bêta-carotène), vitamine B1.","['en:oil', 'en:oil-and-fat', 'fr:stéarines végétales non hydrogénées', 'en:water', 'en:soya-lecithin', 'en:e322', 'en:e322i', 'en:salt', 'en:flavouring', 'en:e160ai', 'en:e160a', 'en:thiamin', 'en:vitamins', 'en:rapeseed', 'en:vegetable', 'en:root-vegetable', 'en:palm-kernel-oil', 'en:vegetable-oil-and-fat', 'en:palm-kernel-oil-and-fat', 'en:flax', 'en:palm', 'en:palm-oil-and-fat', 'en:palm-oil']",['en:soybeans'],['en:peanuts'],fr
3366321053284,Margarine omega 3 doux,"Huiles et stéarines végétales 51% (colza 30%, palmiste, lin 5,4%, palme), eau, émulsifiant (lécithine de SOJA), sel, arômes, colorant (bêta-carotène), vitamine B1. Traces éventuelles d'ARACHIDES.","['en:oil', 'en:oil-and-fat', 'fr:stéarines végétales', 'en:water', 'en:soya-lecithin', 'en:e322', 'en:e322i', 'en:salt', 'en:flavouring', 'en:e160ai', 'en:e160a', 'en:thiamin', 'en:vitamins', 'en:rapeseed', 'en:vegetable', 'en:root-vegetable', 'en:palm-kernel-oil', 'en:vegetable-oil-and-fat', 'en:palm-kernel-oil-and-fat', 'en:flax', 'en:palm', 'en:palm-oil-and-fat', 'en:palm-oil']",['en:soybeans'],['en:peanuts'],fr
4056489546092,Bio crackers graines de chia et flocons d’avoine,"Farine complète de blé (70 g), flocons d'avoine (9 g), graines de lin (8 g), graines de tournesol (8 g), huile d'olive vierge extra, graines de chia (Salvia hispanica) (5 g), sel de mer, graines de sésame (2 g), levure, extrait de malt d'orge.","['en:whole-wheat-flour', 'en:cereal', 'en:flour', 'en:wheat', 'en:cereal-flour', 'en:wholemeal-flour', 'en:wheat-flour', 'en:oat-flakes', 'en:oat', 'en:flax-seed', 'en:seed', 'en:flax', 'en:sunflower-seed', 'en:plant', 'en:sunflower', 'en:extra-virgin-olive-oil', 'en:oil-and-fat', 'en:vegetable-oil-and-fat', 'en:vegetable-oil', 'en:olive-oil', 'en:virgin-olive-oil', 'en:chia-seed', 'en:chia', 'en:sea-salt', 'en:salt', 'en:sesame-seeds', 'en:sesame', 'en:yeast', 'en:barley-malt-extract', 'en:malt', 'en:malted-barley']","['en:gluten', 'en:sesame-seeds']","['en:gluten', 'en:milk']",fr
6111032009924,SALIM LBEN 440G,"Lait partiellement écrémé, Lait reconstitué, Lactose, amidon, ferments lactiques","['en:semi-skimmed-milk', 'en:dairy', 'en:milk', 'en:lactose', 'en:starch', 'en:lactic-ferments', 'en:ferment', 'en:microbial-culture']",['en:milk'],[],fr
3228021170053,La bûche fondante,"LAIT de chèvre pasteurisé (lait origine France), sel, ferments lactiques et d'affinage","['en:pasteurised-goat-milk', 'en:dairy', 'en:milk', 'en:goat-milk', 'en:salt', 'en:lactic-and-aging-ferments', 'en:ferment', 'en:microbial-culture', 'en:lactic-ferments']",['en:milk'],[],fr
3061990143594,"BN - Casse Croute Biscuits, 375g",Farine de froment 68 % - Sucre - graisse végétale (palme) - amidon de froment - sirop de glucose - poudres à lever : carbonates d'ammonium et de sodium - sel - agent de traitement de la farine : L-cystéine - arôme.,"['en:wheat-flour', 'en:cereal', 'en:flour', 'en:wheat', 'en:cereal-flour', 'en:sugar', 'en:added-sugar', 'en:disaccharide', 'en:vegetable-fat', 'en:oil-and-fat', 'en:vegetable-oil-and-fat', 'en:wheat-starch', 'en:starch', 'en:glucose-syrup', 'en:monosaccharide', 'en:glucose', 'en:e503', 'en:e500', 'en:salt', 'en:e920', 'en:flavouring', 'en:palm-oil', 'en:palm-oil-and-fat']",['en:gluten'],"['en:milk', 'en:nuts']",fr
3560070879762,Le pain au Seigle,"Farine de _blé_ 34%, farine de _seigle_ 22%, eau, levain de _seigle_ (farine de _seigle_ 8,1%, eau), levure, extrait de malt d'_orge_, sel, agent de traitement de la farine : acide ascorbique, correcteur d'acidité : acétates de sodium, conservateur : acide sorbique, arôme naturel (contient alcool).
Peut contenir des traces de graines de sésame, lupin, moutarde et soja.","['en:wheat-flour', 'en:cereal', 'en:flour', 'en:wheat', 'en:cereal-flour', 'en:rye-flour', 'en:water', 'en:rye-sourdough', 'en:dough', 'en:rye', 'en:sourdough', 'en:yeast', 'en:barley-malt-extract', 'en:malt', 'en:malted-barley', 'en:salt', 'en:flour-treatment-agent', 'en:acidity-regulator', 'en:preservative', 'en:natural-flavouring', 'en:flavouring', 'en:e300', 'en:e262', 'en:e200']",['en:gluten'],"['en:lupin', 'en:mustard', 'en:sesame-seeds', 'en:soybeans']",fr
3560071507480,Pâte à tartiner,"Sucre de canne*, _noisettes_* 13 %, huile de tournesol*, _lait_ écrémé en poudre*, cacao maigre en poudre* 8 %, beurre de cacao*, émulsifiant : lécithines* (tournesol), arôme naturel de vanille*.
Peut contenir des traces de soja et d'autres fruits à coque.
*biologique.","['en:cane-sugar', 'en:added-sugar', 'en:disaccharide', 'en:sugar', 'en:hazelnut', 'en:nut', 'en:tree-nut', 'en:sunflower-oil', 'en:oil-and-fat', 'en:vegetable-oil-and-fat', 'en:vegetable-oil', 'en:skimmed-milk-powder', 'en:dairy', 'en:milk-powder', 'en:fat-reduced-cocoa-powder', 'en:plant', 'en:cocoa', 'en:cocoa-powder', 'en:cocoa-butter', 'en:emulsifier', 'en:natural-vanilla-flavouring', 'en:flavouring', 'en:natural-flavouring', 'en:vanilla-flavouring', 'en:e322', 'en:sunflower-lecithin', 'en:e322i']","['en:milk', 'en:nuts']","['en:nuts', 'en:soybeans']",fr
5410093179616,Vegetal,زيوت نباتية (بذور اللفت، جوز الهند)، دهن نباتي (نخيل)، ماء، مستحلب: (471)، ملح (0.5%)، حليب مجفف منزوع الدسم، عامل الحفظ (E202)، حامض حمض الستريك، نكهة طبيعية، ملون كاروتينات، فيتامينات (فيتامين أ وفيتامين د). نسبة الدهون: 59%,"['ar:زيوت نباتية', 'ar:دهن نباتي', 'en:water', 'ar:مستحلب', 'en:salt', 'ar:حليب مجفف منزوع الدسم', 'ar:عامل الحفظ', 'ar:حامض حمض الستريك', 'ar:نكهة طبيعية', 'ar:ملون كاروتينات', 'ar:فيتامينات', 'ar:نسبة الدهون', 'ar:بذور اللفت', 'ar:جوز الهند', 'ar:نخيل', 'en:e202', 'ar:فيتامين أ وفيتامين د']",['en:milk'],[],en
8711200548002,Amora Mayonnaise de Dijon Flacon Souple 415g,"Huile de colza, eau, vinaigre de vin blanc, moutarde de Dijon (eau, graines de Moutarde, vinaigre d'alcool, sel), jaune d'œuf de poules élevées en pleine air origine france 5,1%,sel,sucre, arôme, épaississant :gomme xanthane, colorants :lutine et extrait de paprika","['en:colza-oil', 'en:oil-and-fat', 'en:vegetable-oil-and-fat', 'en:rapeseed-oil', 'en:water', 'en:white-wine-vinegar', 'en:vinegar', 'en:wine-vinegar', 'en:dijon-mustard', 'en:mustard', ""fr:jaune d'œuf de poules élevées en pleine air"", 'en:salt', 'en:sugar', 'en:added-sugar', 'en:disaccharide', 'en:flavouring', 'en:e415', 'fr:lutine', 'en:e160c', 'en:mustard-seed', 'en:condiment', 'en:spice', 'en:alcohol-vinegar']","['en:eggs', 'en:mustard']",[],fr
3178050000749,Huile d’olive vierge extra,Huile d'olive de catégorie supérieure obtenue directement des olives et uniquement par des procédés mécaniques.,"['en:extra-virgin-olive-oil', 'en:oil-and-fat', 'en:vegetable-oil-and-fat', 'en:vegetable-oil', 'en:olive-oil', 'en:virgin-olive-oil']",[],[],fr
3033710077274,"NESCAFÉ NES, Café Soluble, Boîte de 200g",100% café.,['en:coffee'],[],[],fr
3700214614266,Chocolat 90% Pérou,"Pâte de cacao (Pérou), beurre de cacao, sucre de canne, gousse de vanille. Cacao: 90% minimum. Peut contenir du soja, du lait et des fruits à coque. Chocolat fabriqué en Suisse.","['en:cocoa-paste', 'en:plant', 'en:cocoa', 'en:cocoa-butter', 'en:oil-and-fat', 'en:vegetable-oil-and-fat', 'en:vegetable-fat', 'en:cane-sugar', 'en:added-sugar', 'en:disaccharide', 'en:sugar', 'en:vanilla-pod', 'en:vanilla', 'fr:Chocolat fabriqué en']",[],"['en:gluten', 'en:milk', 'en:nuts', 'en:soybeans']",fr
3497917002451,La Chips de Sarrasin au Sel de Guérande,"Farine de sarrasin (France) (60,9%), huile de tournesol (38%), sel de Guérande (1,1%).","['en:buckwheat-flour', 'en:cereal', 'en:flour', 'en:buckwheat', 'en:sunflower-oil', 'en:oil-and-fat', 'en:vegetable-oil-and-fat', 'en:vegetable-oil', 'en:salt-from-guerande', 'en:salt', 'en:sea-salt']",[],"['en:eggs', 'en:gluten', 'en:milk']",fr
7613035040793,NESTLÉ DESSERT Noir 2x205g,"Sucre, pâte de cacao¹ (Afrique de l'Ouest, Amérique du Sud), beurre de cacao¹, émulsifiant (lécithines), arôme naturel de vanille de Madagascar. Peut contenir : LAIT, FRUITS À COQUE.","['en:sugar', 'en:added-sugar', 'en:disaccharide', 'en:cocoa-paste', 'en:plant', 'en:cocoa', 'en:cocoa-butter', 'en:oil-and-fat', 'en:vegetable-oil-and-fat', 'en:vegetable-fat', 'en:e322', 'fr:arome-naturel-de-vanille-de-madagascar', 'en:flavouring', 'en:natural-flavouring', 'en:vanilla-flavouring', 'en:natural-vanilla-flavouring']",[],"['en:milk', 'en:nuts']",fr
6111246722169,Fromage fondu Tartine & Cuisson,"Lait de Vache pasteurisé, Crème fraîche pasteurisée, ferments lactiques, Présure, Sel","['en:cow-s-milk', 'en:dairy', 'en:milk', 'en:pasteurized-creme-fraiche', 'en:cream', 'en:lactic-ferments', 'en:ferment', 'en:microbial-culture', 'en:rennet', 'en:enzyme', 'en:coagulating-enzyme', 'en:salt']",['en:milk'],[],fr
7613035898646,NESTLÉ DESSERT Corsé 200g,"Pâte de cacao¹ (Afrique de l'Ouest, Amérique du Sud), sucre, beurre de cacao¹, cacao maigre¹, émulsifiant (lécithines), arôme naturel de vanille de Madagascar. Peut contenir : LAIT, FRUITS À COQUE. Cacao : 65% minimum. ¹Bilan massique certifié Rainforest Alliance. www.ra.org/fr.","['en:cocoa-paste', 'en:plant', 'en:cocoa', 'en:sugar', 'en:added-sugar', 'en:disaccharide', 'en:cocoa-butter', 'en:oil-and-fat', 'en:vegetable-oil-and-fat', 'en:vegetable-fat', 'en:fat-reduced-cocoa', 'en:e322', 'fr:arome-naturel-de-vanille-de-madagascar', 'en:flavouring', 'en:natural-flavouring', 'en:vanilla-flavouring', 'en:natural-vanilla-flavouring', 'fr:Bilan massique certifié Rainforest Alliance', 'fr:www.ra.org', 'fr:fr']",[],"['en:milk', 'en:nuts']",fr
8718114734484,Maille Mayonnaise,"Huile de tournesol, jaune d'OEUF, eau, moutarde de Dijon , eau, graines de MOUTARDE, vinaigre d'alcool, sel, conservateur : E224 , vinaigre d'alcool, sel, sucre, acidifiant: acide lactique, épaississant gomme xanthane, poivre, antioxydants: E385 , romarin, colorants: luteine ,  extrait de paprika, épices","['en:Huile de tournesol', ""en:jaune d'OEUF"", 'en:eau', 'en:moutarde de Dijon', 'en:graines de MOUTARDE', ""en:vinaigre d'alcool"", 'en:sel', 'en:conservateur', 'en:sucre', 'en:acidifiant', 'en:épaississant gomme xanthane', 'en:poivre', 'en:antioxydants', 'en:romarin', 'en:luteine', 'en:extrait de paprika', 'en:épices', 'en:e224', 'en:acide lactique', 'en:e385']","['en:celery', 'en:eggs', 'en:mustard', 'en:sulphur-dioxide-and-sulphites', 'en:Céleri', 'en:Moutarde', 'en:Œufs']",[],en
6111017045329,Napolitain Noir,"Masse de cacao (Côte d'ivoire, Ghana), sucre, poudre de cacao, beurre de cacao, émulsifiant : lecithine de soja (E322), arôme artificiel vanilline. Contient du soja, peut contenir des traces de fruits à coques.","['en:cocoa-paste', 'en:plant', 'en:cocoa', 'en:sugar', 'en:added-sugar', 'en:disaccharide', 'en:cocoa-powder', 'en:cocoa-butter', 'en:oil-and-fat', 'en:vegetable-oil-and-fat', 'en:vegetable-fat', 'en:emulsifier', 'fr:arôme artificiel vanilline', 'en:soya-lecithin', 'en:e322', 'en:e322i']",['en:soybeans'],['en:nuts'],fr
3175681037885,Tartines Craquantes Multi-Céréales,"Farine de riz* 67,7g, farine de sarrasin* 29,7g), farine de quinoa* 9,5g, sucre de canne roux, sel de mer.","['en:rice-flour', 'en:flour', 'en:rice', 'en:buckwheat-flour', 'en:cereal', 'en:buckwheat', 'en:quinoa-flour', 'en:plant', 'en:quinoa', 'en:unrefined-cane-sugar', 'en:added-sugar', 'en:disaccharide', 'en:sugar', 'en:cane-sugar', 'en:unrefined-sugar', 'en:sea-salt', 'en:salt']","['en:gluten', 'en:milk', 'en:soybeans']","['en:celery', 'en:eggs', 'en:gluten', 'en:lupin', 'en:milk', 'en:nuts', 'en:sesame-seeds', 'en:soybeans']",fr
5410126806069,LOTUS BISCOFF Original - 250g (2x125g),"Farine de BLÉ, sucre, huiles végétales (huile de palme issue de plantations durables et certifiées, huile de colza), sirop de sucre candi, poudre à lever (carbonate acide de sodium), farine de SOJA, sel, cannelle","['en:wheat-flour', 'en:cereal', 'en:flour', 'en:wheat', 'en:cereal-flour', 'en:sugar', 'en:added-sugar', 'en:disaccharide', 'en:vegetable-oil', 'en:oil-and-fat', 'en:vegetable-oil-and-fat', 'fr:sirop-de-candi', 'en:e500ii', 'en:e500', 'en:soya-flour', 'en:vegetable', 'en:pod-and-seed-vegetable', 'en:legume', 'en:pulse', 'en:soya', 'en:soya-bean', 'en:salt', 'en:cinnamon', 'en:condiment', 'en:spice', 'en:palm-oil', 'en:palm-oil-and-fat', 'en:colza-oil', 'en:rapeseed-oil']","['en:gluten', 'en:soybeans']",[],fr
3178530405736,"Bonne Maman - Quatre Quarts, 500g (17.6oz)","Sucre, farine de blé tendre, beurre 25%, oeufs frais, poudres à lever : diphosphates et carbonates de sodium (blé), arôme naturel et arôme naturel de vanille (contient alcool), sel. Traces éventuelles de soja et de fruits à coque.","['en:sugar', 'en:added-sugar', 'en:disaccharide', 'en:soft-wheat-flour', 'en:cereal', 'en:flour', 'en:wheat', 'en:cereal-flour', 'en:wheat-flour', 'en:butter', 'en:dairy', 'en:fresh-egg', 'en:egg', 'en:raising-agent', 'en:e500', 'en:natural-vanilla-flavouring', 'en:flavouring', 'en:natural-flavouring', 'en:vanilla-flavouring', 'en:salt', 'en:e450i', 'en:e450']","['en:eggs', 'en:gluten', 'en:milk']","['en:nuts', 'en:soybeans']",fr
3571492210019,la Brandade à la Morue,"Pommes de terre 37%, morue 30% (Gadus spp), huile de tournesol, églefin 8% (Melanogrammus aeglefinus), eau, oignons, flocons de pommes de terre (pommes de terre, extrait de curcuma), Lait en poudre, ail sec 0,29%, sel, persil 0,06%, poivre. Traces possibles d'arachides, céleri, crustacés, fruits à coque, gluten, mollusques, moutarde, œuf, sésame et soja.","['en:potato', 'en:vegetable', 'en:root-vegetable', 'en:tuber', 'en:cod', 'en:fish', 'en:white-fish', 'en:sunflower-oil', 'en:oil-and-fat', 'en:vegetable-oil-and-fat', 'en:vegetable-oil', 'en:haddock', 'en:water', 'en:onion', 'en:onion-family-vegetable', 'en:potato-flakes', 'en:milk-powder', 'en:dairy', 'en:garlic', 'en:salt', 'en:parsley', 'en:herb', 'en:leaf-vegetable', 'en:pepper', 'en:seed', 'fr:gadus-spp', 'en:e100']","['en:fish', 'en:milk', 'en:sesame-seeds']","['en:celery', 'en:crustaceans', 'en:eggs', 'en:gluten', 'en:molluscs', 'en:mustard', 'en:nuts', 'en:peanuts', 'en:sesame-seeds', 'en:soybeans']",fr
8410510012196,Chocolat Noir 92% cacao,"Pâte de cacao, cacao en poudre dégraissé, beurre de cacao, sucre, lait en poudre, pâte de amandes et de noisettes, émulsifiants (lécithines (soja, tournesol)) et arôme.","['en:cocoa-paste', 'en:plant', 'en:cocoa', 'en:fat-reduced-cocoa-powder', 'en:cocoa-powder', 'en:fat-reduced-cocoa', 'en:cocoa-butter', 'en:oil-and-fat', 'en:vegetable-oil-and-fat', 'en:vegetable-fat', 'en:sugar', 'en:added-sugar', 'en:disaccharide', 'en:milk-powder', 'en:dairy', 'en:almond-paste', 'en:nut', 'en:tree-nut', 'en:almond', 'en:hazelnut', 'en:e322', 'en:flavouring', 'en:soya-lecithin', 'en:e322i', 'en:sunflower-lecithin']","['en:milk', 'en:nuts', 'en:soybeans']",['en:nuts'],fr
6111032002970,عصري بناشي,"lait sans crème, sucre, poudre
Lait sans matière grasse, coagulants (amidons), crème
de fruits, beurre, lactosérum, graisses végétales de
coco), arômes, colorant naturel, extrait de paprika,
curcumine, acides lactiques pour yaourt, régulateur Acidité (acide citrique)","['fr:lait sans crème', 'en:sugar', 'en:added-sugar', 'en:disaccharide', 'fr:poudre Lait sans matière grasse', 'en:starch', 'fr:crème de fruits', 'en:butter', 'en:dairy', 'en:whey', 'en:coconut-oil', 'en:oil-and-fat', 'en:vegetable-oil-and-fat', 'en:vegetable-oil', 'en:flavouring', 'en:natural-colours', 'en:colour', 'en:e160c', 'en:e100', 'fr:acides lactiques pour yaourt', 'en:e330']",['en:milk'],[],fr
3770018078038,Rostlinná slanina,"Rehydratovaná _SÓJOVÁ bílkovina_ 82%, slunečnicový olej, sůl, přírodní aromata a barviva: antokyan, lykopen, regulátor kyselosti: octan draselný.","['cs:Rehydratovaná _SÓJOVÁ bílkovina_', 'en:sunflower-oil', 'en:oil-and-fat', 'en:vegetable-oil-and-fat', 'en:vegetable-oil', 'en:salt', 'en:natural-flavouring', 'en:flavouring', 'en:colour', 'en:e160d', 'en:acidity-regulator', 'en:e163', 'en:e261']","['en:soybeans', 'cs:SÓJOVÁ bílkovina']","['en:crustaceans', 'en:eggs', 'en:fish', 'en:gluten', 'en:milk']",cs
3770008009882,Les Fourrées  -  Beurre de Cacahuète & Cacao,"Céréales* 51% (farinė de riz complet*, farine de maïs*), beurre de cacahuète* 31%, sucre de betterave*, cacao en poudre* 6,5%, une pointe de sel.","['en:cereal', 'en:peanut-butter', 'en:nut', 'en:peanut', 'en:beet-sugar', 'en:added-sugar', 'en:disaccharide', 'en:sugar', 'en:cocoa-powder', 'en:plant', 'en:cocoa', 'fr:une pointe de sel', 'fr:farinė de riz complet', 'en:corn-flour', 'en:flour', 'en:corn']","['en:milk', 'en:peanuts']","['en:milk', 'en:nuts']",fr
6111126005085,Douceur fromage frais,"Crème Fraîche, Fromage Blanc, Protéines de lait, Eau, Pectine de Pomme, Amidon, sel","['en:fresh-cream', 'en:dairy', 'en:cream', 'en:fromage-blanc', 'en:cheese', 'en:milk-proteins', 'en:protein', 'en:animal-protein', 'en:water', 'en:apple-pectin', 'en:e440a', 'en:fruit-pectin', 'en:starch', 'en:salt']",['en:milk'],[],fr
6111246721339,Ftoury Fromage Blanc,"Composants: Fromage frais écrémé, protéines de lait, crème pasteurisée, sel.","['fr:Composants', 'en:milk-proteins', 'en:protein', 'en:animal-protein', 'en:cream', 'en:dairy', 'en:salt', 'en:soft-white-cheese', 'en:cheese']",['en:milk'],[],fr
3228857002191,Pain de mie american sandwich nature sans sucres ajoutés maxi 825g,"Farine de BLÉ 66,3%, eau, huile de colza, fibre de chicorée, arôme (contient alcool), sel, fibre de BLÉ, vinaigre, levure, farine de fèves, gluten de BLÉ, levure désactivée, extrait d'acérola. Peut contenir des traces d'OEUFS, SOJA, LAIT, FRUITS A COQUE et GRAINES DE SESAME.","['en:wheat-flour', 'en:cereal', 'en:flour', 'en:wheat', 'en:cereal-flour', 'en:water', 'en:colza-oil', 'en:oil-and-fat', 'en:vegetable-oil-and-fat', 'en:rapeseed-oil', 'en:chicory-fibre', 'en:vegetable', 'en:fiber', 'en:shoot-vegetable', 'en:vegetable-fiber', 'en:chicory', 'en:flavouring', 'en:salt', 'en:wheat-fiber', 'en:vinegar', 'en:yeast', 'en:broad-bean-flour', 'en:wheat-gluten', 'en:gluten', 'en:deactivated-yeast', 'en:acerola-juice', 'en:fruit', 'en:juice', 'en:fruit-juice', 'en:acerola']",['en:gluten'],"['en:eggs', 'en:milk', 'en:nuts', 'en:sesame-seeds', 'en:soybeans']",fr
3451790988813,le beurre tendre,"CREME (Origine France), matière grasse LAITIERE, sel (2%), ferments lactiques","['en:cream', 'en:dairy', 'en:milkfat', 'en:oil-and-fat', 'en:fat', 'en:salt', 'en:lactic-ferments', 'en:ferment', 'en:microbial-culture']",['en:milk'],[],fr
3021690201116,Lentilles cuisinées à l'Auvergnate,"Eau, lentilles précuites 28%, couenne de porc, saindoux, oignons 1%, arôme naturel, farine de BLE, carottes 0,7%, graisse de canard, plante aromatique, arôme naturel de poivre avec autres arômes naturels, affermissant: chlorure de calcium, arôme naturel de CELERI","['en:water', 'en:precooked-lentils', 'en:vegetable', 'en:legume', 'en:pulse', 'en:lentils', 'fr:couenne-de-porc', 'en:animal', 'en:meat', 'en:pork', 'en:pork-meat', 'en:lard', 'en:oil-and-fat', 'en:fat', 'en:animal-fat', 'en:pork-fat', 'en:onion', 'en:root-vegetable', 'en:onion-family-vegetable', 'en:natural-flavouring', 'en:flavouring', 'en:wheat-flour', 'en:cereal', 'en:flour', 'en:wheat', 'en:cereal-flour', 'en:carrot', 'en:taproot-vegetable', 'en:duck-fat', 'en:poultry-fat', 'en:herb', 'en:natural-pepper-flavouring', 'en:firming-agent', 'fr:arome-naturel-de-celeri', 'en:stalk-vegetable', 'en:celery', 'en:e509']","['en:celery', 'en:gluten']","['en:eggs', 'en:milk', 'en:mustard']",fr
8076809517706,Baiocchi Classici,"Biscuit: Farine de BLÉ 51,6%*, sucre, huile de tournesol, OEUFS, LAIT en poudre écrémé, LAIT entier pasteurisé, sel, poudres à lever (carbonate acide de sodium, tartrate monopotassique, carbonate acide d'ammonium), amidon de BLÉ, arôme. Fourrage aux NOISETTES et au cacao 28%*: sucre, graisses et huiles végétales (karité, tournesol), NOISETTES 7,1%*, cacao 2,6%*, LAIT en poudre écrémé, amidon de BLÉ, arôme. *% exprimé sur le produit fini. Peut contenir des traces d'autres FRUITS A COQUE, MOUTARDE et SOJA.","['en:biscuit', 'en:sugar', 'en:added-sugar', 'en:disaccharide', 'en:sunflower-oil', 'en:oil-and-fat', 'en:vegetable-oil-and-fat', 'en:vegetable-oil', 'en:egg', 'en:skimmed-milk-powder', 'en:dairy', 'en:milk-powder', 'en:pasteurised-whole-milk', 'en:milk', 'en:whole-milk', 'en:salt', 'en:e500ii', 'en:e500', 'en:e336', 'en:e503ii', 'en:e503', 'en:wheat-starch', 'en:starch', 'en:flavouring', 'fr:Fourrage aux NOISETTES', 'en:cocoa', 'en:plant', 'en:hazelnut', 'en:nut', 'en:tree-nut', 'en:wheat-flour', 'en:cereal', 'en:flour', 'en:wheat', 'en:cereal-flour', 'en:shea-butter', 'en:vegetable-fat']","['en:eggs', 'en:gluten', 'en:milk', 'en:nuts']","['en:mustard', 'en:nuts', 'en:soybeans']",fr
3564706604360,Muesli Chocolat-Noisette,"Flocon d'avoine 49 %, flocon de blé 12 %, fructo-oligosaccharide, huile de tournesol, chocolat 6 % (pâte de cacao, sucre, matière grasse laitière anhydre, émulsifiant : lécithines), farine d'avoine complète 5,4 %, sucre, farine de riz 4 %, noisette 4 %, sirop de glucose, farine de blé 1,1 %, sucre caramélisé, son de blé 0,4 %, miel, malt d'orge, cannelle, sel, arôme naturel, antioxydant: extrait riche en tocopherols. Traces de : autres fruits à coque et soja.","['en:oat-flakes', 'en:cereal', 'en:oat', 'en:wheat-flakes', 'en:wheat', 'en:fructooligosaccharide', 'en:sweetener', 'en:prebiotics', 'en:sunflower-oil', 'en:oil-and-fat', 'en:vegetable-oil-and-fat', 'en:vegetable-oil', 'en:chocolate', 'en:wholemeal-oat-flour', 'en:flour', 'en:cereal-flour', 'en:wholemeal-flour', 'en:oat-flour', 'en:sugar', 'en:added-sugar', 'en:disaccharide', 'en:rice-flour', 'en:rice', 'en:hazelnut', 'en:nut', 'en:tree-nut', 'en:glucose-syrup', 'en:monosaccharide', 'en:glucose', 'en:wheat-flour', 'en:caramelised-sugar', 'en:wheat-bran', 'en:honey', 'en:malted-barley', 'en:malt', 'en:cinnamon', 'en:condiment', 'en:spice', 'en:salt', 'en:natural-flavouring', 'en:flavouring', 'en:e306', 'en:cocoa-paste', 'en:plant', 'en:cocoa', 'en:butterfat', 'en:fat', 'en:dairy', 'en:milkfat', 'en:e322']","['en:gluten', 'en:milk', 'en:nuts', 'fr:Avoine']","['en:nuts', 'en:soybeans', 'fr:Cailloux', 'fr:Coquille']",fr
8410510012202,,"Pasta de cacao, cacao desgrasado en polvo, azúcar, manteca de cacao, leche en polvo, pasta de almendras y avellanas, emulgentes (lecitinas (soja, girasol)), y aroma. Cacao 85% mínimo. Puede contener trazas de otros frutos de cáscara.","['en:cocoa-paste', 'en:plant', 'en:cocoa', 'en:fat-reduced-cocoa-powder', 'en:cocoa-powder', 'en:fat-reduced-cocoa', 'en:sugar', 'en:added-sugar', 'en:disaccharide', 'en:cocoa-butter', 'en:oil-and-fat', 'en:vegetable-oil-and-fat', 'en:vegetable-fat', 'en:milk-powder', 'en:dairy', 'en:almond-paste', 'en:nut', 'en:tree-nut', 'en:almond', 'en:hazelnut', 'en:e322', 'en:flavouring', 'en:soya-lecithin', 'en:e322i', 'en:sunflower-lecithin']","['en:milk', 'en:nuts', 'en:soybeans']",['en:nuts'],es
6923818881323,Petits fours financiers,green tea,"['en:green-tea', 'en:plant', 'en:tea']",[],[],fr
8585002484093,NESTLE MAGGI KUB Bouillon Bio Légumes 80g - 8 tablettes,"Sel de cuisine, légumes* 11% (oignon* 3,5%, CÉLERI* 3,3%, carotte* 1,6%, panais*, épinard*), fécule de pomme de terre*, sucre*, sirop de glucose*, beurre de karité*, extrait de levure*, arômes naturels de légumes, d'oignon et de CÉLERI ; curcuma*, poivre noir*, ail *. Peut contenir : ŒUFS, POISSONS, GLUTEN (BLÉ), LAIT, SOJA. * Issu de l'agriculture biologique.","['en:salt', 'en:vegetable', 'en:potato-starch', 'en:starch', 'en:sugar', 'en:added-sugar', 'en:disaccharide', 'en:glucose-syrup', 'en:monosaccharide', 'en:glucose', 'en:shea-butter', 'en:oil-and-fat', 'en:vegetable-oil-and-fat', 'en:vegetable-fat', 'en:yeast-extract', 'en:yeast', 'fr:arômes naturels de légumes', 'en:onion', 'en:root-vegetable', 'en:onion-family-vegetable', 'en:celery', 'en:stalk-vegetable', 'en:turmeric', 'en:condiment', 'en:spice', 'en:black-pepper', 'en:seed', 'en:pepper', 'en:garlic', 'en:milk', 'en:dairy', 'en:soya', 'en:carrot', 'en:taproot-vegetable', 'en:parsnip', 'en:spinach', 'en:leaf-vegetable', 'en:wheat', 'en:cereal']","['en:celery', 'en:gluten', 'en:milk']","['en:eggs', 'en:fish', 'en:gluten', 'en:milk', 'en:soybeans']",fr
6111101001361,Asta,r•ee z=CagStzaca - TéL: OS 22 621212,"['en:r', 'en:ee-z-cagstzaca', 'en:tel', 'en:os-22-621212']",[],[],en
6111243640831,شاي النسمة,,,[],[],ar
6111024004753,Huille,زيت زيتون أولية عادية,['ar:زيت-زيتون-أولية-عادية'],[],[],fr
7613036249928,Vittel,"Minéralisation caractéristique (mg/L) : Calcium 240 / Magnésium 42 / Sodium 5,2 / Sulfate 400 / Hydrogénocarbonate 384 / Nitrate 4,4 / Résidu sec à 180°C : 1084. pH = 7,6.","['fr:Minéralisation caractéristique', 'fr:1084', 'fr:pH = 7‚6', 'fr:Calcium 240', 'fr:Magnésium 42', 'fr:Sodium 5‚2', 'fr:Sulfate 400', 'fr:Hydrogénocarbonate 384', 'fr:Nitrate 4‚4', 'fr:Résidu sec à 180°C']",[],[],fr
8722700197508,Vinaigre Balsamique de Modène 25 cl,"Soniche ou Vinaigre Balsamique de Modène. Ingrédients Aceto Balsamic Modena 16P2 60% (Vinaigre Balsamique de Modène: vinaigre de vin, mit de cu, moût de raisin concentré, colorant: caramel au SULFITE mot de raisin cuit, eau, amidon modifié de mais, épaississant gomme dont SULFITES. Indication Géographique Protégée smutritionnelles moyennes pour 100 ml: Energie: 475k/114k Matieres grasses: &lt;0,5 g; acides gras saturés : &lt;0.1 g glucides : 28 g dont sucres :28 g protéines :&lt;0.5 sel :&lt;0.01","['fr:Soniche', 'en:balsamic-vinegar-of-modena', 'en:vinegar', 'en:balsamic-vinegar', 'fr:Ingrédients Aceto Balsamic Modena 16P2', 'fr:mit de cu', 'en:concentrated-grape-must', 'en:fruit', 'en:must', 'en:grape-must', 'en:colour', 'en:water', 'en:modified-corn-starch', 'en:starch', 'en:corn-starch', 'en:modified-starch', 'fr:épaississant gomme dont SULFITES', 'fr:smutritionnelles moyennes pour', 'fr:475k', 'fr:114k Matieres grasses', 'fr:acides gras saturés', 'en:sugar', 'en:added-sugar', 'en:disaccharide', 'fr:<0.5 sel', 'en:wine-vinegar', 'fr:caramel au SULFITE mot de raisin cuit', 'fr:Energie', 'fr:glucides', 'en:protein', 'fr:<0.01']",['en:sulphur-dioxide-and-sulphites'],[],fr
8480000093691,Pan de molde 100% integral,"100% INTEGR EMEDIA HOGAZA DE PAN ESPECIAL 100% INTEGRAL (HARINTEGRAL PMEIO PÃO FATIADO 100% INTEGRAL (FARINHA INTEL ALDE TRIGO (9 (10%)), COM FLOCOS DE AVEIA (4%), SEMENTES DE GIRASSOL (29%) INGREDIENTES Harina integral de trigo (gluten) (51%), agua, harina integral Valor de avena (gluten) (5,7%), copos de avena (gluten) (4%), semillas Energétic de girasol (2%), semillas de sésamo (2%), gluten de trigo, Grasas/Lip levadura, sal, mejorante panario (gluten de trigo, harina integral duales de trigo (gluten), emulgente E-472e y antioxidante E-300), masa madre de trigo integral inactiva (gluten), aceite refinado de girasol, salvado de avena (gluten), conservadores E-282 y - 200, Puede contener soja y mostaza,","['es:INTEGR EMEDIA HOGAZA DE PAN ESPECIAL 100\xa0% INTEGRAL', 'es:HARINTEGRAL PMEIO PÃO FATIADO 100\xa0% INTEGRAL', 'es:FARINHA INTEL ALDE TRIGO', 'es:COM FLOCOS DE AVEIA', 'es:SEMENTES DE GIRASSOL', 'es:INGREDIENTES Harina integral de trigo', 'en:water', 'es:harina integral Valor de avena', 'en:oat-flakes', 'en:cereal', 'en:oat', 'es:semillas Energétic de girasol', 'en:sesame-seeds', 'en:seed', 'en:sesame', 'en:wheat-gluten', 'en:gluten', 'en:fat', 'en:oil-and-fat', 'es:Lip levadura', 'en:salt', 'en:flour-treatment-agent', 'es:masa madre de trigo integral inactiva', 'en:refined-sunflower-oil', 'en:vegetable-oil-and-fat', 'en:vegetable-oil', 'en:sunflower-oil', 'en:oat-bran', 'en:preservative', 'es:200', 'es:9', 'es:harina integral duales de trigo', 'en:e472e', 'en:antioxidant', 'en:e282', 'en:e300']","['en:gluten', 'en:sesame-seeds']","['en:mustard', 'en:soybeans']",es
8886303210207,Natural Coconut Cream,"Natural Coconut Cream (99.9%), Xanthan Gum, Guar Gum, Carrageenan.","['en:Natural Coconut Cream', 'en:e415', 'en:e412', 'en:e407']",['en:nuts'],[],en
6111128001115,Ghaut,"Calcium, Magnésium, Nitrate, Sodium, Résidu à sec","['en:calcium', 'en:minerals', 'en:magnesium', 'fr:Nitrate', 'en:sodium', 'fr:Résidu à sec']",[],[],fr
5449000232250,fuzetea saveur pêche 1l25,"Eau: sucre; acidifiants: acide citrique, acide malique; extrait de thé noir* (0.12%); jus de pêche à base de concentré (0,1%); arôme naturel de pêche avec autres arômes naturels : correcteur d'acidité: citrates de sodium; antioxydant : acide ascorbique: édulcorant: glycosides de stéviol issus de Stevia : extrait d'hibiscus. *Certifié Rainforest Alliance. Plus d'informations sur ra.org.","['en:water', 'en:e330', 'en:e296', 'en:black-tea-extract', 'en:plant', 'en:tea', 'en:black-tea', 'en:peach', 'en:fruit', 'en:prunus-species-fruit', 'en:natural-peach-flavouring', 'en:flavouring', 'en:natural-flavouring', 'en:e331', 'en:e300', 'en:e960a', 'en:roselle-flower', ""fr:Plus d'informations sur ra.org"", 'en:acidity-regulator']",[],[],fr
3254550006013,Crème sous pression à la vanille 250g,"Crème de lait 91,5 % (origine du lait : UE), sucre 8%, arôme naturel de vanille (origine Madagascar), émulsifiant :  E471, stabilisant E407, gaz propulseur E942.","['en:cream', 'en:dairy', 'en:sugar', 'en:added-sugar', 'en:disaccharide', 'en:natural-vanilla-flavouring', 'en:flavouring', 'en:natural-flavouring', 'en:vanilla-flavouring', 'en:emulsifier', 'en:e407', 'en:e942', 'en:e471']",['en:milk'],[],fr
8710445020878,FIBRA & SÉSAMO,"Harina integral de centeno (gluten) 85%, semillas de sésamo 11%, sal. Puede contener trazas de trigo, avena, espelta, huevos, leche, frutos de cáscara, soja y mostaza.","['en:wholemeal-rye-flour', 'en:flour', 'en:cereal-flour', 'en:rye-flour', 'en:wholemeal-flour', 'en:sesame-seeds', 'en:seed', 'en:sesame', 'en:salt', 'en:oat', 'en:cereal', 'en:spelt', 'en:egg', 'en:milk', 'en:dairy', 'en:nut', 'en:soya', 'en:mustard']","['en:eggs', 'en:gluten', 'en:milk', 'en:mustard', 'en:sesame-seeds', 'en:soybeans', 'en:semillas de sésamo']","['en:eggs', 'en:gluten', 'en:milk', 'en:mustard', 'en:nuts', 'en:soybeans', 'en:espelta', 'en:frutos de cáscara', 'en:huevos', 'en:leche', 'en:mostaza', 'en:trigo']",en
3608580789758,Compote Pomme Nature,"Pommes (purée et purée concentrée) 99,9 %, jus concentré d'acérola","['en:apple', 'en:fruit', 'en:malaceous-fruit', 'en:acerola-juice', 'en:juice', 'en:fruit-juice', 'fr:puree-et-puree-concentree', 'en:puree', 'en:concentrated-puree']",[],[],fr
3366321052003,St Hubert Omega 3 Sans Huile de Palme 500g Doux,"Huiles et stéarine végétales 50% (colza 28%, coco, karité, lin 5,7%), eau, émulsifiants (mono et diglycérides d'acides gras, lécithine de SOJA), sel, arômes, stabilisant (pectine), colorant (bêta-carotène), vitamine B1. Traces éventuelles d'ARACHIDES.","['en:oil', 'en:oil-and-fat', 'fr:stearine-vegetales', 'en:water', 'en:emulsifier', 'en:salt', 'en:flavouring', 'en:stabiliser', 'en:colour', 'en:thiamin', 'en:rapeseed', 'en:vegetable', 'en:root-vegetable', 'en:coconut', 'en:fruit', 'en:shea-butter', 'en:vegetable-oil-and-fat', 'en:vegetable-fat', 'en:flax', 'en:e471', 'en:soya-lecithin', 'en:e322', 'en:e322i', 'en:e440a', 'en:beta-carotene-dye', 'en:e160a', 'en:e160ai']",['en:soybeans'],"['en:milk', 'en:peanuts']",fr
8410076472946,8 Tortillas - Blé nature,"Farine de _blé_, eau, stabilisant (glycérol), huiles végétales (colza, tournesol), émulsifiant (mono - et diglycérides d'acides gras), dextrose, poudres à lever (bicarbonate de sodium, diphosphates), sel de cuisine.","['en:wheat-flour', 'en:cereal', 'en:flour', 'en:wheat', 'en:cereal-flour', 'en:water', 'en:e422', 'en:vegetable-oil', 'en:oil-and-fat', 'en:vegetable-oil-and-fat', 'en:e471', 'en:dextrose', 'en:added-sugar', 'en:monosaccharide', 'en:glucose', 'en:e500ii', 'en:e500', 'en:e450', 'en:salt', 'en:colza-oil', 'en:rapeseed-oil', 'en:sunflower-oil']",['en:gluten'],[],fr
6410500090014,Knäckebrot mit Roggensauerteig,"Roggenvollkornmehl, Sauerteig 25 % (Roggenvollkornmehl, Wasser), Salz, Hefe. Kann Spuren von Sesam enthalten.","['en:wholemeal-rye-flour', 'en:flour', 'en:cereal-flour', 'en:rye-flour', 'en:wholemeal-flour', 'en:sourdough', 'en:dough', 'en:salt', 'en:yeast', 'en:water']",['en:gluten'],['en:sesame-seeds'],de
3029330071280,Pain complet,"Farine complète de BLÉ (63%), eau, huile de colza, farine de BLÉ (1,9%), GLUTEN DE BLÉ, arôme (contient alcool), levure, sel, farine de maïs fermentée, germe de BLÉ, extrait d'acérola.","['en:whole-wheat-flour', 'en:cereal', 'en:flour', 'en:wheat', 'en:cereal-flour', 'en:wholemeal-flour', 'en:wheat-flour', 'en:water', 'en:colza-oil', 'en:oil-and-fat', 'en:vegetable-oil-and-fat', 'en:rapeseed-oil', 'en:wheat-gluten', 'en:gluten', 'en:flavouring', 'en:yeast', 'en:salt', 'en:corn', 'en:wheat-germ', 'en:acerola-juice', 'en:fruit', 'en:juice', 'en:fruit-juice', 'en:acerola']",['en:gluten'],"['en:eggs', 'en:milk', 'en:sesame-seeds', 'fr:Sucres']",fr
7311070032581,Krisprolls,"Farine de _blé_ complet (58%), farine de _blé_, sucre, huiles végétales (huile de colza, huile de colza totalement hydrogénée), malt d'_orge_, levure, sel.","['en:whole-wheat-flour', 'en:cereal', 'en:flour', 'en:wheat', 'en:cereal-flour', 'en:wholemeal-flour', 'en:wheat-flour', 'en:sugar', 'en:added-sugar', 'en:disaccharide', 'en:vegetable-oil', 'en:oil-and-fat', 'en:vegetable-oil-and-fat', 'en:malted-barley', 'en:malt', 'en:yeast', 'en:salt', 'en:colza-oil', 'en:rapeseed-oil']",['en:gluten'],[],fr
8715035110304,Sauce Soja,"water, soybeans , wheat , salt","['en:water', 'en:soya-bean', 'en:vegetable', 'en:pod-and-seed-vegetable', 'en:legume', 'en:pulse', 'en:soya', 'en:wheat', 'en:cereal', 'en:salt']","['en:gluten', 'en:soybeans']",[],en
4056489361855,Miel crémeux français & responsable,Miels de fleurs de France,"['en:honey-from-france', 'en:added-sugar', 'en:honey']",[],[],fr
3272770015516,Tartare végétal ail & fines herbes,"64% préparation d'amandes (eau, purée d'amandes 16%), eau, huile de colza, fibre de chicorée, fécule de pomme de terre, ail et fines herbes (2,7%), jus de citron concentré, sel, arômes naturels d'ail et de persil, poivre. Peut contenir d'autres fruits à coque. *100% des ingrédients agricoles sont d'origine végétale.","[""fr:préparation d'amandes"", 'en:water', 'en:colza-oil', 'en:oil-and-fat', 'en:vegetable-oil-and-fat', 'en:rapeseed-oil', 'en:chicory-fibre', 'en:vegetable', 'en:fiber', 'en:shoot-vegetable', 'en:vegetable-fiber', 'en:chicory', 'en:potato-starch', 'en:starch', 'en:garlic', 'en:root-vegetable', 'en:onion-family-vegetable', 'en:herb', 'en:concentrated-lemon-juice', 'en:fruit', 'en:juice', 'en:fruit-juice', 'en:lemon-juice', 'en:salt', 'en:natural-garlic-flavouring', 'en:flavouring', 'en:natural-flavouring', 'en:parsley', 'en:leaf-vegetable', 'en:pepper', 'en:seed', 'fr:ingrédients agricoles sont', 'en:almond-paste', 'en:nut', 'en:tree-nut', 'en:almond']","['en:milk', 'en:nuts']",['en:nuts'],fr
6111271800023,La Source العين,"eau LA SOURCE est puisée à une profondeur unique au pied du Moyen Atlas ce qui lui confère une pureté totale. Sa minéralisation équilibrée, pauvre en sodium couvre 60% des apports journaliers en calcium et magnésium et en fait une eau idéale au bon fonctionnement de l'organisme التركيبة المعدنية ملغال COMPOSITION MOYENNE EN mg/t - Calcium Magnésium Nitrates Sodium Potassium Bicarbonates 37,8 49.2 0 14,3 13 358.5 الكالسيوم المغنيزيوم النترات الصوديوم البوتاسيوم البيكربونات البقايا الجافة 110 درجة 407 ملغ ال الرقم الهيدروجيني 7.5 Résidus secs à 110° C : 407 mg/l - pH:7,5 أجريت التحاليل بالمعهد الوطني للصحة Analyses effectuées par l'institut National d'Hygiène","['fr:eau LA SOURCE est puisée à une profondeur unique au pied du Moyen Atlas ce qui lui confère une pureté totale', 'fr:Sa minéralisation équilibrée', ""fr:pauvre en sodium couvre 60\xa0% des apports journaliers en calcium et magnésium et en fait une eau idéale au bon fonctionnement de l'organisme التركيبة المعدنية ملغال COMPOSITION MOYENNE EN mg"", 'fr:t', 'fr:Calcium Magnésium Nitrates Sodium Potassium Bicarbonates 37‚8 49.2 0 14‚3 13 358.5 الكالسيوم المغنيزيوم النترات الصوديوم البوتاسيوم البيكربونات البقايا الجافة 110 درجة 407 ملغ ال الرقم الهيدروجيني 7.5 Résidus secs à 110° C', 'fr:pH', 'fr:l', ""fr:7‚5 أجريت التحاليل بالمعهد الوطني للصحة Analyses effectuées par l'institut National d'Hygiène""]",[],[],fr
6111246720783,Petit Frais Nature,"Lait entier pasteurisé, ferments, présure, sel, stabilisants","['en:pasteurised-whole-milk', 'en:dairy', 'en:milk', 'en:whole-milk', 'en:ferment', 'en:rennet', 'en:enzyme', 'en:coagulating-enzyme', 'en:salt', 'en:stabiliser']",['en:milk'],[],fr
7622202023958,Monaco Emmental,"Farine de BLÉ 56 %, huiles végétales (palme, colza), EMMENTAL râpé séché 17 %, sucre, sel, sirop de glucose-fructose, poudres à lever (carbonates d'ammonium, carbonates de sodium), farine d'ORGE malté, lactosérum en poudre (de LAIT), levure sèche, émulsifiant (lécithines de SOJA).

PEUT CONTENIR ŒUF, CÉLERI, SÉSAME","['en:wheat-flour', 'en:cereal', 'en:flour', 'en:wheat', 'en:cereal-flour', 'en:vegetable-oil', 'en:oil-and-fat', 'en:vegetable-oil-and-fat', 'en:grated-emmental-cheese', 'en:dairy', 'en:cheese', 'en:emmental', 'en:sugar', 'en:added-sugar', 'en:disaccharide', 'en:salt', 'en:glucose-fructose-syrup', 'en:monosaccharide', 'en:fructose', 'en:glucose', 'en:e503', 'en:e500', 'en:barley-malt-flour', 'en:barley', 'en:barley-flour', 'en:whey-powder', 'en:whey', 'bg:суха-мая', 'en:yeast', 'en:soya-lecithin', 'en:e322', 'en:e322i', 'en:palm-oil', 'en:palm-oil-and-fat', 'en:colza-oil', 'en:rapeseed-oil']","['en:eggs', 'en:gluten', 'en:milk', 'en:soybeans']","['en:celery', 'en:eggs', 'en:sesame-seeds']",fr
3088545004001,Miel de Fleurs Liquide Doseur 500g,Miel de Fleurs,"['en:flower-honey', 'en:added-sugar', 'en:honey']",[],[],fr
3608580890898,Gourmand & Végétal Brassé Nature,"Lait de coco allégé 89% (eau, extrait de noix de coco), amidon modifié, protéines de pois, citrates de calcium, sel, ferments.","['fr:Lait de coco allégé', 'en:modified-starch', 'en:starch', 'en:pea-protein', 'en:protein', 'en:plant-protein', 'en:e333', 'en:salt', 'en:ferment', 'en:water', 'en:coconut', 'en:fruit']",[],"['en:nuts', 'en:soybeans']",fr
3175681039599,Biscuit fondant choco noir sans sucres ajoutés,"Farine de blé 45,5%, chocolat noir de couverture avec édulcorant 36,3% (pâte de cacao¹, édulcorant: maltitols, beurre de cacao', émulsifiant : lécithines (soja), arôme naturel de vanille), édulcorant: maltitols, huile de tournesol oléique, fibres de blé, fibres d'avoine, lait écrémé en poudre, amidon de riz, jaune d'œuf en poudre, poudres à lever (carbonates de potassium, carbonates d'ammonium), sel, arôme naturel de vanille, poudre de jus de citron concentré, maltodextrine,","['en:wheat-flour', 'en:cereal', 'en:flour', 'en:wheat', 'en:cereal-flour', 'fr:chocolat noir de couverture avec édulcorant', 'en:e965', 'en:high-oleic-sunflower-oil', 'en:oil-and-fat', 'en:vegetable-oil-and-fat', 'en:vegetable-oil', 'en:sunflower-oil', 'en:wheat-fiber', 'en:fiber', 'en:vegetable-fiber', 'en:oat-fibre', 'en:oat', 'en:skimmed-milk-powder', 'en:dairy', 'en:milk-powder', 'en:rice-starch', 'en:starch', 'en:egg-yolk-powder', 'en:egg', 'en:egg-yolk', 'en:e501', 'en:e503', 'en:salt', 'en:natural-vanilla-flavouring', 'en:flavouring', 'en:natural-flavouring', 'en:vanilla-flavouring', 'en:concentrated-lemon-juice', 'en:fruit', 'en:juice', 'en:fruit-juice', 'en:lemon-juice', 'en:maltodextrin', 'en:cocoa-paste', 'en:plant', 'en:cocoa', 'en:cocoa-butter', 'en:vegetable-fat', 'en:e322', 'en:soya-lecithin', 'en:e322i']","['en:eggs', 'en:gluten', 'en:milk', 'en:soybeans']","['en:nuts', 'en:sesame-seeds']",fr
7622210584724,Dark chocolate,"pâte de cacao*, beurre de cacao*, cacao maigre en poudre*, sucre de canne*, extrait de vanille*, * ingrédients issus de l'agriculture biologique","['en:cocoa-paste', 'en:plant', 'en:cocoa', 'en:cocoa-butter', 'en:oil-and-fat', 'en:vegetable-oil-and-fat', 'en:vegetable-fat', 'en:fat-reduced-cocoa-powder', 'en:cocoa-powder', 'en:fat-reduced-cocoa', 'en:cane-sugar', 'en:added-sugar', 'en:disaccharide', 'en:sugar', 'en:vanilla-extract', 'en:extract', 'en:vanilla', 'en:vegetable-extract']",[],"['en:milk', 'en:nuts']",fr
3661344221772,Yaourt saveur myrtille sauvage,"Yaourt (81%) (LAIT), myrtille sauvage* (8,6%), sucre de canne* (8%), arôme naturel de myrtille, épaississant (pectine de fruits). *: Issu de l'agriculture biologique. 'Peut contenir: CÉRÉALES CONTENANT DU GLUTEN, FRUITS À COQUE. Lait : Origine France","['en:yogurt', 'en:dairy', 'en:wild-blueberry', 'en:fruit', 'en:berries', 'en:blueberry', 'en:cane-sugar', 'en:added-sugar', 'en:disaccharide', 'en:sugar', 'en:natural-blueberry-flavouring', 'en:flavouring', 'en:natural-flavouring', 'en:thickener', 'en:milk', 'en:fruit-pectin', 'en:e440a']",['en:milk'],"['en:gluten', 'en:nuts']",fr
3302740057502,Filet de poulet 🐔 rôti,"Filet de poulet, bouillons [eau, huile infusée de romarin (huile de colza, romarin), os de poulet, plantes aromatiques, épices, _céleri_, carotte, poireau, oignon], sel, dextrose, arômes naturels (présence naturelle de polyphénols), antioxydant : acide ascorbique, colorant : caramel ordinaire. Viande de poulet d'origine UE.","['en:chicken-fillet', 'en:poultry', 'en:chicken', 'en:chicken-meat', 'en:broth', 'en:salt', 'en:dextrose', 'en:added-sugar', 'en:monosaccharide', 'en:glucose', 'en:natural-flavouring', 'en:flavouring', 'en:antioxidant', 'en:colour', 'en:water', 'en:rosemary', 'en:herb', 'en:chicken-bone', 'en:bone', 'en:spice', 'en:condiment', 'en:celery', 'en:vegetable', 'en:stalk-vegetable', 'en:carrot', 'en:root-vegetable', 'en:taproot-vegetable', 'en:leek', 'en:onion-family-vegetable', 'en:onion', 'en:vitamin-c', 'en:vitamins', 'en:e150a', 'en:colza-oil', 'en:oil-and-fat', 'en:vegetable-oil-and-fat', 'en:rapeseed-oil']",['en:celery'],[],fr
3664346306003,Grand Arôme 32% de Cacao,"İngrédients : Sucre, cacao maigre (11 % de beurre de cacao) en poudre, arôme. Cacao : 32 % minimum. Peut contenir lait et soja.","['fr:İngrédients', 'en:fat-reduced-cocoa', 'en:plant', 'en:cocoa', 'fr:en poudre', 'en:flavouring', 'en:cocoa-butter', 'en:oil-and-fat', 'en:vegetable-oil-and-fat', 'en:vegetable-fat']",[],"['en:milk', 'en:soybeans']",fr
3229820794112,Tofu fumé,"Tofu 95% (graines de soja, eau, affermisant : chlorure de magnésium)
Sauce Soja 5% (eau, graines de soja, sel)","['en:tofu', 'en:Sauce Soja', 'en:graines de soja', 'en:eau', 'en:affermisant', 'en:sel', 'en:chlorure de magnésium']",['en:soybeans'],[],en
6111250472241,Bol Bol Ketchup,"Eau, sucre, concentré de tomate, vinaigre de table, amidon de pomme de terre modifié, sel et arôme.","['en:water', 'en:sugar', 'en:added-sugar', 'en:disaccharide', 'en:tomato-concentrate', 'en:vegetable', 'en:fruit-vegetable', 'en:concentrate', 'en:tomato', 'en:table-vinegar', 'en:vinegar', 'en:modified-potato-starch', 'en:starch', 'en:modified-starch', 'en:potato-starch', 'en:salt', 'en:flavouring']",[],[],fr
3019081241582,Filet de maquereaux grillés nature,"Filets de maquereaux grillés (90%), eau, sel","['en:mackerel-fillet', 'en:fish', 'en:mackerel', 'en:water', 'en:salt']",['en:fish'],[],fr
8715700112596,"Ketchup zéro sel ajouré, 70% moins de sucres","tomatoes (200g per 100g of tomato ketchup), spirit vinegar, lemon juice concentrate, potassium chloride, acidifier (malic acid), citrus fibre, spice and herb extracts (contains  celery), sweetener (sucralose),","['en:tomato', 'en:vegetable', 'en:fruit-vegetable', 'en:spirit-vinegar', 'en:vinegar', 'en:concentrated-lemon-juice', 'en:fruit', 'en:juice', 'en:fruit-juice', 'en:lemon-juice', 'en:e508', 'en:e296', 'en:citrus-fibre', 'en:fiber', 'en:vegetable-fiber', 'en:spice', 'en:condiment', 'en:herb-extract', 'en:herb', 'en:e955', 'en:per 100g of tomato ketchup']",['en:celery'],['en:celery'],en
3228021170046,Emmental râpé,"LAIT de vache pasteurisé, sel, ferments lactiques, fécule de pomme de terre.","['en:cow-s-milk', 'en:dairy', 'en:milk', 'en:salt', 'en:lactic-ferments', 'en:ferment', 'en:microbial-culture', 'en:potato-starch', 'en:starch']",['en:milk'],[],fr
20072803,Miel de fleurs,Miel de fleurs,"['en:flower-honey', 'en:added-sugar', 'en:honey']",[],[],fr
8480000512031,Queso crema suave,"_Leche_ pasteurizada de vaca, _nata_ pasteurizada de vaca, sal, estabilizantes (goma garrofín, alginato sódico, carragenano), conservador (sorbato potásico) y fermentos lácticos.","['en:cow-s-milk', 'en:dairy', 'en:milk', 'en:salt', 'en:stabiliser', 'en:preservative', 'en:lactic-ferments', 'en:ferment', 'en:microbial-culture', 'en:e410', 'en:e401', 'en:e407', 'en:e202']",['en:milk'],['en:none'],es
3154230800965,HERTA Blanc Poulet Nature conservation sans nitrite x4 -140g,"Filets de poulet 92,3%, Sel, Bouillon (eau, viande et os et graisse de poulet, sel, extraits de carotte et d'oignon, sucre, ail, thym, laurier, livèche, curcuma, paprika, poivre noir, muscade, clou de girofle, antioxydant : extrait de romarin), Arôme naturel (présence naturelle de polyphénols), Arôme, Chlorure de potassium, Conservateur : acétate de potassium, Antioxydant : acide ascorbique, Colorant : caramel ordinaire.","['en:chicken-fillet', 'en:poultry', 'en:chicken', 'en:chicken-meat', 'en:salt', 'en:broth', 'en:natural-flavouring', 'en:flavouring', 'en:e508', 'en:preservative', 'en:antioxidant', 'en:colour', 'en:water', 'en:meat-stock', 'en:bone', 'en:chicken-fat', 'en:oil-and-fat', 'en:fat', 'en:animal-fat', 'en:poultry-fat', 'en:carrot-extract', 'en:vegetable', 'en:root-vegetable', 'en:taproot-vegetable', 'en:carrot', 'en:onion', 'en:onion-family-vegetable', 'en:sugar', 'en:added-sugar', 'en:disaccharide', 'en:garlic', 'en:thyme', 'en:herb', 'en:bay-leaf', 'en:lovage', 'en:turmeric', 'en:condiment', 'en:spice', 'en:paprika', 'en:black-pepper', 'en:seed', 'en:pepper', 'en:nutmeg', 'en:clove', 'en:e261', 'en:vitamin-c', 'en:vitamins', 'en:e150a', 'en:e392']",[],[],fr
6111265930385,Fromage Fondu,,,[],[],fr
7622210444141,Moelleux chocolat,"Céréales 46,3 % (farine de BLE 26,9 %, céréales complètes 17,6% (sarrasin complet concassé 6,9%, gruau d'AVOINE 6,9 %, farine complète d'ORGE 1%, farine complète d'épeautre (BLE) 1 %, flocons d'AVOINE 1 %, farine complète de BLE 0,8 %), farine de riz 1,7 %, farine de BLE malté 0,1 %), huile de colza, pépites de chocolat 9 % (sucre, pâte de cacao, émulsifiant (lécithines de SOJA)), sucre, amidon modifié, humectant (glycérol), fibres de racine de chicorée, isomaltulose, agent de charge (maltitols), minéraux (carbonate de calcium, carbonate de magnésium, fer élémentaire), émulsifiants (lécithines de SOJA, E472b, E475), poudres à lever (carbonates de potassium, carbonates de sodium), sirop de glucose, arômes, sel, LAIT écrémé en poudre, gluten de BLE, dextrose, amidon","['en:cereal', 'en:wheat-flour', 'en:flour', 'en:wheat', 'en:cereal-flour', 'en:wholemeal-cereal', 'en:rice-flour', 'en:rice', 'en:malted-wheat-flour', 'en:colza-oil', 'en:oil-and-fat', 'en:vegetable-oil-and-fat', 'en:rapeseed-oil', 'en:chocolate-chunk', 'en:chocolate', 'en:sugar', 'en:added-sugar', 'en:disaccharide', 'en:modified-starch', 'en:starch', 'en:e422', 'en:chicory-fibre', 'en:vegetable', 'en:fiber', 'en:shoot-vegetable', 'en:vegetable-fiber', 'en:chicory', 'en:isomaltulose', 'en:e965', 'en:minerals', 'en:soya-lecithin', 'en:e322', 'en:e322i', 'en:e472b', 'en:e475', 'en:e501', 'en:e500', 'en:glucose-syrup', 'en:monosaccharide', 'en:glucose', 'en:flavouring', 'en:salt', 'en:skimmed-milk-powder', 'en:dairy', 'en:milk-powder', 'en:wheat-gluten', 'en:gluten', 'en:dextrose', 'en:wholemeal-buckwheat', 'en:buckwheat', ""fr:gruau d'AVOINE"", 'en:wholemeal-barley-flour', 'en:wholemeal-flour', 'en:barley', 'en:barley-flour', 'en:wholemeal-spelt-flour', 'en:spelt-flour', 'en:oat-flakes', 'en:oat', 'en:whole-wheat-flour', 'en:cocoa-paste', 'en:plant', 'en:cocoa', 'en:e170i', 'en:e170', 'en:e504i', 'en:e504', 'en:elemental-iron', 'en:iron']","['en:gluten', 'en:milk', 'en:soybeans']",[],fr
3229820783673,Fourrés chocolat lait noisettes,"Farine de blé 34%, chocolat au lait 25% (sucre de canne non raffiné, beurre de cacao, lait en poudre, pâte de cacao), farine complète de blé 15%, sucre de canne roux non raffiné, huile de tournesol oléique, noisettes hachées grillées 5%, lait écrémé en poudre, sel marin non raffiné, poudres à lever : carbonates d'ammonium, carbonates de sodium, arôme naturel de noisettes, épaississant : gomme d’acacia, antioxydant : extrait de romarin","['en:wheat-flour', 'en:cereal', 'en:flour', 'en:wheat', 'en:cereal-flour', 'en:milk-chocolate', 'en:chocolate', 'en:whole-wheat-flour', 'en:wholemeal-flour', 'en:unrefined-cane-sugar', 'en:added-sugar', 'en:disaccharide', 'en:sugar', 'en:cane-sugar', 'en:unrefined-sugar', 'en:high-oleic-sunflower-oil', 'en:oil-and-fat', 'en:vegetable-oil-and-fat', 'en:vegetable-oil', 'en:sunflower-oil', 'en:roasted-nibbed-hazelnuts', 'en:nut', 'en:tree-nut', 'en:hazelnut', 'en:chopped-hazelnuts', 'en:skimmed-milk-powder', 'en:dairy', 'en:milk-powder', 'en:unrefined-sea-salt', 'en:salt', 'en:sea-salt', 'en:unrefined-salt', 'en:e503', 'en:e500', 'fr:arome-naturel-de-noisette', 'en:flavouring', 'en:natural-flavouring', 'en:e414', 'en:e392', 'en:cocoa-butter', 'en:plant', 'en:vegetable-fat', 'en:cocoa', 'en:cocoa-paste']","['en:gluten', 'en:milk', 'en:nuts']","['en:eggs', 'en:mustard', 'en:nuts', 'en:sesame-seeds', 'en:soybeans']",fr
3175681170841,"Ravioli au tofu, tomates, basilic","Eau, pâte alimentaire (semoule de blé dur 13,8%, eau), concentré de tomate 16,3%, tofu 6,7 % (eau, soja, agents coagulants: sulfate de calcium, chlorure de calcium, nigari), oignons, huile de tournesol, carottes, champignons, chapelure (farine de blé 1,3%, levure, sel), semoule de blé dur 1%, basilic 0,9%, sel de mer, épices, sucre de canne, oignons frits (oignons, huile d'olive extra vierge, jus de citron), herbes de Provence.","['en:water', 'en:pasta', 'en:dough', 'en:tomato-concentrate', 'en:vegetable', 'en:fruit-vegetable', 'en:concentrate', 'en:tomato', 'en:tofu', 'en:onion', 'en:root-vegetable', 'en:onion-family-vegetable', 'en:sunflower-oil', 'en:oil-and-fat', 'en:vegetable-oil-and-fat', 'en:vegetable-oil', 'en:carrot', 'en:taproot-vegetable', 'en:mushroom', 'en:breadcrumbs', 'en:coating', 'en:durum-wheat-semolina', 'en:cereal', 'en:wheat', 'en:durum-wheat', 'en:semolina', 'en:basil', 'en:herb', 'en:sea-salt', 'en:salt', 'en:spice', 'en:condiment', 'en:cane-sugar', 'en:added-sugar', 'en:disaccharide', 'en:sugar', 'en:herbes-de-provence', 'en:durum-wheat-semolina-pasta', 'en:soya', 'fr:agents coagulants', 'en:e509', 'en:nigari', 'en:e511', 'en:wheat-flour', 'en:flour', 'en:cereal-flour', 'en:yeast', 'en:extra-virgin-olive-oil', 'en:olive-oil', 'en:virgin-olive-oil', 'en:lemon-juice', 'en:fruit', 'en:juice', 'en:fruit-juice', 'en:e516']","['en:celery', 'en:gluten', 'en:soybeans']","['en:celery', 'en:eggs', 'en:milk', 'en:mustard', 'en:nuts', 'en:sesame-seeds']",fr
8720182557315,Maille Moutarde Fins Gourmets Bocal 320g,"Moutarde de Dijon 52% (eau, graines de MOUTARDE, vinaigre d'alcool, sel, acidifiant : acide citrique, conservateur : DISULFITE de potassium), huile de colza, moutarde à l'ancienne 18% (vinaigre d'alcool, graines de MOUTARDE, eau, sel, sucre, arôme naturel), vin blanc 1,9%, amidon modifié de pomme de terre, eau, farine de MOUTARDE, épaississant : gomme xanthane, sel, épices (dont CÉLERI).","['en:dijon-mustard', 'en:mustard', 'en:colza-oil', 'en:oil-and-fat', 'en:vegetable-oil-and-fat', 'en:rapeseed-oil', 'fr:moutarde-a-l-ancienne', 'en:white-wine', 'en:alcohol', 'en:wine', 'en:modified-potato-starch', 'en:starch', 'en:modified-starch', 'en:potato-starch', 'en:water', 'en:mustard-powder', 'en:condiment', 'en:spice', 'en:mustard-seed', 'en:e415', 'en:salt', 'en:alcohol-vinegar', 'en:vinegar', 'en:e330', 'en:e224', 'en:sugar', 'en:added-sugar', 'en:disaccharide', 'en:natural-flavouring', 'en:flavouring']","['en:celery', 'en:mustard', 'en:sulphur-dioxide-and-sulphites']",[],fr
6111126005580,Chergui Lait,Lait frais pasteurisé demi écrémé,"['en:milk', 'en:dairy']",['en:milk'],[],fr
87157635,Tomato Ketchup,"Tomates (148 g pour 100 g de Tomato Ketchup), vinaigre, sucre, sel, extraits d'épices et d'herbes (contiennent du _céleri_), épice,","['en:tomato', 'en:vegetable', 'en:fruit-vegetable', 'en:vinegar', 'en:sugar', 'en:added-sugar', 'en:disaccharide', 'en:salt', 'en:herbs-and-spices', 'en:condiment', 'en:herb', 'en:spice', 'fr:contiennent du _céleri_']",['en:celery'],[],fr
3124480185266,Orange citron,"Jus de fruits à base de concentrés 46% (citron 25%, orange 21%), sucre, eau, pulpes de citron 4%, acidifiant: acide citrique, arômes naturels d'orange concentrés de carotte, pomme, fleur de carthame et citron.","['en:fruit-juice-from-concentrate', 'en:fruit-juice-concentrate', 'en:sugar', 'en:added-sugar', 'en:disaccharide', 'en:water', 'en:lemon-pulp', 'en:fruit', 'en:citrus-fruit', 'en:lemon', 'en:e330', ""fr:arômes naturels d'orange concentrés de carotte"", 'en:apple', 'en:malaceous-fruit', 'en:safflower-flower', 'en:plant', 'en:safflower', 'en:orange']",['en:orange'],[],fr
5053990101573,Pringles Sare,"cartofi deshidratati, uleiuri vegetale (floarea soarelui), faina de grâu, făină de orez, făină de porumb, emulsificator (E471), maltodextrina, sare, colorant annatto norbixină","['ro:cartofi deshidratati', 'en:vegetable-oil', 'en:oil-and-fat', 'en:vegetable-oil-and-fat', 'en:wheat-flour', 'en:cereal', 'en:flour', 'en:wheat', 'en:cereal-flour', 'en:rice-flour', 'en:rice', 'en:corn-flour', 'en:corn', 'ro:emulsificator', 'en:maltodextrin', 'en:salt', 'ro:colorant annatto norbixină', 'en:sunflower', 'en:plant', 'en:e471']","['en:gluten', 'en:soybeans']",[],ro
8410076801197,Crunchy Oats & Dark Chocolate,"whole grain oat flakes (56%), sugar, refined sunflower oil, chocolate chips (7%) (cocoa paste, sugar, emulsifier (soy lecithin), natural vanilla aroma, degreased cocoa powder, honey, salt, cane molasses, emulsifier (sunflower lecithin), gasifier (sodium acid carbonate), natural aroma,","['en:oat-flakes', 'en:cereal', 'en:oat', 'en:sugar', 'en:added-sugar', 'en:disaccharide', 'en:refined-sunflower-oil', 'en:oil-and-fat', 'en:vegetable-oil-and-fat', 'en:vegetable-oil', 'en:sunflower-oil', 'en:chocolate-chunk', 'en:chocolate', 'en:cocoa-paste', 'en:plant', 'en:cocoa', 'en:soya-lecithin', 'en:e322', 'en:e322i', 'en:natural-vanilla-flavouring', 'en:flavouring', 'en:natural-flavouring', 'en:vanilla-flavouring', 'en:degreased cocoa powder', 'en:honey', 'en:salt', 'en:cane-sugar-molasses', 'en:molasses', 'en:sunflower-lecithin', 'en:gasifier', 'en:e500ii', 'en:e500']",['en:soybeans'],"['en:gluten', 'en:nuts', 'en:peanuts']",en
6111263000202,filets de maquereaux à l'huile végétale,"Maquereaux, huile de soya, sel.","['en:mackerel', 'en:fish', 'en:soya-oil', 'en:oil-and-fat', 'en:vegetable-oil-and-fat', 'en:vegetable-oil', 'en:salt']","['en:fish', 'en:soybeans']",[],fr
3302740100796,Les tranches végé haricots rouges,"Eau, haricots rouges 19,7%, blanc d'œuf poudre, sauce barbecue 6% [sucre 1,5%, vinaigre d'alcool 1,5%, eau, concentré de tomates 1,2%, huiles végétales (colza, tournesol), plantes aromatiques, épices, sel, colorant: caramel ordinaire], huile de colza, fécules, extraits de plantes, sel, concentré (radis, carotte), arômes naturels, ail, conservateur: vinaigre tamponné, bouillon (eau, carottes, oignons, plantes aromatiques, céleri, épices, sel, huile de colza), poivre, colorant: caramel ordinaire","['en:water', 'en:red-bean', 'en:vegetable', 'en:pod-and-seed-vegetable', 'en:legume', 'en:pulse', 'en:egg-white', 'en:egg', 'fr:sauce barbecue', 'en:colza-oil', 'en:oil-and-fat', 'en:vegetable-oil-and-fat', 'en:rapeseed-oil', 'en:starch', 'en:extract', 'en:salt', 'fr:concentré', 'en:natural-flavouring', 'en:flavouring', 'en:garlic', 'en:root-vegetable', 'en:onion-family-vegetable', 'en:e267', 'en:broth', 'en:pepper', 'en:seed', 'en:e150a', 'en:sugar', 'en:added-sugar', 'en:disaccharide', 'en:alcohol-vinegar', 'en:vinegar', 'en:tomato-concentrate', 'en:fruit-vegetable', 'en:concentrate', 'en:tomato', 'en:vegetable-oil', 'en:herb', 'en:spice', 'en:condiment', 'en:radish', 'en:taproot-vegetable', 'en:carrot-concentrate', 'en:carrot', 'en:onion', 'en:celery', 'en:stalk-vegetable', 'en:sunflower-oil']","['en:celery', 'en:eggs', 'en:céleri']",[],en
7622210416681,Biscottes,"Farine de _blé_ 96,3 %, huile de palme, sucre, levure, sel, émulsifiants (E471, E481), agent de traitement de la farine (acide ascorbique).","['en:wheat-flour', 'en:cereal', 'en:flour', 'en:wheat', 'en:cereal-flour', 'en:palm-oil', 'en:oil-and-fat', 'en:vegetable-oil-and-fat', 'en:palm-oil-and-fat', 'en:sugar', 'en:added-sugar', 'en:disaccharide', 'en:yeast', 'en:salt', 'en:e471', 'en:e481', 'en:e300']",['en:gluten'],"['en:eggs', 'en:milk', 'en:sesame-seeds']",fr
7622210724519,Chocolat noir Bio 70%,"Pâte de cacao, sucre de canne, beurre de cacao, extrait de vanille.","['en:cocoa-paste', 'en:plant', 'en:cocoa', 'en:cane-sugar', 'en:added-sugar', 'en:disaccharide', 'en:sugar', 'en:cocoa-butter', 'en:vanilla-extract', 'en:extract', 'en:vanilla', 'en:vegetable-extract']",[],"['en:milk', 'en:nuts']",fr
8480000142139,Digestive Avena,"Copos de avena 44%, harina de trigo 20%, aceite vegetal (girasol alto oleico) 18%, azúcar, salvado de trigo 5%, jarabe de glucosa y fructosa, gasificantes (carbonato ácido de sodio y carbonato ácido de amonio), sal.","['en:oat-flakes', 'en:cereal', 'en:oat', 'en:wheat-flour', 'en:flour', 'en:wheat', 'en:cereal-flour', 'en:vegetable-oil', 'en:oil-and-fat', 'en:vegetable-oil-and-fat', 'en:sugar', 'en:added-sugar', 'en:disaccharide', 'en:wheat-bran', 'en:glucose-fructose-syrup', 'en:monosaccharide', 'en:fructose', 'en:glucose', 'en:raising-agent', 'en:salt', 'en:high-oleic-sunflower-oil', 'en:sunflower-oil', 'en:e500ii', 'en:e500', 'en:e503ii', 'en:e503']",['en:gluten'],"['en:milk', 'en:mustard', 'en:soybeans']",es
3046920010283,Excellence Lait Extra Fondant,"Sucre, beurre de cacao, poudre de lait, pâte de cacao, beurre laitier concentré, lactose, poudre de lait écrémé, extrait de malt d'orge, émulsifiant (lécithine de soja), arôme.

Peut contenir des graines de sésame et des fruits à coque.
Cacao: 30% minimum.","['en:sugar', 'en:added-sugar', 'en:disaccharide', 'en:cocoa-butter', 'en:plant', 'en:cocoa', 'en:milk-powder', 'en:dairy', 'en:cocoa-paste', 'en:butterfat', 'en:oil-and-fat', 'en:fat', 'en:milkfat', 'en:lactose', 'en:skimmed-milk-powder', 'en:barley-malt-extract', 'en:cereal', 'en:malt', 'en:malted-barley', 'en:emulsifier', 'en:flavouring', 'en:soya-lecithin', 'en:e322', 'en:e322i']","['en:gluten', 'en:milk', 'en:soybeans']","['en:gluten', 'en:nuts', 'en:sesame-seeds']",fr
7613036021265,nuggets soja,"Eau, concentré de protéines de SOJA 15,5%, chapelure 14,1% (farine de BLÉ, eau, huile de colza, levure, sel, extrait de paprika), huiles végétales (tournesol, colza) en proportion variable, farine de BLÉ, amidon de maïs, arômes naturels, correcteur d'acidité : vinaigre tamponné ; stabilisants : méthylcellulose, gomme guar ; fibres d'agrumes, sel, oignon en poudre, ail en poudre. Peut contenir: ŒUFS, SÉSAME, CÉLERI et MOUTARDE","['en:water', 'en:soy-protein', 'en:protein', 'en:plant-protein', 'en:breadcrumbs', 'en:coating', 'en:vegetable-oil', 'en:oil-and-fat', 'en:vegetable-oil-and-fat', 'en:wheat-flour', 'en:cereal', 'en:flour', 'en:wheat', 'en:cereal-flour', 'en:corn-starch', 'en:starch', 'en:natural-flavouring', 'en:flavouring', 'en:e267', 'en:e461', 'en:e412', 'en:citrus-fibre', 'en:fiber', 'en:vegetable-fiber', 'en:salt', 'en:onion-powder', 'en:vegetable', 'en:root-vegetable', 'en:onion-family-vegetable', 'en:onion', 'en:garlic-powder', 'en:garlic', 'en:colza-oil', 'en:rapeseed-oil', 'en:yeast', 'en:e160c', 'en:sunflower-oil']","['en:gluten', 'en:soybeans']","['en:celery', 'en:eggs', 'en:mustard', 'en:sesame-seeds']",fr
6111021026000,Double concentré de tomates,"Tomates, Sel.","['en:tomato', 'en:vegetable', 'en:fruit-vegetable', 'en:salt']",[],[],fr
4056489491217,Skyr,"Lait écrémé, ferments lactiques, enzyme coagulante d’origine microbienne selon approvisionnement","['en:skimmed-milk', 'en:dairy', 'en:milk', 'en:lactic-ferments', 'en:ferment', 'en:microbial-culture', 'en:coagulating-enzyme', 'en:enzyme']",['en:milk'],[],fr
3229820019208,Pain complet seigle,"Farine complète de seigle* 59%, eau, sel marin, levure. Peut contenir des traces de lait, fruits à coque, graines de sésame et de soja. *Ingrédients biologiques.","['en:wholemeal-rye-flour', 'en:flour', 'en:cereal-flour', 'en:rye-flour', 'en:wholemeal-flour', 'en:water', 'en:sea-salt', 'en:salt', 'en:yeast']",['en:gluten'],"['en:milk', 'en:nuts', 'en:sesame-seeds', 'en:soybeans']",fr
7622210578464,Organic 70% Dark Chocolate Bar,"cocoa mass #, cane sugar #, cocoa butter #, vanilla extract #, may contain nuts, milk,","['en:cocoa-paste', 'en:plant', 'en:cocoa', 'en:cane-sugar', 'en:added-sugar', 'en:disaccharide', 'en:sugar', 'en:cocoa-butter', 'en:oil-and-fat', 'en:vegetable-oil-and-fat', 'en:vegetable-fat', 'en:vanilla-extract', 'en:extract', 'en:vanilla', 'en:vegetable-extract']",[],"['en:milk', 'en:nuts']",en
3229820789149,Biscuits nappés de chocolat noir,"Farine de blé*, Chocolat noir* 24% (pâte de cacao*, sucre de canne*, beurre de cacao*, extrait de vanille*), Farine complète de blé* 16%, Sucre roux de canne*, Huile de colza*, Graines de soja*, Fibres d'acacia*, Flocons d'avoine* complets 2%, Jaune d'oeuf en poudre, Émulsifiant : lécithines* (soja), Poudre à lever: carbonates d'ammonium, Sel marin, Poudre de lait* écrémé, Antioxydant: extraits de romarin*. Blé: origine UE. Peut contenir des fruits à coque et des graines de sésame. *Ingrédients biologiques.","['en:wheat-flour', 'en:cereal', 'en:flour', 'en:wheat', 'en:cereal-flour', 'en:dark-chocolate', 'en:chocolate', 'en:whole-wheat-flour', 'en:wholemeal-flour', 'en:unrefined-cane-sugar', 'en:added-sugar', 'en:disaccharide', 'en:sugar', 'en:cane-sugar', 'en:unrefined-sugar', 'en:colza-oil', 'en:oil-and-fat', 'en:vegetable-oil-and-fat', 'en:rapeseed-oil', 'en:soya-bean', 'en:vegetable', 'en:pod-and-seed-vegetable', 'en:legume', 'en:pulse', 'en:soya', 'en:acacia-fibre', 'en:fiber', 'en:vegetable-fiber', 'en:whole-grain-oat-flakes', 'en:oat', 'en:oat-flakes', 'en:wholemeal-oat', 'en:egg-yolk-powder', 'en:egg', 'en:egg-yolk', 'en:e322', 'en:e503', 'en:sea-salt', 'en:salt', 'en:skimmed-milk-powder', 'en:dairy', 'en:milk-powder', 'en:e392', 'en:cocoa-paste', 'en:plant', 'en:cocoa', 'en:cocoa-butter', 'en:vegetable-fat', 'en:vanilla-extract', 'en:extract', 'en:vanilla', 'en:vegetable-extract', 'en:soya-lecithin', 'en:e322i']","['en:eggs', 'en:gluten', 'en:milk', 'en:nuts', 'en:soybeans']","['en:nuts', 'en:peanuts', 'en:sesame-seeds']",fr
3272770015523,FETA AOP GRECQUE,"_Lait_ entiers de brebis pasteurisés (70% min), lait entier de chèvre pasteurisé (30% max) (Origine: Grèce), sel, ferments lactiques, coagulant microbien.","['en:whole-sheep-milk', 'en:dairy', 'en:milk', 'en:sheeps-milk', 'en:whole-goat-milk', 'en:goat-milk', 'en:salt', 'en:lactic-ferments', 'en:ferment', 'en:microbial-culture', 'en:microbial-coagulating-enzyme', 'en:enzyme', 'en:coagulating-enzyme']",['en:milk'],[],fr
6111035002052,Bul'tropicale,"eau minérale naturelle gazeuse, jus de fruits, sucre, arômes, acidifiant acide citrique, antioxydant acide ascorbique, colorant, sel","['en:carbonated-natural-mineral-water', 'en:water', 'en:mineral-water', 'en:carbonated-water', 'en:natural-mineral-water', 'en:fruit-juice', 'en:fruit', 'en:juice', 'en:sugar', 'en:added-sugar', 'en:disaccharide', 'en:flavouring', 'en:acid', 'en:vitamin-c', 'en:vitamins', 'en:colour', 'en:salt', 'en:e330']",[],[],fr
20615420,Paahdettu maapähkinä,"Maapähkinä, auringonkukkaöljy.","['en:peanut', 'en:nut', 'en:sunflower-oil', 'en:oil-and-fat', 'en:vegetable-oil-and-fat', 'en:vegetable-oil']",['en:peanuts'],['en:nuts'],fi
7613035648463,HERTA Pâte à Pizza Fine et Rectangulaire 390g,"Farine de BLE, Eau, Huile de colza, GLUTEN de BLE, Sel, Alcool, Jus de citron concentré, Levure. Peut contenir : LAIT, SOJA, MOUTARDE.","['en:wheat-flour', 'en:cereal', 'en:flour', 'en:wheat', 'en:cereal-flour', 'en:water', 'en:colza-oil', 'en:oil-and-fat', 'en:vegetable-oil-and-fat', 'en:rapeseed-oil', 'en:wheat-gluten', 'en:gluten', 'en:salt', 'en:alcohol', 'en:concentrated-lemon-juice', 'en:fruit', 'en:juice', 'en:fruit-juice', 'en:lemon-juice', 'en:yeast']",['en:gluten'],"['en:milk', 'en:mustard', 'en:soybeans']",fr
3456300014556,Fourrés Chocolat🍫,"Farine de BLE*, farine de BLE complet*, sucre de canne*, chocolat* 14,2% (sucre de canne*, poudre de cacao*, beurre de cacao*), huile de tournesol*, beurre concentré délactosé* (protéines de LAIT), huile de coco désodorisée*, amidon de maïs*, poudre à lever : carbonates de sodium, sel marin, vanille Bourbon en poudre*. *Produits issus de l'agriculture biologique. Peut contenir des traces de SOJA, OEUFS et FRUITS A COQUE. 29% du total des ingrédients d'origine agricole sont conformes aux standards du commerce équitable.","['en:wheat-flour', 'en:cereal', 'en:flour', 'en:wheat', 'en:cereal-flour', 'en:whole-wheat-flour', 'en:wholemeal-flour', 'en:cane-sugar', 'en:added-sugar', 'en:disaccharide', 'en:sugar', 'en:chocolate', 'en:sunflower-oil', 'en:oil-and-fat', 'en:vegetable-oil-and-fat', 'en:vegetable-oil', 'fr:beurre concentré délactosé', 'en:coconut-oil', 'en:corn-starch', 'en:starch', 'en:e500', 'en:sea-salt', 'en:salt', 'en:bourbon-vanilla', 'en:plant', 'en:vanilla', 'fr:total des ingrédients', 'en:cocoa-powder', 'en:cocoa', 'en:cocoa-butter', 'en:vegetable-fat', 'en:milk-proteins', 'en:protein', 'en:animal-protein']","['en:gluten', 'en:milk']","['en:eggs', 'en:nuts', 'en:soybeans', 'fr:soja oeufs fruits à coque']",fr
6111037000506,Margarine patissière,"Huiles et graisses 100% végétales, eau, sucre, émulsifiants: mono-diglycérides végétales et lécithine de soja, sel (0,3%), amidon, conservateur: sorbate de potassium, acidifiant: acide citrique, arôme, antioxydant (E321), colorant: béta-carotène. Conserver au frais et au sec. 208 208 208208208 20g 20g og 20g 20g 20g 137 2000506 شارع ROC","['en:oil', 'en:oil-and-fat', 'fr:graisses-100-vegetales', 'en:water', 'en:sugar', 'en:added-sugar', 'en:disaccharide', 'en:emulsifier', 'en:salt', 'en:starch', 'en:preservative', 'en:acid', 'en:flavouring', 'en:antioxidant', 'en:colour', 'fr:monodiglycerides-vegetales', 'en:soya-lecithin', 'en:e322', 'en:e322i', 'en:e202', 'en:e330', 'en:e321', 'en:beta-carotene-dye', 'en:e160a', 'en:e160ai', 'fr:conserver-au-frais-et-au-sec', 'fr:208-208-208208208-20g-20g-og-20g-20g-20g-137-2000506-شارع-roc']",['en:soybeans'],[],fr
3760336830357,Pâte à tartiner praliné,"Purée de haricots rouges* 28,2% (eau, farine de haricots rouges), sucre de betterave, eau, noisettes torréfiées* 21%, caramel (sucre, eau), poudre de cacao&quot;, sel de Guérande IGP.","['en:red-bean', 'en:vegetable', 'en:legume', 'en:pulse', 'en:beet-sugar', 'en:added-sugar', 'en:disaccharide', 'en:sugar', 'en:water', 'en:hazelnut', 'en:nut', 'en:tree-nut', 'en:e150', 'en:cocoa-powder', 'en:plant', 'en:cocoa', 'en:salt-from-guerande', 'en:salt', 'en:sea-salt']",['en:nuts'],[],fr
3155251205319,Tartine & Cuisson 100% végétal,"Huiles et graisses végétales non hydrogénées 62% (colza, palmiste, palme), eau, émulsifiants : lécithines de tournesol, sel, arômes naturels, jus de citron concentré, antioxydant : extrait de romarin, colorants : curcumine, rocou, vitamine B1.","['en:oil', 'en:oil-and-fat', 'en:non-hydrogenated-vegetable-fats', 'en:vegetable-oil-and-fat', 'en:vegetable-fat', 'en:water', 'en:sunflower-lecithin', 'en:e322', 'en:e322i', 'en:salt', 'en:natural-flavouring', 'en:flavouring', 'en:concentrated-lemon-juice', 'en:fruit', 'en:juice', 'en:fruit-juice', 'en:lemon-juice', 'en:e392', 'en:e100', 'en:e160b', 'en:thiamin', 'en:vitamins', 'en:colza-oil', 'en:rapeseed-oil', 'en:palm-kernel-oil', 'en:palm-kernel-oil-and-fat', 'en:palm-oil', 'en:palm-oil-and-fat']",[],[],fr
3017760030106,Palmito L'original,"Farine de BLÉ 54%, margarine [huile de palme, eau, huile de colza, émulsifiant (E471), sel, acidifiant (acide citrique), conservateur (sorbate de potassium), arôme), sucre, sel, arôme, poudre à lever (carbonates de sodium). PEUT CONTENIR OEUF, LAIT ET FRUITS À COQUE","['en:wheat-flour', 'en:cereal', 'en:flour', 'en:wheat', 'en:cereal-flour', 'en:margarine', 'en:palm-oil', 'en:oil-and-fat', 'en:vegetable-oil-and-fat', 'en:palm-oil-and-fat', 'en:water', 'en:colza-oil', 'en:rapeseed-oil', 'en:e471', 'en:salt', 'en:e330', 'en:e202', 'en:flavouring', 'en:sugar', 'en:added-sugar', 'en:disaccharide', 'en:e500']","['en:eggs', 'en:gluten']","['en:eggs', 'en:milk', 'en:nuts']",fr
3760049790818,4 Baguettes viennoises 340g,"Farine de BLÉ* 63 % , ŒUFS entiers*/** 10,5 %, huile de colza, sucre, eau, levure, GLUTEN DE BLÉ, BEURRE, sel, conservateur : propionate de calcium, protéines de LAIT, levure désactivée, agent de traitement de la farine : acide ascorbique. *Ingrédients issus du commerce équitable français. **Œufs de poules élevées en plein air.","['en:wheat-flour', 'en:cereal', 'en:flour', 'en:wheat', 'en:cereal-flour', 'en:whole-egg', 'en:egg', 'en:colza-oil', 'en:oil-and-fat', 'en:vegetable-oil-and-fat', 'en:rapeseed-oil', 'en:sugar', 'en:added-sugar', 'en:disaccharide', 'en:water', 'en:yeast', 'en:wheat-gluten', 'en:gluten', 'en:butter', 'en:dairy', 'en:salt', 'en:preservative', 'en:milk-proteins', 'en:protein', 'en:animal-protein', 'en:deactivated-yeast', 'en:flour-treatment-agent', 'en:e282', 'en:e300', 'fr:français', 'en:free-range-chicken-eggs', 'en:chicken-egg', 'en:free-range-eggs']","['en:eggs', 'en:gluten', 'en:milk']",[],fr
3270190025337,Lait demi-écrémé Stérilisé UHT,_Lait_ demi-écrémé,"['en:semi-skimmed-milk', 'en:dairy', 'en:milk']",['en:milk'],[],fr
3387390019995,NESTLE LION Céréales 400g,"BLÉ complet 41,4 %, farine de BLÉ, sucre, sirop de glucose, huile de tournesol, chocolat 3,0 % (cacao maigre en poudre*, sucre, pâte de cacao*), carbonate de calcium, sel, arômes naturels, émulsifiant : lécithines, sirop de sucre caramélisé, fer, vitamines B3, B5, D, B6, B1, B2, B9. Peut contenir du LAIT et des FRUITS À COQUE. *Bilan massique certifié Rainforest Alliance. www.ra.org/fr. Nestlé achète une quantité de cacao certifié Rainforest Alliance équivalente à celle nécessaire pour ce produit.","['en:whole-wheat', 'en:cereal', 'en:wheat', 'en:wheat-flour', 'en:flour', 'en:cereal-flour', 'en:sugar', 'en:added-sugar', 'en:disaccharide', 'en:glucose-syrup', 'en:monosaccharide', 'en:glucose', 'en:sunflower-oil', 'en:oil-and-fat', 'en:vegetable-oil-and-fat', 'en:vegetable-oil', 'en:chocolate', 'en:e170i', 'en:e170', 'en:salt', 'en:natural-flavouring', 'en:flavouring', 'en:e322', 'en:brown-sugar-syrup', 'en:syrup', 'en:sugar-syrup', 'en:iron', 'en:minerals', 'en:vitamins', 'en:e375', 'en:pantothenic-acid', 'en:vitamin-d', 'en:vitamin-b6', 'en:thiamin', 'en:e101', 'en:folic-acid', 'en:folate', 'fr:Bilan massique certifié Rainforest Alliance', 'fr:www.ra.org', 'fr:fr', 'fr:Nestlé achète une quantité de cacao certifié Rainforest Alliance équivalente à celle nécessaire pour ce produit', 'en:fat-reduced-cocoa-powder', 'en:plant', 'en:cocoa', 'en:cocoa-powder', 'en:fat-reduced-cocoa', 'en:cocoa-paste']",['en:gluten'],"['en:milk', 'en:nuts']",fr
7311070032574,"Golden Wheat Swedish Krisprolls, 7.9oz (225g)","Farine de BLÉ (90%), sucre, huiles végétales (colza), levure, sel, malt d'ORGE.","['en:wheat-flour', 'en:cereal', 'en:flour', 'en:wheat', 'en:cereal-flour', 'en:sugar', 'en:added-sugar', 'en:disaccharide', 'en:vegetable-oil', 'en:oil-and-fat', 'en:vegetable-oil-and-fat', 'en:yeast', 'en:salt', 'en:malted-barley', 'en:malt', 'en:colza-oil', 'en:rapeseed-oil']",['en:gluten'],[],fr
5410126716016,Biscoff,"Wheat flour, sugar, vegetable oils (palm oil, soya oil), candy sugar syrup, raising agent (sodium bicarbonate), soy flour, salt, cinnamon.","['en:wheat-flour', 'en:cereal', 'en:flour', 'en:wheat', 'en:cereal-flour', 'en:sugar', 'en:added-sugar', 'en:disaccharide', 'en:vegetable-oil', 'en:oil-and-fat', 'en:vegetable-oil-and-fat', 'en:candy-sugar', 'en:e500ii', 'en:e500', 'en:soya-flour', 'en:vegetable', 'en:pod-and-seed-vegetable', 'en:legume', 'en:pulse', 'en:soya', 'en:soya-bean', 'en:salt', 'en:cinnamon', 'en:condiment', 'en:spice', 'en:palm-oil', 'en:palm-oil-and-fat', 'en:soya-oil']","['en:gluten', 'en:soybeans']",[],en
6111032007661,قلوتي,"المعلومات الغذائية ل 100غ الطاقة )كجل( الطاقة )ککل( الدهون )غ( ما فيها : أحماض دهنية مشبعة )غ( 1,9 السکریات )غ( 325,0 77,8 2,85 10,9 ما فيها : السكر )غ( 7,0 بروتينات )غ( ملح )غ( الكالسيوم )مغ( 2,1 86,7 دانون في الإستماع إليكم 080 009 20 20 مكائمة حرة","['fr:المعلومات الغذائية ل 100غ الطاقة )كجل', 'fr:ککل', 'fr:غ', 'fr:مغ', 'fr:2‚1 86‚7 دانون في الإستماع إليكم 080 009 20 20 مكائمة حرة', 'fr:الطاقة', 'fr:الدهون', 'fr:ما فيها', 'fr:1‚9 السکریات', 'fr:325‚0 77‚8 2‚85 10‚9 ما فيها', 'fr:7‚0 بروتينات', 'fr:ملح', 'fr:الكالسيوم', 'fr:أحماض دهنية مشبعة', 'fr:السكر']",['en:milk'],"['en:gluten', 'en:nuts']",ar
6111032004448,Danup fraise,حليب بدون قشدة ، سكر، مسحوق الحليب بدون قشدة ، مصل الحليب ، قشدة. جزا (نشا) ، زبدة ، مادة ذهنية نباتية جوز الهند) لیات ، خمائر حليبية لليوغرت ، معادن (كالسيوم حديد) (فيتامينات: فيتامين B6، فيتامين (D3) مد: 138,"['ar:حليب بدون قشدة', 'en:sugar', 'en:added-sugar', 'en:disaccharide', 'ar:مسحوق الحليب بدون قشدة', 'ar:مصل الحليب', 'en:cream', 'en:dairy', 'ar:جزا', 'en:butter', 'ar:مادة ذهنية نباتية جوز الهند) لیات', 'ar:خمائر حليبية لليوغرت', 'ar:معادن', 'ar:فيتامينات', 'en:vitamins', 'ar:مد', 'en:starch', 'ar:كالسيوم حديد', 'ar:فيتامين B6', 'ar:D3', 'ar:138']",['en:milk'],"['en:gluten', 'en:nuts']",ar
8445291061132,HEPAR,Eau minérale naturelle,"['en:natural-mineral-water', 'en:water', 'en:mineral-water']",[],[],fr
8076802085981,Fusilli 2x,"Hartweizengrieß, Wasser.","['en:durum-wheat-semolina', 'en:cereal', 'en:wheat', 'en:durum-wheat', 'en:semolina', 'en:water']",['en:gluten'],"['en:mustard', 'en:soybeans']",de
6111203001467,margarine la prairie 225g,"Corps gras végétal, eau, sucre, sel, mono-diglycérides végétales, lécithine de soja, calcium, amidon, sorbate de potassium, antioxydant, acide citrique, arôme, β-carotène, 7 vitamines : A, B6, B2, B1, E, D et B12.","['fr:Corps gras', 'en:water', 'en:sugar', 'en:added-sugar', 'en:disaccharide', 'en:salt', 'fr:monodiglycérides végétales', 'en:soya-lecithin', 'en:e322', 'en:e322i', 'en:calcium', 'en:minerals', 'en:starch', 'en:e202', 'en:antioxidant', 'en:e330', 'en:flavouring', 'fr:β-carotène', 'fr:7 vitamines', 'en:vitamin-a', 'en:vitamins', 'en:vitamin-b6', 'en:e101', 'en:thiamin', 'en:vitamin-e', 'en:vitamin-d', 'en:vitamin-b12']",['en:soybeans'],[],fr
3019081241216,Filets de maquereaux vin blanc & aromates,"Filets de maquereaux (60%), eau, carottes (5%), oignons (5%), vinaigre d'alcool, cornichons (cornichons, vinaigre d'alcool, sel) (dont sulfites) (1,7%), vinaigre de vin blanc, vin blanc (1%), sel, jus de citron concentré, poivre noir, laurier, thym.","['en:mackerel-fillet', 'en:fish', 'en:mackerel', 'en:water', 'en:carrot', 'en:vegetable', 'en:root-vegetable', 'en:taproot-vegetable', 'en:onion', 'en:onion-family-vegetable', 'en:alcohol-vinegar', 'en:vinegar', 'en:pickled-gherkin', 'en:fruit-vegetable', 'en:cucumber', 'en:baby-cucumber', 'en:pickled-cucumber', 'en:white-wine-vinegar', 'en:wine-vinegar', 'en:white-wine', 'en:alcohol', 'en:wine', 'en:salt', 'en:concentrated-lemon-juice', 'en:fruit', 'en:juice', 'en:fruit-juice', 'en:lemon-juice', 'en:black-pepper', 'en:seed', 'en:pepper', 'en:bay-leaf', 'en:herb', 'en:thyme']","['en:fish', 'en:sulphur-dioxide-and-sulphites']","['en:celery', 'en:eggs', 'en:milk', 'en:mustard', 'en:soybeans']",fr
8720182557452,Moutarde à l’ancienne,"Vinaigre d'alcool, graines de MOUTARDE, eau, sel, sucre, arôme naturel, acidifiant : acide lactique, conservateur : DISULFITE de potassium.","['en:alcohol-vinegar', 'en:vinegar', 'en:mustard-seed', 'en:condiment', 'en:mustard', 'en:spice', 'en:water', 'en:salt', 'en:sugar', 'en:added-sugar', 'en:disaccharide', 'en:natural-flavouring', 'en:flavouring', 'en:e270', 'en:e224']","['en:mustard', 'en:sulphur-dioxide-and-sulphites']",[],fr
3760324300145,Suprêmes panés végétaux et gourmands,"Eau, farine de blé, protéine de blé, huile de colza, huile de tournesol, fibres de bambou, stabilisant : méthylcellulose, fibre de pois, fibre de plantain, levure, vinaigre, arômes naturels, sel, antioxydant : extrait de romarin. Ce produit peut contenir des traces de : céréales contenant du gluten, lait, sésame, soja.","['en:water', 'en:wheat-flour', 'en:cereal', 'en:flour', 'en:wheat', 'en:cereal-flour', 'en:wheat-protein', 'en:protein', 'en:plant-protein', 'en:colza-oil', 'en:oil-and-fat', 'en:vegetable-oil-and-fat', 'en:rapeseed-oil', 'en:sunflower-oil', 'en:vegetable-oil', 'en:bamboo-fibre', 'en:fiber', 'en:vegetable-fiber', 'en:e461', 'en:pea-fiber', 'fr:fibre de plantain', 'en:yeast', 'en:vinegar', 'en:natural-flavouring', 'en:flavouring', 'en:salt', 'en:e392']",['en:gluten'],"['en:gluten', 'en:milk', 'en:sesame-seeds', 'en:soybeans']",fr
8722700113348,Amora,"tomato ketchup, ingredients: tomatoes (151 g tomatoes per 100 g ketchup), sugar, spirit vinegar, salt, natural flavourings, spices, 'tomatoes from sustainable farming, average nutritional values per 100 g, per 15 g serving, %*/ 15 g, energy value: 414 kj/","['en:tomato ketchup', 'en:ingredients', 'en:sugar', 'en:added-sugar', 'en:disaccharide', 'en:spirit-vinegar', 'en:vinegar', 'en:salt', 'en:natural-flavouring', 'en:flavouring', 'en:spice', 'en:condiment', 'en:tomato', 'en:vegetable', 'en:fruit-vegetable', 'en:average nutritional values per', 'en:per 15 g serving', 'en:%', 'en:energy value', 'en:tomatoes per 100 g ketchup']",[],[],en
20022471,Čokoláda na vaření,"sugar, cocoa mass, cocoa butter, emulsifier: lecithins, vanilla extract,","['en:sugar', 'en:added-sugar', 'en:disaccharide', 'en:cocoa-paste', 'en:plant', 'en:cocoa', 'en:cocoa-butter', 'en:emulsifier', 'en:vanilla-extract', 'en:extract', 'en:vanilla', 'en:vegetable-extract', 'en:e322']",[],"['en:gluten', 'en:milk', 'en:nuts', 'en:peanuts', 'en:soybeans']",en
6111252421971,Aquafina,"Chlorures, Bicarbonates, Carbonate, Nitrates, Sulfates","['fr:Chlorures', 'fr:Bicarbonates', 'en:e502', 'fr:Nitrates', 'en:sulfates', 'en:minerals']",[],[],fr
3502110009449,Orangensaft,"orange juice,","['en:orange-juice', 'en:fruit', 'en:citrus-fruit', 'en:juice', 'en:fruit-juice', 'en:orange']",[],[],en
3124480191182,PET 2L OASIS TROPICAL,"BOISSON RAFRAÎCHISSANTE AUX FRUITS. SAVEUR TROPICAL INGRÉDIENTS : EAU, JUS DE FRUITS À BASE DE CONCENTRÉS 12% ORANGE 6%, POMME, MANGUE 0,08%, FRUIT DE LA PASSION 0.08%). SUCRE, SIROP DE FRUCTOSE, ACIDIFIANTS: ACIDE CITRIQUE ET ACIDE MALIQUE, ARÔMES NATURELS, CORRECTEUR D'ACIDITE: CITRATE DE SODIUM, ANTIOXYDANT: ACIDE ASCORBIQUE, COLORANT: EXTRAIT DE PAPRIKA, ARÔME NATUREL D'ORANGE.","['fr:BOISSON RAFRAÎCHISSANTE AUX FRUITS', 'fr:SAVEUR TROPICAL INGRÉDIENTS', 'fr:JUS DE FRUITS À BASE DE CONCENTRÉS 12\xa0% ORANGE', 'en:apple', 'en:fruit', 'en:malaceous-fruit', 'en:mango', 'en:passionfruit', 'en:sugar', 'en:added-sugar', 'en:disaccharide', 'en:fructose-syrup', 'en:monosaccharide', 'en:fructose', 'en:e330', 'en:e296', 'en:natural-flavouring', 'en:flavouring', 'en:sodium-citrate', 'en:minerals', 'en:sodium', 'en:e300', 'en:e160c', 'en:natural-orange-flavouring', 'en:water']",[],[],fr
3176571983008,Viva lait 1/2 écrémé,"Lait à 1% de matières grasses 98%, lactase, vitamines A, B1, B2, B5, B6, B8, B9, B12, E, PP et D,","['fr:Lait à 1\xa0% de matières grasses', 'en:lactase', 'en:enzyme', 'en:vitamins', 'en:vitamin-a', 'en:thiamin', 'en:e101', 'en:pantothenic-acid', 'en:vitamin-b6', 'en:vitamin-b8', 'en:biotin', 'en:folic-acid', 'en:folate', 'en:vitamin-b12', 'en:vitamin-e', 'en:e375', 'en:vitamin-d']",['en:milk'],[],fr
3161711000622,Caprice des Dieux,"Lait de vache , crème , sel, ferments lactiques (lait).","['en:cow-s-milk', 'en:dairy', 'en:milk', 'en:cream', 'en:salt', 'en:lactic-ferments', 'en:ferment', 'en:microbial-culture']","['en:milk', 'nl:Koemelk']",['en:milk'],fr
3184670001080,faisselle,_Lait_ pasteurisé (origine : France),"['en:milk', 'en:dairy']",['en:milk'],[],fr
3600900021050,Tipiak Graine Parfumé,"Semoule de blé dur précuite (gluten) (93%), épices (dont céleri) (1,8%), sel, arômes naturels, poivron rouge déshydraté, huile de tournesol, graines de cumin, oignon en poudre, ail en poudre, tomate en poudre.","['fr:semoule-de-ble-dur-precuite', 'en:cereal', 'en:wheat', 'en:durum-wheat', 'en:semolina', 'en:durum-wheat-semolina', 'en:spice', 'en:condiment', 'en:salt', 'en:natural-flavouring', 'en:flavouring', 'en:red-bell-pepper', 'en:vegetable', 'en:fruit-vegetable', 'en:capsicum-annuum', 'en:bell-pepper', 'en:sunflower-oil', 'en:oil-and-fat', 'en:vegetable-oil-and-fat', 'en:vegetable-oil', 'en:cumin-seeds', 'en:seed', 'en:cumin', 'en:onion-powder', 'en:root-vegetable', 'en:onion-family-vegetable', 'en:onion', 'en:garlic-powder', 'en:garlic', 'en:tomato']","['en:celery', 'en:gluten']","['en:crustaceans', 'en:eggs', 'en:fish', 'en:lupin', 'en:milk', 'en:molluscs', 'en:mustard', 'en:nuts', 'en:peanuts', 'en:sesame-seeds', 'en:soybeans']",fr
3451790439506,Elle & vire creme fraiche epaisse legere 12%mg poche 328g,"CREME légère de Normandie, fécule, ferments lactiques.","['en:light-cream', 'en:dairy', 'en:cream', 'en:starch', 'en:lactic-ferments', 'en:ferment', 'en:microbial-culture']",['en:milk'],[],fr
3497911105127,Saveur Sel & Vinaigre,"Pommes de terre (62,9%), huile de tournesol (31%), farine de blé, correcteur d'acidité : diacétate de sodium, sel, sucre, acidifiants: (acide citrique, acide malique), vinaigre de malt d'orge en poudre.","['en:potato', 'en:vegetable', 'en:root-vegetable', 'en:tuber', 'en:sunflower-oil', 'en:oil-and-fat', 'en:vegetable-oil-and-fat', 'en:vegetable-oil', 'en:wheat-flour', 'en:cereal', 'en:flour', 'en:wheat', 'en:cereal-flour', 'en:acidity-regulator', 'en:salt', 'en:sugar', 'en:added-sugar', 'en:disaccharide', 'en:acid', 'en:e296', 'en:barley-malt-vinegar', 'en:vinegar', 'en:malt-vinegar', 'en:e262ii', 'en:e262', 'en:e330']","['en:gluten', 'en:milk']","['en:celery', 'en:milk', 'en:mustard']",fr
6111259347021,,"sugar, modified milk ingredients, cocoa butter, cocoa mass, whey powder, lactose, soy lecithin, polyglycerol polyricinoleate, natural flavor","['en:sugar', 'en:added-sugar', 'en:disaccharide', 'en:milk', 'en:dairy', 'en:cocoa-butter', 'en:oil-and-fat', 'en:plant', 'en:vegetable-oil-and-fat', 'en:vegetable-fat', 'en:cocoa', 'en:cocoa-paste', 'en:whey-powder', 'en:whey', 'en:lactose', 'en:soya-lecithin', 'en:e322', 'en:e322i', 'en:e476', 'en:natural-flavouring', 'en:flavouring']","['en:milk', 'en:soybeans']",[],ar
6111128000026,Sidi Harazem,"Calcium, Magnesium, Potassium, Sulfate, Nitrate, Chlorures, Sodium, Bicarbonate","['en:calcium', 'en:minerals', 'en:magnesium', 'en:potassium', 'en:sulfates', 'en:nitrate', 'en:chlorures', 'en:sodium', 'en:bicarbonate']",[],[],fr
6111032002918,Yawmi velouté pistache,"منتوج حليبي ممزوج المكونات: حليب بدون قشده، سکر مسحوق الحليب بدون قشدة، مستحضرات الفواكه، قشدة مخثر (نشا)، زبدة، دهون نباتية (جوز الهند)، لاكتون نكهات، ملونات طبيعية(لوتين،مركبات نحاس الكلوروفيل). خمائر حليبية لليوغورت، ملح غذائي،.م.د % 2,85. مصنوع في خط قد يحتوى على الكلوتين و اللوز. رقم الاعتماد الصحى 2.1.13 MA LPL. الوزن الصافي : 110غ. سنطرال دانون - طريق القنيطرة ـ سلا - المغرب يستهلك حتى: أنظر أعلاه. يحفظ في 6°C على الأكثر 6 111032 002918","['fr:منتوج حليبي ممزوج المكونات', 'fr:سکر مسحوق الحليب بدون قشدة', 'fr:مستحضرات الفواكه', 'fr:قشدة مخثر', 'fr:زبدة', 'fr:دهون نباتية', 'fr:لاكتون نكهات', 'fr:ملونات طبيعية', 'fr:خمائر حليبية لليوغورت', 'fr:ملح غذائي', 'fr:م.د % 2‚85', 'fr:مصنوع في خط قد يحتوى على الكلوتين و اللوز', 'fr:رقم الاعتماد الصحى 2.1.13 MA LPL', 'fr:الوزن الصافي', 'fr:طريق القنيطرة ـ سلا', 'fr:المغرب يستهلك حتى', 'fr:حليب بدون قشده', 'fr:نشا', 'fr:جوز الهند', 'fr:لوتين', 'fr:مركبات نحاس الكلوروفيل', 'fr:110غ', 'fr:سنطرال دانون', 'fr:أنظر أعلاه', 'fr:يحفظ في 6°C على الأكثر 6 111032 002918']","['en:gluten', 'en:nuts']","['en:gluten', 'en:nuts']",fr
6111032007128,Jibi,"المعلومات الغذائية ل مل 100 الطاقة (تحول كل الدهون (غرام بما فيها: أحماض دهنية مشبعة (عراء 1.1 السكريك (غرام بما فيها: السكر (غرام بروتينات (عرام) ملح (عراء): الكالسيوم (مة) الفوسفور (من): TEL 1,6 12.3 7,1 3,3 O 129 101","['fr:المعلومات الغذائية ل مل 100 الطاقة', 'fr:تحول كل الدهون', 'fr:غرام بما فيها', 'fr:السكر', 'fr:غرام بروتينات', 'fr:ملح', 'fr:TEL 1‚6 12.3 7‚1 3‚3 O 129 101', 'fr:أحماض دهنية مشبعة', 'fr:عراء 1.1 السكريك', 'fr:عرام', 'fr:عراء', 'fr:الكالسيوم', 'fr:الفوسفور', 'fr:مة', 'fr:من']",[],[],fr
6111260231548,special burger,,,[],[],fr
3029330801900,Pain Burger Géant,"Farine de blé (62%), eau, sucre, levure, huile de colza, graines de sésame (2,1%), arôme naturel (contient alcool), sel, farine de maïs fermentée, gluten de blé, farine de fève, jus d'acérola en poudre.","['en:wheat-flour', 'en:cereal', 'en:flour', 'en:wheat', 'en:cereal-flour', 'en:water', 'en:sugar', 'en:added-sugar', 'en:disaccharide', 'en:yeast', 'en:colza-oil', 'en:oil-and-fat', 'en:vegetable-oil-and-fat', 'en:rapeseed-oil', 'en:sesame-seeds', 'en:seed', 'en:sesame', 'en:natural-flavouring', 'en:flavouring', 'en:salt', 'en:corn', 'en:wheat-gluten', 'en:gluten', 'en:broad-bean-flour', 'en:vegetable', 'en:broad-bean', 'en:acerola', 'en:fruit']","['en:gluten', 'en:milk', 'en:sesame-seeds']",[],fr
8480000095367,"Muesli con quinoa, chía y chocolate negro","Muesli crocante com quinoa (45%) [flocos integral laminados (24%) (aveia (18%), cevada (3%), trigo (3%)), açúcar, quinoa tufada (4,5%), óleo de girassol, xarope de glicose-frutose, coco ralado seco, sal, antioxidante: extrato rico em tocoferóis], pedaços de chocolate preto (15%) (pasta de cacau, açúcar, emulsionante: lecitinas), flocos de aveia integral laminados (15%), flocos de centeio integral laminados (8%), flocos de cevada integral laminados (7%), flocos de trigo torrados integral (5%) (trigo integral, açúcar, farelo de trigo, extracto de malte de cevada, sal), sementes de chia (Salvia hispanica) (5%). Contém vestígios de amendoins, frutos de casca rija, produtos de soja, leite e sementes de sésamo.","['es:Muesli crocante com quinoa', 'es:pedaços de chocolate preto', 'es:flocos de aveia integral laminados', 'es:flocos de centeio integral laminados', 'es:flocos de cevada integral laminados', 'es:flocos de trigo torrados integral', 'es:sementes de chia', 'es:Contém vestígios de amendoins', 'es:frutos de casca rija', 'es:produtos de soja', 'es:leite y sementes de sésamo', 'es:flocos integral laminados', 'es:açúcar', 'es:quinoa tufada', 'es:óleo de girassol', 'es:xarope de glicose-frutose', 'es:coco ralado seco', 'en:salt', 'en:antioxidant', 'es:pasta de cacau', 'en:emulsifier', 'en:whole-wheat', 'en:cereal', 'en:wheat', 'es:farelo de trigo', 'es:extracto de malte de cevada', 'en:chia', 'en:seed', 'es:aveia', 'es:cevada', 'es:extrato rico em tocoferóis', 'en:e322']","['en:gluten', 'en:nuts']","['en:milk', 'en:nuts', 'en:peanuts', 'en:sesame-seeds', 'en:soybeans']",es
3229820787985,Crème de coco légère,"Noix de coco* 55%, eau, maltodextrine de maïs*, épaississant: gomme guar*. *Ingrédients biologiques,","['en:coconut', 'en:fruit', 'en:water', 'en:corn-maltodextrin', 'en:maltodextrin', 'en:thickener', 'en:e412']",[],"['en:gluten', 'en:nuts', 'en:soybeans']",fr
3664346305983,Poulain,"sugar, lean cocoa (11 % cocoa butter) powder, aroma,","['en:sugar', 'en:added-sugar', 'en:disaccharide', 'en:fat-reduced-cocoa', 'en:plant', 'en:cocoa', 'en:powder', 'en:flavouring', 'en:cocoa-butter']",[],"['en:milk', 'en:soybeans']",en
3380380046940,Tartines Craquantes Sarrasin,Farine de sarrasin*. *issue de l'agriculture biologique.,"['en:buckwheat-flour', 'en:cereal', 'en:flour', 'en:buckwheat']",[],['en:none'],fr
20283360,Fiocchi di avena integrali,Fiocchi d'avena,"['en:oat-flakes', 'en:cereal', 'en:oat']",['en:gluten'],['en:gluten'],it
6111099000582,Lio huile de table,"lio Huile de table A ingredients: Huiles vegetales (Soja), Vitamine A, Vitamine 9 Valeurs nutritionnelles 1999 Veleur Energétique (Koa) 999 100 Acides gras saturés (g) 14 Acides gras monoinsaturés (g) 24 Acides gras polyinsaturés (g) 62 0 Glucide 0 3099 Vitamine 03 (1) 300 Lio Produit: HSB التنقية في : رقم Raffinée à : Agadi MAHGO 26.522.19 ليو منتوج التوضيب في : Conditionnée : MAHCO 25.84 19 2 Litres القيمة الغذائية FEE R","['ar:lio-huile-de-table-a-ingredients', 'ar:vitamine-a', 'ar:vitamine-9-valeurs-nutritionnelles-1999-veleur-energétique', 'ar:999-100-acides-gras-saturés', 'ar:14-acides-gras-monoinsaturés', 'ar:24-acides-gras-polyinsaturés', 'ar:62-0-glucide-0-3099-vitamine-03', 'ar:300-lio-produit', 'ar:رقم-raffinée-à', 'ar:conditionnée', 'ar:huiles-vegetales', 'ar:koa', 'ar:g', 'ar:1', 'ar:hsb-التنقية-في', 'ar:agadi-mahgo-26-522-19-ليو-منتوج-التوضيب-في', 'ar:mahco-25-84-19-2-litres-القيمة-الغذائية-fee-r', 'ar:soja']",[],['en:soybeans'],ar
8434165437418,Cuetara Digesta Light 200G Marie Cookies,"ENRICHED FLOUR WITH VITAMINS AND MINERAL (WHEAT FLOUR, NIACIN, FERROUS SULFATE, THIAMINE HYDROCHLORIDE, RIBOFLAVIN, FOLIC ACDID, HIgh oleic SUNFLOWER OIL 17%, SWEETENER (MALTITOL* 15%), CHICORY ROOT FIBER, SALT, LEAVENING AGENTS (AMMONIUM BICARBONATE, SODIUM BICARBONATE), BARLEY MALT EXTRACT, ARTIFICIAL FLAVOURINGS (VANILLA, COCONUT), N IDENTICAL FLAVOURING (BUTTER), FLOUR TREATMENT AGENT (SODIUM METABISULPHITE). CONTAINS WHEAT, BARLEY, MILK AND SULPHITE. MAY CONTAIN TRACES OF EGG AND SOY.","['en:vitamins', 'en:minerals', 'en:wheat-flour', 'en:cereal', 'en:flour', 'en:wheat', 'en:cereal-flour', 'en:e375', 'en:ferrous-sulfate', 'en:iron', 'en:thiamin-hydrochloride', 'en:thiamin', 'en:e101', 'en:FOLIC ACDID', 'en:high-oleic-sunflower-oil', 'en:oil-and-fat', 'en:vegetable-oil-and-fat', 'en:vegetable-oil', 'en:sunflower-oil', 'en:sweetener', 'en:chicory-fibre', 'en:vegetable', 'en:fiber', 'en:shoot-vegetable', 'en:vegetable-fiber', 'en:chicory', 'en:salt', 'en:raising-agent', 'en:barley-malt-extract', 'en:malt', 'en:malted-barley', 'en:artificial-flavouring', 'en:flavouring', 'en:N IDENTICAL FLAVOURING', 'en:flour-treatment-agent', 'en:e965', 'en:e503ii', 'en:e503', 'en:e500ii', 'en:e500', 'en:vanilla', 'en:plant', 'en:coconut', 'en:fruit', 'en:butter', 'en:dairy', 'en:e223']","['en:gluten', 'en:milk', 'en:sulphur-dioxide-and-sulphites']","['en:eggs', 'en:soybeans']",fr
3023470020016,Roudor,"Farine de blé 52%, beurre 30%, sucre, œufs, sel, poudres à lever: carbonates d'ammonium et de sodium et acide citrique.","['en:wheat-flour', 'en:cereal', 'en:flour', 'en:wheat', 'en:cereal-flour', 'en:butter', 'en:dairy', 'en:sugar', 'en:added-sugar', 'en:disaccharide', 'en:egg', 'en:salt', 'en:raising-agent', 'en:e500', 'en:e330', 'en:e503']","['en:eggs', 'en:gluten', 'en:milk']","['en:nuts', 'en:sesame-seeds', 'en:soybeans', 'en:en-en-nuts-en-sesame-seeds-en-en-en-en-en-nuts-en-sesame-seeds-en-soybeans']",fr
7614500010013,Milk Chocolate Almond Nougat,"Zucker, VOLLMILCHPULVER, Kakaobutter (kakao mindestens 28%), Kakaomasse, Honig (3%), BUTTERREINFETT, MANDELN (1,6%), Emulgator (SOJALECITHINE), EIKLAR, Aroma.","['en:sugar', 'en:added-sugar', 'en:disaccharide', 'en:whole-milk-powder', 'en:dairy', 'en:milk-powder', 'en:cocoa-butter', 'en:oil-and-fat', 'en:plant', 'en:vegetable-oil-and-fat', 'en:vegetable-fat', 'en:cocoa', 'en:cocoa-paste', 'en:honey', 'en:butterfat', 'en:fat', 'en:milkfat', 'en:almond', 'en:nut', 'en:tree-nut', 'en:soya-lecithin', 'en:e322', 'en:e322i', 'en:egg-white', 'en:egg', 'en:flavouring']","['en:eggs', 'en:milk', 'en:nuts', 'en:soybeans', 'nl:BUTTERREINFETT', 'nl:EIKLAR', 'nl:MANDELN', 'nl:VOLLMILCHPULVER']",[],nl
3033491485756,Yaourt à boire fraise framboise,"SPECIALITE LAITIERE & BOIRE AROMATISÉE SAVEUR FRAISE-FRAMBOISE, AVEC EDULCORANTS, 0% M.G., ENRICHIE EN MAGNESIUM ET VITAMINE B9","['fr:SPECIALITE LAITIERE et BOIRE AROMATISÉE SAVEUR FRAISE', 'en:raspberry', 'en:fruit', 'en:berries', 'en:sweetener', 'fr:M.G', 'en:magnesium', 'en:minerals', 'en:folic-acid', 'en:vitamins', 'en:folate']",['en:milk'],['en:gluten'],fr
4056489367260,Mon p'tit plaisir,"Fromage blanc (_lait_), protéines de _lait_, sel.","['en:fromage-blanc', 'en:dairy', 'en:cheese', 'en:milk-proteins', 'en:protein', 'en:animal-protein', 'en:salt']",['en:milk'],[],fr
3033492056603,SKYR,"LAIT écrémé, ferments lactiques (LAIT)","['en:skimmed-milk', 'en:dairy', 'en:milk', 'en:lactic-ferments', 'en:ferment', 'en:microbial-culture']","['en:milk', 'en:LAIT', 'en:ferments lactiques']",[],en
8715700017006,Tomato Ketchup,"Tomates, vinaigre, sucre, sel, extraits d'épices, extrait d'herbes (_céleri_), épice.","['en:tomato', 'en:vegetable', 'en:fruit-vegetable', 'en:vinegar', 'en:sugar', 'en:added-sugar', 'en:disaccharide', 'en:salt', 'en:spice-extract', 'en:condiment', 'en:spice', 'en:herb-extract', 'en:herb']",['en:celery'],[],fr
3228857000913,Pain de mie nature,"Farine de blé 63%, eau, sucre, huile de colza, sel, vinaigre, levure, farine de fèves, _gluten de blé_, arôme (contient alcool), extrait d'acérola. Peut contenir des _traces d'œuf_, _soja_, _lait_, _fruits coque_, _graines de sésame_.","['en:wheat-flour', 'en:cereal', 'en:flour', 'en:wheat', 'en:cereal-flour', 'en:water', 'en:sugar', 'en:added-sugar', 'en:disaccharide', 'en:colza-oil', 'en:oil-and-fat', 'en:vegetable-oil-and-fat', 'en:rapeseed-oil', 'en:salt', 'en:vinegar', 'en:yeast', 'en:broad-bean-flour', 'en:vegetable', 'en:pod-and-seed-vegetable', 'en:legume', 'en:broad-bean', 'en:wheat-gluten', 'en:gluten', 'en:flavouring', 'en:acerola-juice', 'en:fruit', 'en:juice', 'en:fruit-juice', 'en:soya', 'en:milk', 'en:dairy', 'fr:_fruits coque_', 'en:sesame-seeds', 'en:seed', 'en:sesame']","['en:gluten', 'en:milk', 'en:sesame-seeds']","['en:eggs', 'en:milk', 'en:nuts', 'en:sesame-seeds', 'en:soybeans']",fr
7613039490266,Nesquik,"sugar, natural defatted cocoa powder 23%, emulsifier (soy lecithin), salt, vitamins (c, d), natural aroma, cinnamon,","['en:sugar', 'en:added-sugar', 'en:disaccharide', 'en:natural defatted cocoa powder', 'en:soya-lecithin', 'en:e322', 'en:e322i', 'en:salt', 'en:vitamins', 'en:vitamin-c', 'en:vitamin-d', 'en:natural-flavouring', 'en:flavouring', 'en:cinnamon', 'en:condiment', 'en:spice']",['en:soybeans'],[],en
3236240070405,Fromage à tartiner Echalote et Ciboulette fouetté MADAME LOIK - 150g,"Fromage (LAIT), échalote (3,3%), ciboulette (2,7%), sel. L'échalote et la ciboulette sont cultivées en Bretagne Traces éventuelles de fruits à coque et de poisson. Ingrédients laitiers issus de lait pasteurisé (Lait : Origine France - Régions Bretagne et Pays de la Loire)","['en:cheese', 'en:dairy', 'en:shallot', 'en:vegetable', 'en:root-vegetable', 'en:onion-family-vegetable', 'en:chives', 'en:salt', 'fr:la ciboulette sont cultivées en', 'fr:Ingrédients laitiers issus de lait pasteurisé', 'en:milk', 'fr:Régions Bretagne et Pays']","['en:milk', 'en:mustard']","['en:fish', 'en:nuts']",fr
5050083296079,Cereales special K original,"Riz (47%), blé complet (37%), sucre, orge (5%), farine d'orge maltée, sel, extrait de malt d'orge, niacine, fer, riboflavine, thiamine, vitamine B6, acide folique, vitamine D, vitamine B12.","['en:rice', 'en:whole-wheat', 'en:cereal', 'en:wheat', 'en:sugar', 'en:added-sugar', 'en:disaccharide', 'en:barley', 'en:barley-malt-flour', 'en:flour', 'en:cereal-flour', 'en:barley-flour', 'en:salt', 'en:barley-malt-extract', 'en:malt', 'en:malted-barley', 'en:e375', 'en:iron', 'en:minerals', 'en:e101', 'en:thiamin', 'en:vitamins', 'en:vitamin-b6', 'en:folic-acid', 'en:folate', 'en:vitamin-d', 'en:vitamin-b12']",['en:gluten'],['en:milk'],fr
5449000036957,Poms 2,"apple bengha drink , contains sugars and sweeteners, ingredients: carbonated water, sugar, apple juice, acidified: e330, flavor, colored: 150dp muar container:e202,e211: sweeteners: e955, e950packed by (u) see the rum on the bottle and the corresponding packed company address shown below, under the license of the company kakla, the owner of the registered trademark boms 2017 ©,  is kept in the extension of the date of production: (p), the share number and preferably consumption before the end of:  (e) see top delivered by gas beverage company wsbs-llc, marakish road, kalam 12, p,o,box, 135 agadir,14 soft drinks company for south llc,eternal, eternal retail, region: aut,s/onssa nº: bg, 19,7,13, islyd 0 company designated atlas llc,m,industrial district, algiers road, oujda,45,01,13 ,bga:, aut,s/onssa n°: bg, 7,7,14,(s lalyljliglyial moyofi, technopol mohammed v airport m,  r nawaser aldar a food blame per 250 ml l: sugar fat salt co, apma fatty acids sh ref 43 mg 24g 07","['en:apple bengha drink', 'en:sugar', 'en:added-sugar', 'en:disaccharide', 'en:sweetener', 'en:ingredients', 'en:apple-juice', 'en:fruit', 'en:juice', 'en:malaceous-fruit', 'en:apple', 'en:fruit-juice', 'en:acidified', 'en:flavouring', 'en:colour', 'en:e202', 'en:e211', 'en:e955', 'en:e950packed by', 'en:see the rum on the bottle and the corresponding packed company address shown below', 'en:under the license of the company kakla', 'en:the owner of the registered trademark boms 2017 ©', 'en:is kept in the extension of the date of production', 'en:the share number and preferably consumption before the end of', 'en:marakish road', 'en:kalam 12', 'en:p', 'en:o', 'en:box', 'en:135 agadir', 'en:14 soft drinks company for south llc', 'en:eternal', 'en:eternal retail', 'en:region', 'en:s', 'en:onssa nº', 'en:19‚7', 'en:13', 'en:islyd 0 company designated atlas llc', 'en:m', 'en:industrial district', 'en:algiers road', 'en:oujda', 'en:45‚01‚13', 'en:bga', 'en:aut', 'en:onssa n', 'en:7‚7', 'en:14', 'en:s lalyljliglyial moyofi', 'en:technopol mohammed v airport m', 'en:r nawaser aldar a food blame per 250 ml l', 'en:apma fatty acids sh ref 43 mg 24g 07', 'en:carbonated-water', 'en:water', 'en:e330', 'en:150dp muar container', 'en:u', 'en:see top delivered by gas beverage company wsbs-llc', 'en:sugar fat salt co']",[],[],en
8001665726580,Ricotta & Épinards,"Farce 58% (fromage ricotta 41% (sérum de lait, lait, sel), épinards 15%, sérum de lait en poudre, crème (contient du lait), fromage râpé, huile de tournesol, fromage mascarpone, chapelure (farine de blé tendre, eau, sel, levure), sel, arômes naturels, fibre de blé, ail) Pâte 42% (farine de blé tendre, œufs 30%, semoule de blé dur)","['en:filling', 'en:dough', 'en:ricotta', 'en:dairy', 'en:cheese', 'en:spinach', 'en:vegetable', 'en:leaf-vegetable', 'en:whey-powder', 'en:whey', 'en:cream', 'en:sunflower-oil', 'en:oil-and-fat', 'en:vegetable-oil-and-fat', 'en:vegetable-oil', 'en:mascarpone', 'en:breadcrumbs', 'en:coating', 'en:salt', 'en:natural-flavouring', 'en:flavouring', 'en:wheat-fiber', 'en:fiber', 'en:vegetable-fiber', 'en:garlic', 'en:root-vegetable', 'en:onion-family-vegetable', 'en:soft-wheat-flour', 'en:cereal', 'en:flour', 'en:wheat', 'en:cereal-flour', 'en:wheat-flour', 'en:egg', 'en:durum-wheat-semolina-pasta', 'en:pasta', 'en:milk', 'en:water', 'en:yeast']","['en:eggs', 'en:gluten', 'en:milk']",[],fr
3175681216273,Galettes boulghour parmesan & tomates confites,"Boulgour de blé complet* réhydraté 52,8%, eau, farine de blé* 9,4%, fromage parmesan* 6,4%, flocons d'avoine complète* 3,9%, flocons de blé complet* 3,9%, huile de tournesol oléique* 3,8%, tomates confites* 2,2% (tomates*, huile d'olive vierge extra*, vinaigre*), gluten de blé* 2,1%, basilic*, concentré de tomates* 1,3%, sel de mer, tomates séchées 0,3%, ail*, poivre*.","['en:whole-wheat-bulgur', 'en:cereal', 'en:wheat', 'en:durum-wheat', 'en:bulgur', 'en:water', 'en:wheat-flour', 'en:flour', 'en:cereal-flour', 'fr:fromage parmesan', 'en:whole-grain-oat-flakes', 'en:oat', 'en:oat-flakes', 'en:wholemeal-oat', 'en:whole-wheat-flakes', 'en:whole-wheat', 'en:wheat-flakes', 'en:high-oleic-sunflower-oil', 'en:oil-and-fat', 'en:vegetable-oil-and-fat', 'en:vegetable-oil', 'en:sunflower-oil', 'en:tomato', 'en:vegetable', 'en:fruit-vegetable', 'en:wheat-gluten', 'en:gluten', 'en:basil', 'en:herb', 'en:tomato-concentrate', 'en:concentrate', 'en:sea-salt', 'en:salt', 'en:garlic', 'en:root-vegetable', 'en:onion-family-vegetable', 'en:pepper', 'en:seed', 'en:extra-virgin-olive-oil', 'en:olive-oil', 'en:virgin-olive-oil', 'en:vinegar']","['en:gluten', 'en:milk', 'fr:Avoine']","['en:celery', 'en:eggs', 'en:nuts', 'en:sesame-seeds', 'en:soybeans']",fr
3073781131963,Kiri® Crème 24 portions,"LAIT pasteurisé 53 %,CRÈME pasteurisée 32 %, eau, concentrés de minéraux du LAIT, protéines de LAIT, ferments lactiques (LAIT), sel.","['en:milk', 'en:dairy', 'en:cream', 'en:water', 'en:milk-mineral-concentrate', 'en:milk-minerals', 'en:milk-proteins', 'en:protein', 'en:animal-protein', 'en:lactic-ferments', 'en:ferment', 'en:microbial-culture', 'en:salt']",['en:milk'],[],fr
6111021090100,Double concentre de tomate,"tomates (99%), sel.","['en:tomato', 'en:vegetable', 'en:fruit-vegetable', 'en:salt']",[],[],fr
3154230802259,HERTA Lardons nature conservation sans nitrite - 2x75g,"Poitrine de porc, sel, conservateurs : lactate de potassium, acétate de potassium ; arôme naturel (présence naturelle de polyphénols), antioxydant : acide ascorbique.","['en:pork-breast', 'en:animal', 'en:meat', 'en:pork', 'en:pork-meat', 'en:breast', 'en:salt', 'en:e326', 'en:e261', 'en:natural-flavouring', 'en:flavouring', 'en:e300']",[],[],fr
3240931547213,Gnocchi aux pommes de terre,"Purée 65.5% (eau, pommes de terre déshydratées, épice : curcuma), semoule de BLE, huile de colza et/ou tournesol, farine de BLE, sel.","['en:puree', 'en:wheat-semolina', 'en:cereal', 'en:wheat', 'en:semolina', 'en:oil', 'en:oil-and-fat', 'en:wheat-flour', 'en:flour', 'en:cereal-flour', 'en:salt', 'en:water', 'en:mashed-potato', 'en:vegetable', 'en:root-vegetable', 'en:starchy-root-vegetable', 'en:tuber', 'en:potato', 'en:spice', 'en:condiment', 'en:colza-oil', 'en:vegetable-oil-and-fat', 'en:rapeseed-oil', 'en:sunflower-oil', 'en:vegetable-oil', 'en:turmeric']",['en:gluten'],"['en:eggs', 'en:milk', 'en:mustard', 'en:soybeans']",fr
6191509900671,EXTRA VIRGIN OLIVE OIL,EXTRA VIRGIN OLIVE OIL,"['en:extra-virgin-olive-oil', 'en:oil-and-fat', 'en:vegetable-oil-and-fat', 'en:vegetable-oil', 'en:olive-oil', 'en:virgin-olive-oil']",[],[],en
7622210444127,Melloeux Fruit Rouges,"Céréales 44,1 % [farine de BLÉ 23,7 %, céréales complètes 17,8 % (sarrasin complet concassé 6,9 %, gruau d'AVOINE 6,9 %, flocons d'AVOINE 1 %, farine complète d'épeautre (BLÉ) 1 %, farine complète d'ORGE 1 %, farine complète de BLÉ 1 %), farine de riz 2,5 %, farine de BLÉ malté 0,1 %], sucre, huile de colza, amidon modifié, canneberges séchées confites 6 % (sucre, canneberges 2 %, huile de tournesol), fibres de racine de chicorée, isomaltulose, humectant (glycérol), raisins de Corinthe 2 %, minéraux (carbonate de calcium, carbonate de magnésium, fer élémentaire), émulsifiant (lécithines de SOJA), jus de groseille concentré 0,3 %, arômes, sel, poudre à lever (carbonates de sodium), gluten de BLÉ, dextrose, amidon.","['en:cereal', 'en:sugar', 'en:added-sugar', 'en:disaccharide', 'en:colza-oil', 'en:oil-and-fat', 'en:vegetable-oil-and-fat', 'en:rapeseed-oil', 'en:modified-starch', 'en:starch', 'en:cranberry', 'en:fruit', 'en:chicory-fibre', 'en:vegetable', 'en:fiber', 'en:shoot-vegetable', 'en:vegetable-fiber', 'en:chicory', 'en:isomaltulose', 'en:humectant', 'en:corinthian-raisins', 'en:berries', 'en:grape', 'en:minerals', 'en:emulsifier', 'en:redcurrant', 'en:flavouring', 'en:salt', 'en:raising-agent', 'en:wheat-gluten', 'en:gluten', 'en:dextrose', 'en:monosaccharide', 'en:glucose', 'en:wheat-flour', 'en:flour', 'en:wheat', 'en:cereal-flour', 'en:wholemeal-cereal', 'en:rice-flour', 'en:rice', 'en:malted-wheat-flour', 'en:sunflower-oil', 'en:vegetable-oil', 'en:e422', 'en:e170i', 'en:e170', 'en:e504i', 'en:e504', 'en:elemental-iron', 'en:iron', 'en:soya-lecithin', 'en:e322', 'en:e322i', 'en:e500', 'en:wholemeal-buckwheat', 'en:buckwheat', ""fr:gruau d'AVOINE"", 'en:oat-flakes', 'en:oat', 'en:wholemeal-spelt-flour', 'en:wholemeal-flour', 'en:spelt-flour', 'en:wholemeal-barley-flour', 'en:barley', 'en:barley-flour', 'en:whole-wheat-flour']","['en:gluten', 'en:milk', 'en:soybeans']",['en:milk'],fr
3560070308316,Biscottes Complètes bio,"Farine de _blé_ complet* 85%, huile végétale de tournesol*, sucre*, levure, sel, gluten de _blé_*, agent de traitement de la farine : acide ascorbique.
* Ingrédients issus de l'agriculture biologique.
Peut contenir des traces de fruits à coque, de lait, d'œufs et de graines de sésame.","['en:whole-wheat-flour', 'en:cereal', 'en:flour', 'en:wheat', 'en:cereal-flour', 'en:wholemeal-flour', 'en:wheat-flour', 'en:sunflower-oil', 'en:oil-and-fat', 'en:vegetable-oil-and-fat', 'en:vegetable-oil', 'en:sugar', 'en:added-sugar', 'en:disaccharide', 'en:yeast', 'en:salt', 'en:wheat-gluten', 'en:gluten', 'en:e300']",['en:gluten'],"['en:eggs', 'en:milk', 'en:nuts', 'en:sesame-seeds']",fr
3600900011037,Quinoa Gourmand,"Quinoa (51%), Boulgour (31,5%), semoule de blé dur (15%), concassé de blé toasté, épices.","['en:quinoa', 'en:plant', 'en:bulgur', 'en:cereal', 'en:wheat', 'en:durum-wheat', 'en:durum-wheat-semolina', 'en:semolina', 'en:spice', 'en:condiment']","['en:gluten', 'en:Boulgour']","['en:celery', 'en:eggs', 'en:lupin', 'en:milk', 'en:mustard', 'en:soybeans']",en
5410221305085,Schweppes Agrum',"carbonated water, sugar, orange extracts, acidifier: citric acid, preservative: e 202, sweeteners: acesulfame k and sucralose, modified starch, antioxidant: ascorbic acid, natural citrus flavors with other natural flavors, stabilizer e445, dye e142","['en:carbonated-water', 'en:water', 'en:sugar', 'en:added-sugar', 'en:disaccharide', 'en:orange-extract', 'en:fruit', 'en:citrus-fruit', 'en:extract', 'en:flavouring', 'en:fruit-extract', 'en:natural-flavouring', 'en:citrus-fruit-extract', 'en:natural-orange-flavouring', 'en:acid', 'en:preservative', 'en:sweetener', 'en:modified-starch', 'en:starch', 'en:antioxidant', 'en:natural citrus flavors with other natural flavors', 'en:stabiliser', 'en:dye e142', 'en:e330', 'en:e202', 'en:e950', 'en:e955', 'en:e300', 'en:e445']",[],[],en
3023290030547,Skyr framboise,"Lait pasteurisé à 2,2% de matières grasses (86%), framboises (6,4%), sucre de canne (5,1%), jus de citron concentré, amidon, ferments lactiques (lait)","['fr:Lait pasteurisé à 2', 'fr:2\xa0% de matières grasses', 'en:raspberry', 'en:fruit', 'en:berries', 'en:cane-sugar', 'en:added-sugar', 'en:disaccharide', 'en:sugar', 'en:concentrated-lemon-juice', 'en:juice', 'en:fruit-juice', 'en:lemon-juice', 'en:starch', 'en:lactic-ferments', 'en:ferment', 'en:microbial-culture']",['en:milk'],"['en:gluten', 'en:nuts', 'fr:Avoine']",fr
8008698011065,MAESTRO VITAL - Pain aux graines tranché,"maize starch, sourdough 20% (rice flour, water), water, rice flour, sunflower seeds 6.6%, flax seeds 6.6%, vegetable fiber (psyllium), quinoa flour 2.9%, apple extract, sorghum flour 2.6%, yeast, sunflower oil, thickener: hydroxypropyl methylcellulose, chestnut flour 1.0%, iodized salt (salt, potassium iodide), natural flavor","['en:corn-starch', 'en:starch', 'en:sourdough', 'en:dough', 'en:water', 'en:rice-flour', 'en:flour', 'en:rice', 'en:sunflower-seed', 'en:seed', 'en:flax-seed', 'en:flax', 'en:vegetable-fiber', 'en:fiber', 'en:quinoa-flour', 'en:plant', 'en:quinoa', 'en:apple-extract', 'en:extract', 'en:fruit-extract', 'en:sorghum-flour', 'en:cereal', 'en:cereal-flour', 'en:sorghum', 'en:yeast', 'en:sunflower-oil', 'en:oil-and-fat', 'en:vegetable-oil-and-fat', 'en:vegetable-oil', 'en:e464', 'en:chestnut-flour', 'en:iodised-salt', 'en:salt', 'en:natural-flavouring', 'en:flavouring', 'en:psyllium', 'en:potassium-iodide', 'en:minerals', 'en:iodine']",[],"['en:lupin', 'en:soybeans']",en
3608580823490,Myrtille Intense,"myrtilles, sucre, jus de citrons concentré, gélifiant : pectine de fruits","['en:blueberry', 'en:fruit', 'en:berries', 'en:sugar', 'en:added-sugar', 'en:disaccharide', 'en:concentrated-lemon-juice', 'en:juice', 'en:fruit-juice', 'en:lemon-juice', 'en:gelling-agent', 'en:fruit-pectin', 'en:e440a']",[],[],fr
6111184004716,Star moutarde,"water, mustard seeds, table vinegar, salt, soybean oil, stabilizers (e412, eă15), preservative e224 and antioxidant e330","['en:water', 'en:mustard-seed', 'en:condiment', 'en:mustard', 'en:spice', 'en:table-vinegar', 'en:vinegar', 'en:salt', 'en:soya-oil', 'en:oil-and-fat', 'en:vegetable-oil-and-fat', 'en:vegetable-oil', 'en:stabiliser', 'en:preservative', 'en:antioxidant', 'en:e412', 'en:eă15', 'en:e224', 'en:e330']","['en:mustard', 'en:soybeans']",['en:nuts'],en
6111246910023,Pain de mie complet,"Farine complete de blé, eau, levure, sucre, huile végétale (tournesol), sel, gluten de blé, conservateurs (E282, E200, E202), émulsifiants (E471, E472e, E481), agents de traitement de la farine (E341, E300), correcteur d'acidité (E270). Contient du gluten. Peut contenir des traces de sésame, d'avoine, de graines de tournesol, de pavot et de lait.","['en:whole-wheat-flour', 'en:cereal', 'en:flour', 'en:wheat', 'en:cereal-flour', 'en:wholemeal-flour', 'en:wheat-flour', 'en:water', 'en:yeast', 'en:sugar', 'en:added-sugar', 'en:disaccharide', 'en:vegetable-oil', 'en:oil-and-fat', 'en:vegetable-oil-and-fat', 'en:salt', 'en:wheat-gluten', 'en:gluten', 'en:preservative', 'en:emulsifier', 'en:flour-treatment-agent', 'en:acidity-regulator', 'en:oat', 'en:sunflower-seed', 'en:plant', 'en:seed', 'en:sunflower', 'en:poppy', 'en:milk', 'en:dairy', 'en:e282', 'en:e200', 'en:e202', 'en:e471', 'en:e472e', 'en:e481', 'en:e341', 'en:e300', 'en:e270']","['en:gluten', 'en:milk']","['en:gluten', 'en:milk', 'en:sesame-seeds', 'fr:graines de pavot', 'fr:graines de tournesol']",fr
6111249960964,Capri choco,"Sugar, Hydrogenated vegetable fats (Palm), Soft wheat flour, cocoa powder (10%), Hazelnut paste, Cocoa mass, Milk permeate powder, Dextrose, Raising powders: (Sodium bicarbonate, sodium acid pyrophosphate), Native corn starch, vegetable emulsifier (soya lecithin), Salt. Contains wheat (cereals containing gluten), soya, milk, and hazelnut. May contain: Eggs & Peanuts.","['en:sugar', 'en:added-sugar', 'en:disaccharide', 'en:hydrogenated-vegetable-fat', 'en:oil-and-fat', 'en:vegetable-oil-and-fat', 'en:fat', 'en:hydrogenated-fat', 'en:vegetable-fat', 'en:soft-wheat-flour', 'en:cereal', 'en:flour', 'en:wheat', 'en:cereal-flour', 'en:wheat-flour', 'en:cocoa-powder', 'en:plant', 'en:cocoa', 'en:hazelnut-paste', 'en:nut', 'en:tree-nut', 'en:hazelnut', 'en:cocoa-paste', 'en:whey-permeate-powder', 'en:dairy', 'en:whey', 'en:whey-permeate', 'en:dextrose', 'en:monosaccharide', 'en:glucose', 'en:yeast-powder', 'en:yeast', 'en:e450i', 'en:e450', 'en:native-corn-starch', 'en:starch', 'en:corn-starch', 'en:vegetable emulsifier', 'en:salt', 'en:soya', 'en:milk', 'en:palm', 'en:palm-oil-and-fat', 'en:palm-oil', 'en:e500ii', 'en:e500', 'en:soya-lecithin', 'en:e322', 'en:e322i', 'en:cereals-containing-gluten']","['en:gluten', 'en:milk', 'en:nuts', 'en:soybeans']",[],en
6111031005095,Tango,"Farine de Blé, Sucre, Huiles Végétales Non-Hydrogénées (Palme), Sirop de Glucose, Cacao Maigre en Poudre, Amidon de Maïs, Poudres à Lever (Bicarbonate de Sodium, Bicarbonate D'ammonium), Emulsifiant (Lécithine de Soja), Sel, Arôme Artificiel (Vanilline).","['en:wheat-flour', 'en:cereal', 'en:flour', 'en:wheat', 'en:cereal-flour', 'en:sugar', 'en:added-sugar', 'en:disaccharide', 'en:non-hydrogenated-vegetable-oils', 'en:oil-and-fat', 'en:vegetable-oil-and-fat', 'en:vegetable-oil', 'en:glucose-syrup', 'en:monosaccharide', 'en:glucose', 'en:fat-reduced-cocoa-powder', 'en:plant', 'en:cocoa', 'en:cocoa-powder', 'en:fat-reduced-cocoa', 'en:corn-starch', 'en:starch', 'en:raising-agent', 'en:emulsifier', 'en:salt', 'en:artificial-flavouring', 'en:flavouring', 'en:palm-oil', 'en:palm-oil-and-fat', 'en:e500ii', 'en:e500', 'en:e503ii', 'en:e503', 'en:soya-lecithin', 'en:e322', 'en:e322i', 'en:vanillin']","['en:gluten', 'en:soybeans']",[],fr
3760381260819,Mousline Nature,"pomme de terre 99%, curcuma, antioxydant: extraits de romarin, émulsifiant: mono - et diglycéride d'acides gras (origine végétale). Peut contenir : LAIT","['en:potato', 'en:vegetable', 'en:root-vegetable', 'en:tuber', 'en:turmeric', 'en:condiment', 'en:spice', 'en:antioxidant', 'en:emulsifier', 'en:e392', 'en:e471']",[],['en:milk'],fr
4056489682677,Pecan Nuts,Pecan nuts,"['en:pecan-nut', 'en:nut', 'en:tree-nut']",['en:nuts'],"['en:nuts', 'en:peanuts']",en
6111035503153,Vitalya,Eau,['en:water'],[],[],fr
8711200584383,Vinaigrette Légère Huile de Sésame & Sauce Soja Graines de Sésame Torréfiées 36 cl,"Huile de colza 35%, vinaigre de vin rouge, sauce soja 18% (eau, graines de SOJA, BLÉ, sel, vinaigre d'alcool, alcool, sucre), vinaigre de vin blanc, huile de SÉSAME 5,7%, sucre, eau, graines de SÉSAME torréfiées 2,4%, sel, épaississants : carraghénanes et gomme xanthane, épices. Peut contenir : moutarde.","['en:Huile de colza', 'en:vinaigre de vin rouge', 'en:sauce soja', 'en:vinaigre de vin blanc', 'en:huile de SÉSAME', 'en:sucre', 'en:eau', 'en:graines de SÉSAME torréfiées', 'en:sel', 'en:épaississants', 'en:épices', 'en:Peut contenir', 'en:graines de SOJA', 'en:BLÉ', ""en:vinaigre d'alcool"", 'en:alcool', 'en:carraghénanes et gomme xanthane', 'en:moutarde']","['en:gluten', 'en:sesame-seeds', 'en:soybeans']","['en:mustard', 'en:Moutarde']",en
3292070001576,Houmous sésame,"Pois chiches* (origine France) 50% - eau - huile de colza - pâte de graines de sésame 6% - oignons préfrits (oignons, huile de tournesol) - jus de citron concentré - sel - sucre conservateur (sorbate de potassium).

Traces éventuelles de : lait, soja, céréales contenant du gluten, crustacés, œufs, poissons, moutarde, mollusques.","['en:chickpea', 'en:vegetable', 'en:legume', 'en:pulse', 'en:water', 'en:colza-oil', 'en:oil-and-fat', 'en:vegetable-oil-and-fat', 'en:rapeseed-oil', 'en:sesame-paste', 'en:seed', 'en:sesame', 'en:pre-fried-onions', 'en:concentrated-lemon-juice', 'en:fruit', 'en:juice', 'en:fruit-juice', 'en:lemon-juice', 'en:salt', 'en:preservative', 'en:onion', 'en:root-vegetable', 'en:onion-family-vegetable', 'en:sunflower-oil', 'en:vegetable-oil', 'en:e202']",['en:sesame-seeds'],"['en:celery', 'en:crustaceans', 'en:eggs', 'en:fish', 'en:gluten', 'en:lupin', 'en:milk', 'en:molluscs', 'en:mustard', 'en:soybeans']",fr
3307130803004,Ratatouille à la provençale,"Légumes* en morceaux 87% (pulpe de tomates*, courgettes*, aubergines*, oignons*, poivrons* rouges, poivrons* verts), double concentré de tomates* , huile d'olive* vierge extra, sucre de canne*, huile de tournesol*, sel marin, plantes aromatiques*, purée d'ail*, jus concentré de citron*, poivre noir*.
*Produits issus de l'agriculture biologique.","['en:vegetable', 'en:double-concentrated-tomato', 'en:fruit-vegetable', 'en:concentrate', 'en:tomato', 'en:tomato-concentrate', 'en:extra-virgin-olive-oil', 'en:oil-and-fat', 'en:vegetable-oil-and-fat', 'en:vegetable-oil', 'en:olive-oil', 'en:virgin-olive-oil', 'en:cane-sugar', 'en:added-sugar', 'en:disaccharide', 'en:sugar', 'en:sunflower-oil', 'en:sea-salt', 'en:salt', 'en:herb', 'en:garlic-puree', 'en:root-vegetable', 'en:onion-family-vegetable', 'en:garlic', 'en:concentrated-lemon-juice', 'en:fruit', 'en:juice', 'en:fruit-juice', 'en:lemon-juice', 'en:black-pepper', 'en:seed', 'en:pepper', 'en:tomato-pulp', 'en:chopped-tomato', 'en:courgette', 'en:aubergine', 'en:onion', 'en:red-bell-pepper', 'en:capsicum-annuum', 'en:bell-pepper', 'en:green-bell-pepper']",['en:none'],['en:celery'],fr
3019081241193,Filets maquereaux moutarde à l'ancienne,"Filet de Maquereaux (56%) , eau, moutarde (9%), ( eau , graines de moutarde, vinaigre d’alcool, sel ) huile de tournesol , vinaigre d’alcool , moutarde à l’ancienne(2,2%) (eau , graines de moutarde, vinaigre d’alcool, sel ) vinaigre de cidre , amidon transformé de maïs, sel , épices, échalotes déshydratées, épaississants , gomme xanthane et gomme guar.

Traces éventuelles de céleri, oeufs, lait.","['en:mackerel-fillet', 'en:fish', 'en:mackerel', 'en:water', 'en:mustard', 'en:sunflower-oil', 'en:oil-and-fat', 'en:vegetable-oil-and-fat', 'en:vegetable-oil', 'en:alcohol-vinegar', 'en:vinegar', 'fr:moutarde-a-l-ancienne', 'en:cider-vinegar', 'en:modified-corn-starch', 'en:starch', 'en:corn-starch', 'en:modified-starch', 'en:salt', 'en:spice', 'en:condiment', 'en:shallot', 'en:vegetable', 'en:root-vegetable', 'en:onion-family-vegetable', 'en:thickener', 'en:xanthan-gum-and-guar-gum', 'en:e412', 'en:e415', 'en:mustard-seed']","['en:fish', 'en:mustard']","['en:celery', 'en:eggs', 'en:milk']",fr
6111242104617,crème cuisson,"Crème Légère de Lait de vache, épaississant: amidon, Emulsifiant: ester diacétyl-tartrique de mono-diglycérides, stabilisant: caroubes","['fr:creme-legere-de-lait-de-vache', 'en:thickener', 'en:emulsifier', 'en:stabiliser', 'en:starch', 'fr:ester-diacetyl-tartrique-de-monodiglycerides', 'en:carob-bean', 'en:vegetable', 'en:legume', 'en:pulse']",[],[],fr
6111024001288,Oleor,,,[],[],ar
3154230812616,HERTA Trésor de Grand Mère pâte feuilletée pur beurre 280g,"Farine de BLÉ, Eau, BEURRE pâtissier 20%, Alcool, Sel, Jus de citron concentré, Levure désactivée. Peut contenir : SOJA, MOUTARDE.","['en:wheat-flour', 'en:cereal', 'en:flour', 'en:wheat', 'en:cereal-flour', 'en:water', 'en:butterfat', 'en:oil-and-fat', 'en:dairy', 'en:fat', 'en:milkfat', 'en:alcohol', 'en:salt', 'en:concentrated-lemon-juice', 'en:fruit', 'en:juice', 'en:fruit-juice', 'en:lemon-juice', 'en:deactivated-yeast', 'en:yeast']","['en:gluten', 'en:milk']","['en:mustard', 'en:soybeans']",fr
4008400260921,Kinder Country,"Chocolat supérieur au LAIT 33,5% (sucre, beurre de cacao, LAIT en poudre, pâte de cacao, émulsifiants : lécithines [SOJA] ; vanilline), sucre, LAIT écrémé en poudre 18%, huile de palme, BEURRE concentré, ORGE, riz, FROMENT, BLE (EPEAUTRE), sarrasin, émulsifiants (lécithines [SOJA]), vanilline. Sur le total : produits laitiers 31%, céréales 7,5%. Le chocolat utilisé est un chocolat pur beurre de cacao.","['de:feine-milchschokolade', 'en:chocolate', 'en:milk-chocolate', 'en:sugar', 'en:added-sugar', 'en:disaccharide', 'en:skimmed-milk-powder', 'en:dairy', 'en:milk-powder', 'en:palm-oil', 'en:oil-and-fat', 'en:vegetable-oil-and-fat', 'en:palm-oil-and-fat', 'en:butterfat', 'en:fat', 'en:milkfat', 'en:barley', 'en:cereal', 'en:rice', 'en:wheat', 'en:buckwheat', 'en:e322', 'en:vanillin', 'fr:Sur le total', 'fr:Le chocolat utilisé est un chocolat pur beurre de cacao', 'en:cocoa-butter', 'en:plant', 'en:vegetable-fat', 'en:cocoa', 'en:cocoa-paste', 'en:spelt', 'en:soya-lecithin', 'en:e322i']","['en:gluten', 'en:milk', 'en:soybeans']",[],fr
3392460511200,"LU - Grany Chocolate 5 Cereals Bar x6, 125g (4.5oz)","Céréales 36 % (maïs 12 %, farine de riz 8,8 %, flocons d'avoine 6,4 %, farine de blé 5,3 %, flocons de seigle malté 2,9 %, farine de blé malté 0,6 %), sirop de glucose, chocolat 13 % (sucre, pâte de cacao, beurre de cacao, émulsifiant (lécithines de soja), arôme), stabilisant (sorbitols), huiles végétales (colza, palme), pâte de cacao, sucre, sel, gluten de blé, dextrose, émulsifiant (lécithines de tournesol), extrait de malt d'orge, arôme (contient noisettes).","['en:cereal', 'en:glucose-syrup', 'en:added-sugar', 'en:monosaccharide', 'en:glucose', 'en:chocolate', 'en:e420', 'en:vegetable-oil', 'en:oil-and-fat', 'en:vegetable-oil-and-fat', 'en:cocoa-paste', 'en:plant', 'en:cocoa', 'en:sugar', 'en:disaccharide', 'en:salt', 'en:wheat-gluten', 'en:gluten', 'en:dextrose', 'en:sunflower-lecithin', 'en:e322', 'en:e322i', 'en:barley-malt-extract', 'en:malt', 'en:malted-barley', 'en:flavouring', 'en:corn', 'en:rice-flour', 'en:flour', 'en:rice', 'en:oat-flakes', 'en:oat', 'en:wheat-flour', 'en:wheat', 'en:cereal-flour', 'en:malted-rye-flakes', 'en:rye', 'en:rye-flakes', 'en:malted-wheat-flour', 'en:cocoa-butter', 'en:vegetable-fat', 'en:soya-lecithin', 'en:colza-oil', 'en:rapeseed-oil', 'en:palm-oil', 'en:palm-oil-and-fat']","['en:gluten', 'en:nuts', 'en:soybeans']","['en:milk', 'en:nuts']",fr
3760091726650,Haïti Grand cru Cap haïtien 72% cacaoté et fruité,"Pâte de cacao°* d'Haïti 66%, sucre de canneº*, beurre de cacao°*. Cacao: 72% minimum dans le chocolat","['en:cocoa-paste', 'en:plant', 'en:cocoa', 'en:cane-sugar', 'en:added-sugar', 'en:disaccharide', 'en:sugar', 'en:cocoa-butter', 'en:oil-and-fat', 'en:vegetable-oil-and-fat', 'en:vegetable-fat']",[],"['en:gluten', 'en:milk', 'en:nuts', 'en:sesame-seeds']",fr
3095758049019,Le Torchon - Cuit à l'Etouffée  - 25% de sel*,"Jambon de porc, bouillons 1.8% (eau, échalote, carotte, _céleri_, oignon, poireau, ail, plantes aromatiques, épices, sel), sel, dextrose de maïs, épices, antioxydant : ascorbate de sodium, conservateur : nitrite de sodium.","['en:ham', 'en:animal', 'en:meat', 'en:pork', 'en:pork-meat', 'en:broth', 'en:salt', 'en:corn-dextrose', 'en:added-sugar', 'en:monosaccharide', 'en:glucose', 'en:dextrose', 'en:spice', 'en:condiment', 'en:antioxidant', 'en:preservative', 'en:water', 'en:shallot', 'en:vegetable', 'en:root-vegetable', 'en:onion-family-vegetable', 'en:carrot', 'en:taproot-vegetable', 'en:celery', 'en:stalk-vegetable', 'en:onion', 'en:leek', 'en:garlic', 'en:herb', 'en:e301', 'en:e250']",['en:celery'],[],fr
6191509900855,Organic Extra Virgin Olive Oil,"extra virgin olive oil (organic of higher grade obtained directly from olives and only by mechanical processes),","['en:extra-virgin-olive-oil', 'en:oil-and-fat', 'en:vegetable-oil-and-fat', 'en:vegetable-oil', 'en:olive-oil', 'en:virgin-olive-oil', 'en:of higher grade obtained directly from olives and only by mechanical processes']",[],[],en
8721800402055,Leerdammer original 8 tranches 200g,"LAIT pasteurisé, sel, ferments LACTIQUES, enzyme coagulante microbienne","['en:milk', 'en:dairy', 'en:salt', 'en:lactic-ferments', 'en:ferment', 'en:microbial-culture', 'en:microbial-coagulating-enzyme', 'en:enzyme', 'en:coagulating-enzyme']",['en:milk'],[],fr
6221007032540,Cerelac,"المكولات : دقيق القمح، حليب خالي من الدسم، سكر، زيوت نباتية زيت بذور اللفت منخفض الإبروسيك زيت عباد الشمس، سكر مكرمل كاريونات الكالسيوم، مثبت : فوسفات ثنائي الصوديوم؛ فيتامينات C، نياسين، ب6، تيامين، حمض البانتوتنيك، A، ريبوفلافين، حمض الفوليك، K، D، بيوتين، ب12، فومارات الحديد، فانيلين، املاح معدنية كبريتات الزنك، يوديد البوتاسيوم، مستنبت البيفيدوس۔
 يحتوي على الفلوتين و الحليب.","['fr:المكولات', 'fr:حليب خالي من الدسم', 'fr:سكر', 'fr:زيوت نباتية زيت بذور اللفت منخفض الإبروسيك زيت عباد الشمس', 'fr:سكر مكرمل كاريونات الكالسيوم', 'fr:مثبت', 'fr:نياسين', 'fr:ب6', 'fr:تيامين', 'fr:حمض البانتوتنيك', 'fr:A', 'fr:ريبوفلافين', 'fr:حمض الفوليك', 'fr:K', 'fr:D', 'fr:بيوتين', 'fr:ب12', 'fr:فومارات الحديد', 'fr:فانيلين', 'fr:املاح معدنية كبريتات الزنك', 'fr:يوديد البوتاسيوم', 'fr:مستنبت البيفيدوس۔ يحتوي على الفلوتين و الحليب', 'fr:دقيق القمح', 'fr:فوسفات ثنائي الصوديوم؛ فيتامينات C']",[],[],fr
6111032002963,asiri fraise,"حليب کامل دسم، حليب بدون قشدة، سگر، مستحضرات الفواکه، مخثرات نشويات(، منظم الحموضة )حمض الستريك(، نكهة، خمائر حليبية,  ليوغورته ملون طبيعي أحمركارمين.","['ar:حليب کامل دسم', 'ar:حليب بدون قشدة', 'ar:سگر', 'ar:مستحضرات الفواکه', 'ar:مخثرات نشويات', 'ar:حمض الستريك', 'ar:نكهة', 'ar:خمائر حليبية', 'ar:ليوغورته ملون طبيعي أحمركارمين', 'ar:منظم الحموضة']",[],[],fr
3428273980046,Lait 100 % français Matin Léger® Demi-Écrémé,"milk at 1,2% m,g, sterilized uht lactose-free (,lt,0,19/100 ml) and fortified with vitamin d, ingredian ts:milk 1,2% fat (origin france), lactase, vitamin d, lalouroti nutri nnlla","['en:milk at 1.2% m', 'en:g', 'en:sterilized uht lactose-free', 'en:vitamin-d', 'en:vitamins', 'en:ingredian ts', 'en:lactase', 'en:enzyme', 'en:lalouroti nutri nnlla', 'en:lt', 'en:0‚19', 'en:milk 1.2% fat']",['en:milk'],[],en
3229820791074,Biscuits fourrés aux framboises,"Farine semi-complète de blé 42%, sucre de canne non raffiné, graisse végétale (huile de tournesol, beurre de cacao), sirop de sucre inverti, sirop de blé, miel, œufs entiers en poudre, concentré de framboise 0,8% (équivalent à 7% de framboise), acidifiant : acide citrique, sel de mer, poudres à lever : carbonates de sodium, carbonates d'ammonium, jus de citron, émulsifiant : lécithines.","['en:semi-wholemeal-wheat-flour', 'en:cereal', 'en:flour', 'en:wheat', 'en:cereal-flour', 'en:wheat-flour', 'en:semi-wholemeal-flour', 'en:unrefined-cane-sugar', 'en:added-sugar', 'en:disaccharide', 'en:sugar', 'en:cane-sugar', 'en:unrefined-sugar', 'en:vegetable-fat', 'en:oil-and-fat', 'en:vegetable-oil-and-fat', 'en:invert-sugar-syrup', 'en:monosaccharide', 'en:syrup', 'en:invert-sugar', 'en:sugar-syrup', 'en:wheat-syrup', 'en:honey', 'en:whole-egg', 'en:egg', 'en:raspberry', 'en:fruit', 'en:berries', 'en:e330', 'en:sea-salt', 'en:salt', 'en:e500', 'en:e503', 'en:lemon-juice', 'en:juice', 'en:fruit-juice', 'en:e322', 'en:sunflower-oil', 'en:vegetable-oil', 'en:cocoa-butter', 'en:plant', 'en:cocoa']","['en:eggs', 'en:gluten']","['en:milk', 'en:nuts']",fr
8710482532303,Trigo Espelta Crackers,"85% espelta (_trigo_) (58% harina integral, harina, copos, melaza), linaza, aceite vegetal (nabina), fibras vegetales, 4,5% pipas de girasol, 2,5% pipas de calabaza, sal, levadura.","['en:spelt', 'en:cereal', 'en:flax-seed', 'en:seed', 'en:flax', 'en:vegetable-oil', 'en:oil-and-fat', 'en:vegetable-oil-and-fat', 'en:fiber', 'en:sunflower-seed', 'en:pumpkin-seed', 'en:salt', 'en:yeast', 'en:wheat', 'en:wholemeal-flour', 'en:flour', 'en:cereal-flour', 'es:copos', 'en:molasses', 'en:added-sugar', 'en:disaccharide', 'en:sugar', 'en:rapeseed-oil']",['en:gluten'],"['en:gluten', 'en:sesame-seeds']",es
7622210713803,Petit Déjeuner Chocolat,"Céréales 56,8 % [céréales complètes 39,8 % (farine complète de BLÉ 20,1 %, flocons d'AVOINE 8,8 %, farine complète d'ORGE 6,4 %, farine complète de SEIGLE 3,5 %, farine complète d'épeautre (BLÉ 1 %), farine de BLÉ 17 %), sucre, pépites de chocolat 12 % [sucre, pâte de cacao, graisses végétales (palme, karité en proportions variables), dextrose, beurre de cacao, émulsifiant (lécithines de SOJA)], huile de colza, cacao maigre en poudre 3 %, amidon de BLÉ, poudres à lever (carbonates d'ammonium, diphosphates, carbonates de sodium), minéraux (carbonate de calcium, carbonate de magnésium, fer élémentaire), émulsifiants (lécithines de SOJA, E492, E472e), sel, arôme, LAIT écrémé en poudre.","['en:cereal', 'en:colza-oil', 'en:oil-and-fat', 'en:vegetable-oil-and-fat', 'en:rapeseed-oil', 'en:fat-reduced-cocoa-powder', 'en:plant', 'en:cocoa', 'en:cocoa-powder', 'en:fat-reduced-cocoa', 'en:wheat-starch', 'en:starch', 'en:e503', 'en:e450', 'en:e500', 'en:minerals', 'en:soya-lecithin', 'en:e322', 'en:e322i', 'en:e492', 'en:e472e', 'en:salt', 'en:flavouring', 'en:skimmed-milk-powder', 'en:dairy', 'en:milk-powder', 'en:wholemeal-cereal', 'en:sugar', 'en:added-sugar', 'en:disaccharide', 'en:chocolate-chunk', 'en:chocolate', 'en:cocoa-paste', 'en:vegetable-fat', 'en:dextrose', 'en:monosaccharide', 'en:glucose', 'en:cocoa-butter', 'en:e170i', 'en:e170', 'en:e504i', 'en:e504', 'en:elemental-iron', 'en:iron', 'en:whole-wheat-flour', 'en:flour', 'en:wheat', 'en:cereal-flour', 'en:wholemeal-flour', 'en:wheat-flour', 'en:oat-flakes', 'en:oat', 'en:wholemeal-barley-flour', 'en:barley', 'en:barley-flour', 'en:wholemeal-rye-flour', 'en:rye-flour', 'en:wholemeal-spelt-flour', 'en:spelt-flour', 'en:palm-oil', 'en:palm-oil-and-fat', 'en:shea-butter']","['en:gluten', 'en:milk', 'en:soybeans', 'fr:Avoine']","['en:nuts', 'en:sesame-seeds']",fr
8410076481597,Tortilla Nachos Original,"whole corn kernels, high oleic sunflower oil, salt.","['en:corn-kernel', 'en:cereal', 'en:corn', 'en:high-oleic-sunflower-oil', 'en:oil-and-fat', 'en:vegetable-oil-and-fat', 'en:vegetable-oil', 'en:sunflower-oil', 'en:salt']",[],"['en:celery', 'en:milk', 'en:mustard', 'en:sesame-seeds', 'en:soybeans']",en
8480000609632,Queso fresco cottage,"Leche de vaca desnatada pasteurizada, 
nata, 
sal, 
conservador (E202), 
fermentos lácticos, 
cuajo microbiano.","['en:cow-s-milk', 'en:dairy', 'en:milk', 'en:cream', 'en:salt', 'en:preservative', 'en:lactic-ferments', 'en:ferment', 'en:microbial-culture', 'en:microbial-rennet', 'en:enzyme', 'en:coagulating-enzyme', 'en:rennet', 'en:vegetarian-rennet', 'en:e202']",['en:milk'],['en:none'],es
6111099000605,Lio produit,"زيوت نباتية (صويا), فيتامين A, فيتامين D3","['ar:زيوت نباتية', 'ar:vitamins', 'en:vitamin-a', 'en:vitamins', 'ar:فيتامين D3', 'ar:صويا']",[],[],fr
4056489141877,Huile d'olive vierge extra,Huile d'olive vierge extra d'Espagne.,"['en:extra-virgin-olive-oil', 'en:oil-and-fat', 'en:vegetable-oil-and-fat', 'en:vegetable-oil', 'en:olive-oil', 'en:virgin-olive-oil']",[],[],fr
3155250349793,La crème des chefs ferme et onctueuse gastronomique,"Crème (lait)(91%), Sucre (8,5%), émulsifiant E471 (origine végétale), stabilisant E407, arôme vanille, gaz propulseurs E942, E941","['en:cream', 'en:dairy', 'en:sugar', 'en:added-sugar', 'en:disaccharide', 'en:emulsifier', 'en:e407', 'en:vanilla-flavouring', 'en:flavouring', 'en:e942', 'en:e931', 'en:e471']",['en:milk'],[],fr
7622300694678,Cracotte fibres,"Farine (BLÉ complet 41,9 %, riz 16,9 %, SEIGLE complet 16,2%, SEIGLE 13,5 %, BLÉ malté 2,5 %, AVOINE 2,2 %), son de BLÉ, sucre, lactosérum en poudre (de LAIT), huile de palme, sel, germes de BLÉ.","['en:flour', 'en:wheat-bran', 'en:cereal', 'en:wheat', 'en:sugar', 'en:added-sugar', 'en:disaccharide', 'en:whey-powder', 'en:dairy', 'en:whey', 'en:palm-oil', 'en:oil-and-fat', 'en:vegetable-oil-and-fat', 'en:palm-oil-and-fat', 'en:salt', 'en:wheat-germ', 'en:whole-wheat-flour', 'en:cereal-flour', 'en:wholemeal-flour', 'en:wheat-flour', 'en:rice-flour', 'en:rice', 'en:wholemeal-rye-flour', 'en:rye-flour', 'en:malted-wheat-flour', 'en:oat-flour', 'en:oat']","['en:gluten', 'en:milk']",[],fr
0037600106412,Beurre de Cacahuètes Extra-Crunchy,"CACAHUÈTES (ARACHIDES) GRILLÉES AR (91%), SUCRE, HUILE DE COLZA, HUILE DE COTON, SEL.","['en:peanut', 'en:nut', 'fr:GRILLÉES AR', 'en:sugar', 'en:added-sugar', 'en:disaccharide', 'en:colza-oil', 'en:oil-and-fat', 'en:vegetable-oil-and-fat', 'en:rapeseed-oil', 'en:cottonseed-oil', 'en:vegetable-oil', 'en:salt']",['en:peanuts'],[],fr
8005110517006,Mutti Pastasaus met basilicum,"Gehackte Tomaten 60 %, passierte Tomaten 21%, Tomatenmark 10,2%, Olivenöl, Zwiebeln, Basilikum 1,5%, Karotten, natürliche Aromen, Salz","['en:chopped-tomato', 'en:vegetable', 'en:fruit-vegetable', 'en:tomato', 'en:sifted-tomato', 'en:tomato-puree', 'en:olive-oil', 'en:oil-and-fat', 'en:vegetable-oil-and-fat', 'en:vegetable-oil', 'en:onion', 'en:root-vegetable', 'en:onion-family-vegetable', 'en:basil', 'en:herb', 'en:carrot', 'en:taproot-vegetable', 'en:natural-flavouring', 'en:flavouring', 'en:salt']",['en:celery'],[],nl
3174061039105,Confiture de fraises allégée en sucres,"Fraises🍓70%, sucre, jus de citron🍋concentré, gélifiant : pectine de fruits
Préparée avec 70 g de fruits pour 100 g.","['fr:Fraises🍓', 'en:sugar', 'en:added-sugar', 'en:disaccharide', 'fr:jus de citron🍋concentré', 'en:gelling-agent', 'fr:pectine de fruits Préparée avec 70 g de fruits pour']",[],[],en
6111266962774,Leben,"Lait frais partiellement écrémé, ferments lactiques sélectionnés dont Bifidobacterium.","['en:milk', 'en:dairy', 'fr:ferments lactiques sélectionnés dont Bifidobacterium']",['en:milk'],[],fr
3159470005071,Céréales Extra Pépites Chocolat Noisettes,"Avoine complète (49%), sucre, huile de palme certifié durable, morceaux de chocolat (9%) (sucre, pâte de cacao, beurre de cacao, graisses végétales (palme certifié durable, karité, sal, mangue} en proportions variables, matière grasse du lait, émulsifiant {lecithine de soja}), farine de blé, noisettes (3%), sel, mélasse, noix de coco séchée, extrait de malt d'orge.","['en:wholemeal-oat', 'en:cereal', 'en:oat', 'en:sugar', 'en:added-sugar', 'en:disaccharide', 'en:palm-oil', 'en:oil-and-fat', 'en:vegetable-oil-and-fat', 'en:palm-oil-and-fat', 'en:chocolate-chunk', 'en:chocolate', 'en:cocoa-paste', 'en:plant', 'en:cocoa', 'en:cocoa-butter', 'en:vegetable-fat', 'en:wheat-flour', 'en:flour', 'en:wheat', 'en:cereal-flour', 'en:hazelnut', 'en:nut', 'en:tree-nut', 'en:salt', 'en:molasses', 'en:desiccated-coconut', 'en:fruit', 'en:coconut', 'en:barley-malt-extract', 'en:malt', 'en:malted-barley', 'fr:palme certifié durable', 'en:shea-butter', 'en:shorea-robusta-seed-oil', 'en:vegetable-oil', 'en:mango-kernel-oil', 'en:milkfat', 'en:fat', 'en:dairy', 'en:soya-lecithin', 'en:e322', 'en:e322i']","['en:gluten', 'en:milk', 'en:nuts', 'en:soybeans']","['en:nuts', 'en:en-nuts-en-en-en-en-en-en-en-en-gluten-en-milk-en-nuts-en-soybeans', 'fr:Autres céréales']",fr
8076809529419,Pâtes spaghetti au blé complet integral 500g,Semoule complète de BLÉ dur. Peut contenir des traces de SOJA et de MOUTARDE.,"['en:whole-durum-wheat-semolina', 'en:cereal', 'en:wheat', 'en:durum-wheat', 'en:semolina', 'en:durum-wheat-semolina']",['en:gluten'],"['en:mustard', 'en:soybeans']",fr
4056489424918,Beurre de cacahuètes crunchy,"ES Crema de cacahuete con trozos. Ingredientes: 95% cacahuetes tostados, 1,7% aceite de cacahuete, aceite de palma sostenible certificado, azúcar de caña, sal. Consumir preferentemente antes del: ver impresión. Conservar en un lugar seco y protegido del calor, incluso una vez abierto. PT Manteiga de amendoim com pedaços. Ingredientes: 95 % amendoim, 17% óleo de amendoim, gordura de palma sustentável certificada, açúcar de cana, sal Consumir de preferência antes de: ver tampa. Conservar em local seco e fresco, mesmo depois de a","['fr:ES Crema de cacahuete con trozos', 'fr:Ingredientes', 'fr:aceite de cacahuete', 'fr:aceite de palma sostenible certificado', 'fr:azúcar de caña', 'fr:sal', 'fr:Consumir preferentemente antes del', 'fr:incluso una vez abierto', 'fr:PT Manteiga de amendoim com pedaços', 'fr:óleo de amendoim', 'fr:gordura de palma sustentável certificada', 'fr:açúcar de cana', 'fr:sal Consumir de preferência antes de', 'fr:mesmo depois de a', 'fr:cacahuetes tostados', 'fr:ver impresión', 'fr:Conservar en un lugar seco y protegido del calor', 'fr:amendoim', 'fr:ver tampa', 'fr:Conservar em local seco e fresco']",['en:peanuts'],['en:soybeans'],fr
6111018903185,Nescafe classic,100% coffee,['en:coffee'],[],[],en
6111035002359,Sidi Ali Kids,,,[],[],fr
6111024001530,Huile Lesieur 3 Graines,"Huiles végétales (Soja, Tournesol. Colza), Arôme naturel. Vitamine A. Vitamine D3. Provitamine A.","['en:vegetable-oil', 'en:oil-and-fat', 'en:vegetable-oil-and-fat', 'en:natural-flavouring', 'en:flavouring', 'en:vitamin-a', 'en:vitamins', 'en:cholecalciferol', 'en:vitamin-d', 'en:provitamin-a', 'en:e160a', 'en:e160ai', 'en:soya-oil', 'en:sunflower-oil', 'en:colza-oil', 'en:rapeseed-oil']",['en:soybeans'],['en:nuts'],fr
3256228686558,Céréales Muesli croustillant au chocolat noir 500G,"Flocons d'AVOINE complete* 28%, flocons de BLE complet* 28%, sucre de canne*, farine de BLE* 13%, farine de riz*, huile de tournesol* (huile de tournesol*, antioxydant : extrait riche en tocopherols), chocolat noir* 5% (pate de cacao*, sucre de canne*, beurre de cacao*), cacao en poudre* 1.6%, miel*, extrait de MALT D'ORGE*, sel. *ingredient issu de l'agriculture biologique traces eventuelles de soja, lait et fruits a coque. origines: avoine et ble france. cacao non ue.","['en:whole-grain-oat-flakes', 'en:cereal', 'en:oat', 'en:oat-flakes', 'en:wholemeal-oat', 'en:whole-wheat-flakes', 'en:wheat', 'en:whole-wheat', 'en:wheat-flakes', 'en:cane-sugar', 'en:added-sugar', 'en:disaccharide', 'en:sugar', 'en:wheat-flour', 'en:flour', 'en:cereal-flour', 'en:rice-flour', 'en:rice', 'en:sunflower-oil', 'en:oil-and-fat', 'en:vegetable-oil-and-fat', 'en:vegetable-oil', 'en:dark-chocolate', 'en:chocolate', 'en:cocoa-powder', 'en:plant', 'en:cocoa', 'en:honey', 'en:barley-malt-extract', 'en:malt', 'en:malted-barley', 'en:salt', 'fr:origines', 'en:e306', 'en:cocoa-paste', 'en:cocoa-butter', 'en:vegetable-fat', 'fr:cacao non ue']",['en:gluten'],"['en:milk', 'en:nuts', 'en:soybeans']",fr
8480000057105,Pechuga de Pavo Cocida 92%,"Pechuga de pavo (92%), agua, cloruro sódico, jarabe de glucosa, estabilizantes (E-451i, E-407), aroma, cloruro potásico, antioxidante (ascorbato sódico), conservador (nitrito sódico).","['en:turkey-breast', 'en:poultry', 'en:turkey', 'en:turkey-meat', 'en:water', 'en:sodium-chloride', 'en:minerals', 'en:sodium', 'en:glucose-syrup', 'en:added-sugar', 'en:monosaccharide', 'en:glucose', 'en:stabiliser', 'en:flavouring', 'en:e508', 'en:antioxidant', 'en:preservative', 'en:e451i', 'en:e451', 'en:e407', 'en:e301', 'en:e250']",[],[],es
